16,0,1,5,1,1,2,1,0,0,5,2,3,4,4,2,5,1,0,1,3,4,13,0,3,1,2,0,0,1,4,2,1,14,1,1,2,0,2,0,1,4,2,2,4,6,1,3,2,2,1,1,3,0,2,14,0,2,1,3,0,2,1,2,3,2,10,2,0,5,0,1,2,3,2,2,6,4,2,5,0,0,1,1,2,7,1,2,12,1,1,2,1,1,2,1,2,3,3,11
0,8,1,9,3,1,4,1,0,0,0,12,0,4,4,1,3,1,1,1,0,6,2,2,5,4,0,1,5,2,4,6,2,2,5,2,5,0,0,1,1,1,3,1,4,1,2,3,4,7,0,4,5,0,2,5,1,3,4,3,1,1,1,3,3,1,6,1,3,7,0,0,2,5,1,5,2,3,6,3,1,1,2,0,1,6,0,4,4,8,1,1,3,1,2,2,5,2,5,5
188,9,4,27,5,5,10,2,0,0,25,80,28,37,23,18,36,0,0,3,6,41,133,5,29,14,9,4,7,2,34,20,2,147,24,3,19,0,1,0,3,37,24,6,53,56,4,30,19,18,0,15,37,0,4,145,0,12,17,20,1,12,1,22,33,5,112,13,3,48,0,0,4,19,20,29,48,60,18,52,0,0,5,2,22,73,2,20,106,20,0,2,9,4,11,1,23,29,29,142
17,78,19,105,10,3,13,4,0,1,21,75,23,40,35,17,29,4,0,6,3,79,47,10,35,43,8,5,14,6,39,77,10,40,27,6,46,1,2,2,7,26,28,12,34,36,19,22,38,28,5,19,58,0,22,63,0,38,27,18,1,17,16,46,33,5,37,37,9,49,0,4,2,20,32,33,31,52,40,36,0,4,15,9,30,64,2,31,43,52,2,3,6,10,15,7,43,54,69,41
212,6,1,25,2,2,1,1,0,0,17,110,26,33,27,11,26,0,0,0,0,38,157,1,31,9,6,2,5,1,24,15,1,180,17,0,13,0,0,0,0,42,26,1,53,54,5,35,15,19,0,8,27,0,1,185,0,5,15,9,0,3,3,39,23,4,111,15,2,50,0,0,0,11,20,31,48,80,14,46,0,0,1,2,20,71,1,18,114,23,1,1,3,1,11,0,19,34,23,157
17,67,8,139,3,1,13,2,0,0,27,65,28,39,44,18,28,0,0,1,4,94,47,5,33,40,6,10,7,4,42,85,3,37,28,1,51,0,3,0,7,26,26,7,42,36,17,35,34,20,0,13,63,0,24,45,0,44,40,21,0,26,7,34,41,6,39,38,5,54,0,0,2,26,40,33,30,45,34,40,0,0,9,3,15,82,1,38,57,45,1,2,3,5,12,3,40,58,78,48
204,10,0,31,4,1,0,0,0,0,6,144,19,24,30,7,20,0,0,0,2,35,180,1,18,6,2,2,3,1,32,16,0,175,10,0,17,0,0,0,0,37,15,4,73,64,6,30,7,14,0,3,22,0,1,210,0,2,5,7,0,1,2,28,38,1,125,18,0,37,0,0,0,11,21,31,41,77,16,53,0,0,0,0,13,87,0,17,122,11,0,0,2,1,5,0,19,23,25,175
21,74,3,136,2,2,11,1,0,0,29,44,49,42,32,22,32,0,0,0,2,114,42,3,29,50,3,2,4,1,42,87,1,48,19,1,52,0,0,0,1,25,18,12,43,45,18,28,35,25,0,12,78,0,15,35,0,49,44,17,0,18,10,47,51,4,37,39,0,44,0,1,1,8,24,32,40,56,46,42,0,0,4,0,27,75,0,35,67,42,0,0,1,5,7,2,29,88,74,44
223,0,1,24,1,0,0,1,0,0,1,171,19,22,22,3,12,0,0,0,0,29,195,0,20,3,1,0,2,0,23,15,0,196,8,1,7,0,0,0,0,34,16,0,79,72,1,26,13,9,0,2,9,0,0,223,0,0,9,7,0,2,1,21,36,0,136,11,0,43,0,0,0,2,17,17,42,94,21,57,0,0,0,1,7,62,0,13,158,9,0,0,0,1,1,0,17,18,16,197
18,62,3,160,2,1,4,0,0,0,24,37,50,52,38,22,26,1,0,0,1,131,36,4,30,42,1,0,5,0,33,105,1,34,27,0,50,0,0,0,0,30,25,4,49,54,5,37,24,22,0,16,94,0,14,22,0,40,48,16,0,16,2,31,55,2,59,38,0,47,0,0,0,10,29,44,42,45,37,43,0,0,4,1,19,95,0,37,50,44,0,0,1,0,3,1,46,89,76,34
229,3,1,17,0,0,0,0,0,0,3,166,12,27,26,4,12,0,0,0,0,38,197,0,13,2,0,0,0,0,11,11,0,219,5,0,4,0,0,0,0,31,9,0,80,87,0,25,10,8,0,1,14,0,0,228,0,1,4,2,0,1,0,30,30,1,131,21,0,36,0,0,0,5,10,22,35,109,19,50,0,0,0,0,2,73,0,6,155,14,0,0,0,0,1,0,13,17,5,214
13,48,2,181,3,0,3,0,0,0,23,44,58,44,48,13,20,0,0,0,0,135,38,3,37,33,1,0,3,0,33,108,0,27,31,0,51,0,0,0,0,24,19,3,60,50,6,31,34,23,0,4,111,0,13,21,0,24,68,9,0,9,3,54,52,2,50,39,0,41,0,0,0,5,30,41,37,38,39,60,0,0,4,1,20,88,0,33,61,43,0,0,4,0,6,0,36,86,93,25
244,0,0,5,0,1,0,0,0,0,0,183,24,11,21,3,8,0,0,0,0,21,218,0,10,1,0,0,0,0,9,5,0,231,4,0,1,0,0,0,0,33,6,0,74,97,0,25,8,7,0,0,10,0,0,237,0,0,1,2,0,1,0,17,39,0,149,10,0,34,0,0,0,6,8,18,35,100,24,59,0,0,0,0,3,66,0,10,159,12,0,0,1,0,1,0,7,16,6,219
5,50,2,192,1,0,0,0,0,0,19,43,65,50,46,18,9,0,0,0,0,151,25,0,35,37,0,0,2,0,31,129,0,12,18,0,60,0,0,0,0,33,24,0,46,66,5,28,26,22,0,11,119,0,12,13,0,24,63,8,0,9,1,47,53,1,48,38,0,53,0,0,0,6,31,36,36,64,35,42,0,0,0,0,20,95,0,30,60,45,0,0,2,0,2,0,22,119,84,21
240,0,0,10,0,0,0,0,0,0,0,194,14,22,15,1,4,0,0,0,0,21,221,0,6,2,0,0,0,0,3,11,0,232,3,0,1,0,0,0,0,26,12,0,87,95,0,14,7,9,0,0,3,0,0,245,0,0,1,1,0,0,0,23,40,0,155,11,0,21,0,0,0,2,7,23,31,94,18,75,0,0,0,0,5,48,0,2,189,6,0,0,0,0,0,0,4,13,3,230
10,41,0,199,0,0,0,0,0,0,17,35,77,47,40,16,18,0,0,0,0,153,24,0,28,42,0,1,2,0,26,136,0,16,11,0,61,0,0,0,1,30,14,2,56,68,4,41,16,18,0,5,134,0,4,5,0,31,67,4,0,5,1,49,61,1,41,41,0,51,0,0,0,7,18,38,41,53,42,51,0,0,0,0,14,111,0,30,49,46,0,0,0,0,4,0,29,108,97,12
247,0,0,3,0,0,0,0,0,0,0,205,11,11,16,4,3,0,0,0,0,24,224,0,2,0,0,0,0,0,3,6,0,237,2,0,2,0,0,0,0,24,7,0,94,88,0,27,2,8,0,0,2,0,0,248,0,0,0,0,0,0,0,23,40,1,156,8,0,22,0,0,0,3,4,28,38,103,9,65,0,0,0,0,5,54,0,7,178,6,0,0,0,0,0,0,6,9,7,228
3,30,0,217,0,0,0,0,0,0,11,33,63,57,56,12,18,0,0,0,0,154,25,0,32,39,0,0,0,0,26,144,0,13,15,0,52,0,0,0,0,26,18,0,57,83,6,34,13,13,0,4,129,0,11,2,0,26,72,6,0,1,1,57,79,0,43,26,0,43,0,0,0,6,25,35,35,69,38,42,0,0,0,0,19,91,0,40,57,43,0,0,0,0,0,0,26,119,88,17
247,0,0,3,0,0,0,0,0,0,0,208,12,9,15,0,6,0,0,0,0,12,234,0,4,0,0,0,0,0,2,5,0,242,1,0,0,0,0,0,0,20,4,0,87,117,1,15,1,5,0,0,4,0,0,246,0,0,0,0,0,0,0,12,30,0,176,9,0,23,0,0,0,0,3,23,34,108,9,73,0,0,0,0,2,43,0,3,198,4,0,0,0,0,0,0,1,6,3,240
3,28,0,219,0,0,0,0,0,0,9,29,82,49,58,7,16,0,0,0,0,185,15,0,23,27,0,0,0,0,39,144,0,8,12,0,47,0,0,0,0,33,18,0,54,72,2,40,19,12,0,2,138,0,6,4,0,19,77,4,0,1,0,46,83,0,40,30,0,50,0,0,0,2,24,43,32,63,29,57,0,0,0,0,16,97,0,34,40,63,0,0,0,0,0,0,20,129,92,9
19,3,2,0,0,0,1,0,1,1,2,7,4,7,3,1,2,0,0,1,1,9,10,0,2,3,1,1,0,0,4,5,0,10,2,0,3,1,1,1,2,6,1,3,2,2,3,2,1,5,2,1,1,0,0,8,1,5,6,3,1,0,5,3,3,1,4,5,2,3,0,0,2,1,6,1,1,2,6,8,0,2,2,0,1,1,5,2,9,5,0,0,2,0,0,1,2,4,5,13
3,10,2,10,1,1,0,0,0,0,0,9,4,1,5,3,2,0,0,3,0,6,6,3,4,5,0,0,2,1,0,5,0,8,3,1,3,3,2,2,1,2,1,5,4,3,3,5,2,1,0,1,3,2,2,6,0,3,5,5,0,2,2,6,2,0,6,4,3,2,0,2,4,2,5,1,0,5,3,5,0,1,2,3,4,4,3,3,3,4,1,0,1,0,2,5,4,3,3,8
214,18,10,2,0,2,2,0,1,1,8,87,40,59,26,9,10,2,1,8,0,81,128,2,11,23,1,2,1,1,28,46,0,117,22,1,19,6,2,9,2,38,21,35,37,29,18,39,15,16,4,16,15,3,12,82,3,53,42,20,1,0,26,36,41,3,52,58,16,17,0,1,16,8,69,2,3,28,55,68,0,9,11,7,9,14,22,30,111,37,0,1,9,0,1,16,11,44,38,130
19,109,17,93,3,2,2,0,2,3,6,74,52,43,30,10,20,9,0,6,0,75,59,18,27,54,3,5,5,4,31,57,1,58,33,0,39,14,8,9,7,30,28,34,28,25,26,29,26,17,4,6,45,5,15,55,6,42,47,25,2,14,20,31,38,9,42,49,15,30,0,3,16,12,51,6,11,53,52,46,0,11,11,11,41,35,19,24,45,53,1,0,7,0,4,21,35,82,36,64
230,14,4,2,0,0,0,0,0,0,5,107,45,63,14,8,6,1,0,1,0,97,120,2,5,25,0,0,1,0,23,46,0,140,23,0,9,3,2,4,2,34,22,42,49,34,22,27,11,7,1,7,14,3,8,109,0,55,42,11,0,4,22,37,38,2,53,66,15,13,0,0,7,3,87,1,5,19,57,71,0,2,8,4,9,8,13,36,132,38,0,0,3,0,0,7,4,32,22,182
10,145,17,72,1,1,3,0,1,0,9,72,50,52,27,15,17,7,0,1,0,88,80,8,25,44,0,2,2,1,35,58,1,50,28,0,58,12,1,7,3,43,39,34,24,23,21,24,27,12,2,11,41,3,16,61,1,50,43,22,0,16,13,21,39,5,56,60,16,24,0,2,16,11,47,9,5,61,55,44,0,3,5,7,35,39,12,24,44,81,0,0,2,0,3,17,20,136,33,39
245,4,1,0,0,0,0,0,0,0,1,127,40,55,19,3,3,1,0,1,0,81,142,0,4,22,0,1,0,0,15,41,0,164,10,0,17,1,1,1,0,41,24,45,56,17,12,36,14,5,1,4,9,1,9,97,1,65,51,12,0,2,13,20,39,2,69,87,9,9,0,0,5,0,98,0,2,22,56,67,0,3,7,3,12,13,5,30,144,33,0,0,0,0,0,6,4,39,22,179
4,167,7,71,0,0,1,0,0,0,6,75,59,68,26,6,6,4,0,0,0,106,84,4,12,44,0,0,0,0,35,70,0,43,27,0,59,5,0,11,4,30,45,35,38,24,30,21,15,8,1,17,25,1,14,66,1,56,50,19,0,7,9,26,50,3,60,71,6,18,0,3,14,9,57,7,2,51,62,45,0,3,3,1,44,61,12,27,36,63,0,0,2,0,1,6,28,124,35,54
244,6,0,0,0,0,0,0,0,0,0,154,24,46,18,4,4,0,0,0,0,83,152,0,1,14,0,0,0,0,14,43,0,164,13,0,13,1,0,2,0,37,20,38,58,29,17,40,10,1,0,4,10,1,4,141,0,51,38,1,0,3,5,24,46,2,63,90,10,7,0,0,5,0,90,0,2,25,51,77,0,1,4,1,19,10,10,34,144,27,0,0,2,0,0,5,0,37,9,197
5,175,3,67,0,0,0,0,0,0,1,64,89,61,25,4,2,3,0,1,0,126,80,2,6,36,0,0,0,0,29,94,0,42,27,0,49,6,2,1,1,40,36,34,48,22,24,21,16,8,0,11,51,0,16,60,0,42,55,15,0,3,16,20,59,0,51,74,9,18,0,0,3,9,63,5,2,52,75,41,0,1,5,4,45,42,8,23,44,78,0,0,0,0,2,13,13,136,51,35
249,1,0,0,0,0,0,0,0,0,0,150,32,51,15,0,2,0,0,0,0,84,160,0,1,5,0,0,0,0,3,39,0,186,10,0,11,0,0,1,0,43,30,37,64,19,11,34,10,2,0,3,5,0,7,133,0,60,41,1,0,0,7,27,52,0,64,92,2,6,0,0,3,1,96,0,0,32,44,74,0,1,0,0,12,10,4,28,168,27,0,0,0,0,0,1,0,34,11,204
1,193,2,53,1,0,0,0,0,0,1,75,73,70,20,6,5,0,0,0,0,124,78,1,10,37,0,0,0,0,43,59,0,36,35,0,72,4,0,1,1,42,43,33,58,25,13,21,9,5,0,6,43,0,19,68,0,38,58,18,0,4,12,22,62,1,54,74,6,15,0,0,8,2,53,2,2,60,67,56,0,3,3,2,33,55,8,23,35,88,0,0,0,0,0,3,6,158,39,44
249,1,0,0,0,0,0,0,0,0,0,170,23,50,5,1,1,0,0,0,0,83,159,0,0,8,0,0,0,0,4,36,0,184,11,0,14,0,0,1,1,43,24,29,79,24,19,24,7,0,0,0,8,0,1,152,0,51,36,2,0,1,3,24,58,0,49,108,3,4,0,0,0,0,105,1,0,23,44,77,0,1,6,1,16,5,2,18,174,27,0,0,0,0,0,1,0,21,8,220
1,195,0,54,0,0,0,0,0,0,0,59,87,76,24,2,1,1,0,0,0,147,77,0,5,21,0,0,0,0,35,89,0,27,35,0,62,1,0,1,0,40,35,46,53,24,20,20,10,2,0,5,47,0,16,65,0,44,62,11,0,4,11,26,58,1,55,73,5,17,0,0,9,2,53,3,1,59,74,49,0,2,3,0,48,54,8,17,39,79,0,0,0,0,0,5,11,173,34,27
250,0,0,0,0,0,0,0,0,0,0,184,13,45,7,0,1,0,0,0,0,88,158,0,0,4,0,0,0,0,2,27,0,203,9,0,9,0,0,0,0,38,28,38,85,19,10,23,9,0,0,0,3,0,0,164,0,55,27,1,0,0,3,17,58,0,70,94,2,6,0,0,0,0,87,0,0,26,64,73,0,1,2,2,6,7,5,17,186,24,0,0,0,0,0,0,0,13,7,230
0,198,0,52,0,0,0,0,0,0,0,51,88,94,15,1,0,1,0,0,0,138,88,0,2,22,0,0,0,0,22,89,0,31,38,0,68,2,0,0,0,42,38,40,58,17,21,20,12,2,0,6,48,0,12,58,0,31,78,17,0,1,11,29,51,0,61,88,1,8,0,0,5,0,59,3,0,54,67,62,0,1,1,0,54,53,7,25,27,82,0,0,0,0,0,1,3,194,34,18
250,0,0,0,0,0,0,0,0,0,0,199,9,39,3,0,0,0,0,0,0,65,182,0,0,3,0,0,0,0,1,29,0,206,7,0,7,0,0,0,0,44,24,30,93,23,14,21,1,0,0,0,2,0,0,184,0,43,21,0,0,1,5,9,65,0,54,115,0,1,0,0,1,0,106,0,0,25,53,65,0,0,0,0,10,6,2,16,197,19,0,0,0,0,0,0,0,19,4,227
0,196,0,54,0,0,0,0,0,0,0,40,101,77,29,2,1,0,0,0,0,166,66,0,1,17,0,0,0,0,28,94,0,29,30,0,69,0,0,0,0,45,46,43,55,11,18,21,11,0,0,3,59,0,9,58,0,33,80,8,0,2,7,22,58,1,67,83,3,7,0,0,2,1,72,0,0,52,64,59,0,0,0,0,61,38,1,20,32,98,0,0,0,0,0,3,3,192,30,22
250,0,0,0,0,0,0,0,0,0,0,203,10,32,5,0,0,0,0,0,0,73,176,0,0,1,0,0,0,0,1,30,0,211,6,0,2,0,0,0,0,43,18,41,104,16,12,9,7,0,0,0,0,0,1,187,0,41,21,0,0,0,0,9,64,0,59,117,0,1,0,0,0,0,102,0,0,13,47,88,0,0,2,0,5,4,1,12,208,18,0,0,0,0,0,0,0,6,1,243
0,215,0,35,0,0,0,0,0,0,0,45,88,107,9,1,0,0,0,0,0,161,74,0,0,15,0,0,0,0,21,95,0,29,37,0,68,0,0,0,0,41,59,42,45,22,19,14,8,0,0,2,57,0,11,48,0,35,86,11,0,0,4,22,58,0,66,94,0,6,0,0,2,0,47,0,0,60,92,49,0,0,1,0,55,53,1,25,21,94,0,0,0,0,0,1,2,207,33,7
18,1,0,3,1,1,1,0,1,1,4,7,1,9,3,0,1,1,1,0,0,4,11,2,1,3,1,2,1,2,1,2,1,10,2,0,7,1,0,3,1,5,4,1,4,2,1,6,2,1,1,1,1,0,4,8,1,3,4,4,2,2,0,2,4,3,9,2,0,3,1,2,0,2,3,3,4,6,4,2,0,0,1,0,1,7,2,4,7,5,0,1,0,1,0,3,2,2,7,11
2,8,3,9,2,1,1,1,0,0,2,5,5,4,6,1,1,1,1,1,0,6,3,0,4,3,5,5,0,1,3,4,1,6,0,0,6,4,1,2,0,2,0,4,5,9,1,3,3,0,1,2,0,1,3,5,0,6,6,3,1,2,3,2,3,0,3,6,2,5,1,1,1,4,3,2,4,7,3,1,0,0,0,1,1,8,1,4,8,4,0,1,0,0,2,1,6,6,5,6
197,17,0,22,0,1,4,0,0,9,27,98,5,70,37,3,2,3,5,0,0,24,141,2,12,35,10,19,2,5,15,7,3,119,14,0,58,18,0,16,8,27,24,7,63,39,16,46,12,8,1,5,15,0,26,95,6,23,52,27,5,17,4,9,29,12,111,37,0,26,1,8,1,14,19,19,21,129,24,14,0,0,0,0,1,57,8,25,125,34,0,2,0,2,5,12,23,11,68,127
29,86,6,107,5,4,7,1,2,3,30,61,22,66,26,11,16,9,5,4,0,76,50,5,23,59,8,18,6,5,27,29,3,39,17,4,64,29,3,35,3,27,18,18,57,30,31,35,25,6,3,8,17,4,42,46,5,40,46,39,3,20,9,35,35,11,51,57,1,28,3,8,7,24,31,27,41,54,30,25,0,1,3,4,11,73,7,39,58,54,0,2,0,2,8,19,41,57,58,63
217,14,0,18,0,0,1,0,0,0,17,114,7,77,30,0,2,2,1,0,0,15,163,2,19,20,9,21,0,1,3,6,1,131,12,0,62,19,0,16,3,21,18,8,84,40,16,44,15,1,1,3,9,0,35,105,6,25,50,16,0,14,2,7,24,3,133,41,0,26,0,2,0,5,10,12,26,161,23,11,0,0,0,0,0,54,3,20,154,19,0,1,1,0,2,9,31,7,71,128
24,107,5,105,0,3,4,0,0,2,26,72,21,63,37,6,12,9,4,0,0,92,34,2,25,70,7,13,2,5,24,14,0,35,16,3,96,31,1,30,4,31,18,15,58,30,35,28,23,8,0,9,18,3,44,47,6,44,43,36,1,18,7,40,42,3,44,61,1,33,3,9,9,14,40,21,41,56,19,38,0,2,2,0,3,106,3,22,59,53,0,4,1,2,8,14,43,62,50,66
233,8,0,9,0,0,0,0,0,0,16,132,1,69,26,1,2,2,1,0,0,11,195,0,12,25,0,7,0,0,6,2,1,130,6,0,67,25,0,13,0,19,13,6,96,49,17,37,11,2,0,1,8,0,31,122,2,21,46,19,0,11,0,10,41,5,137,34,0,12,0,1,0,6,14,2,14,200,10,3,0,0,0,0,0,49,1,17,173,10,0,0,0,0,0,2,17,8,86,137
13,126,1,105,0,1,2,1,0,1,23,61,15,92,40,2,12,4,1,0,0,87,40,0,28,80,5,10,0,0,21,9,1,44,25,0,100,23,0,27,2,23,21,9,61,25,32,52,20,5,0,1,20,2,41,65,5,47,37,32,2,21,3,40,47,6,49,62,0,20,0,4,4,12,65,19,64,34,21,27,0,0,1,0,3,112,1,32,51,50,0,0,0,0,3,12,32,67,55,81
233,2,0,14,0,0,1,0,0,0,10,137,1,80,21,0,1,0,0,0,0,10,198,0,7,28,1,5,0,1,0,0,0,153,5,0,64,22,0,6,0,12,19,4,125,43,11,33,3,0,0,3,6,0,15,147,1,22,37,19,0,3,0,4,28,1,169,31,0,14,0,0,0,1,8,0,11,209,13,8,0,0,0,0,0,52,0,12,174,12,0,0,0,0,0,2,13,10,76,149
14,135,0,99,0,0,2,0,0,0,18,57,12,93,57,1,6,4,1,1,0,107,28,0,26,75,0,13,0,1,24,10,0,40,14,0,105,30,0,27,0,22,18,13,64,30,36,48,14,5,0,2,12,0,47,58,1,53,48,29,0,10,2,42,53,5,41,74,1,22,0,1,2,10,71,22,75,28,16,25,0,0,0,0,2,125,0,20,54,49,0,1,0,0,2,13,32,66,62,74
248,0,0,2,0,0,0,0,0,0,6,145,2,75,22,0,0,0,0,0,0,7,216,0,3,17,2,5,0,0,1,1,0,142,5,0,83,13,0,5,0,14,11,5,127,41,12,37,3,0,0,0,3,0,14,173,1,10,40,9,0,2,0,2,37,1,168,30,0,10,0,0,0,1,11,2,9,215,9,3,0,0,0,0,0,34,0,5,205,6,0,0,0,0,1,3,15,5,63,163
2,155,0,93,0,0,0,0,0,0,11,73,13,97,47,1,7,1,0,0,0,82,21,1,23,117,3,3,0,0,7,4,0,49,20,0,119,31,0,20,0,21,22,9,63,36,42,41,13,3,0,3,13,0,68,41,1,45,47,32,0,8,0,47,50,2,45,75,0,23,0,2,2,4,61,17,84,30,29,21,0,0,0,0,1,143,1,16,36,53,0,0,0,0,0,8,24,64,80,74
248,0,0,2,0,0,0,0,0,0,5,129,1,95,19,0,1,0,0,0,0,8,222,0,2,16,1,1,0,0,0,0,0,152,3,0,78,13,0,4,0,9,7,5,163,32,4,24,6,0,0,0,2,0,13,172,0,13,38,12,0,3,0,3,22,0,193,21,0,8,0,0,0,0,3,1,1,241,4,0,0,0,0,0,0,35,0,8,194,13,0,0,0,0,0,1,9,4,60,176
2,140,0,108,0,0,0,0,0,0,18,76,3,91,52,0,9,1,0,0,0,101,22,1,12,110,1,3,0,0,8,4,0,59,13,0,133,20,0,13,0,17,28,6,52,37,52,51,7,0,0,0,6,0,57,46,1,54,51,35,0,4,0,64,56,0,35,76,0,15,0,1,0,7,80,13,86,6,29,28,0,0,0,0,0,154,0,15,40,41,0,0,0,0,0,4,29,68,86,63
250,0,0,0,0,0,0,0,0,0,3,143,2,87,14,0,1,0,0,0,0,2,232,0,1,15,0,0,0,0,0,0,0,163,2,0,81,2,0,2,0,9,6,1,174,29,9,21,1,0,0,0,2,0,12,177,0,14,31,14,0,2,0,2,16,0,212,14,0,4,0,0,0,2,0,0,1,243,1,3,0,0,0,0,0,34,0,5,207,4,0,0,0,0,0,0,7,2,58,183
0,147,0,103,0,0,0,0,0,0,11,75,11,105,45,1,2,0,0,0,0,107,15,0,15,112,0,1,0,0,8,3,0,57,8,0,145,15,0,14,0,19,23,8,51,52,36,47,14,0,0,0,6,0,70,60,0,39,53,22,0,5,0,61,68,0,20,81,0,15,0,2,0,2,79,17,101,6,17,26,0,0,0,0,0,169,0,7,38,36,0,0,0,0,1,2,23,66,100,58
250,0,0,0,0,0,0,0,0,0,5,142,0,81,22,0,0,0,0,0,0,1,241,0,0,8,0,0,0,0,0,0,0,160,2,0,76,11,0,1,0,4,2,1,180,27,8,25,3,0,0,0,1,0,10,204,0,8,24,3,0,0,0,2,24,0,208,13,0,3,0,0,0,0,0,0,2,244,3,1,0,0,0,0,0,26,0,1,222,1,0,0,0,0,0,0,5,2,50,193
0,147,0,103,0,0,0,0,0,0,11,79,1,119,37,0,3,0,0,0,0,119,9,0,7,115,0,0,0,0,2,3,0,55,8,0,153,17,0,12,0,11,21,7,58,39,48,63,3,0,0,0,10,0,75,36,0,50,54,25,0,1,1,51,63,0,32,85,0,17,0,0,1,0,110,12,90,5,15,17,0,0,0,0,0,180,0,7,25,38,0,0,0,0,1,3,14,76,104,52
250,0,0,0,0,0,0,0,0,0,2,151,0,78,19,0,0,0,0,0,0,1,244,0,1,4,0,0,0,0,0,0,0,153,1,0,88,8,0,0,0,1,1,1,181,30,4,30,2,0,0,0,0,0,6,205,0,1,29,9,0,0,0,0,12,0,216,21,0,1,0,0,0,0,1,0,3,246,0,0,0,0,0,0,0,20,0,1,227,2,0,0,0,0,0,0,3,0,63,184
0,153,0,97,0,0,0,0,0,0,3,79,2,124,41,1,0,0,0,0,0,101,6,0,14,129,0,0,0,0,3,3,0,63,11,0,148,11,0,11,0,14,26,4,57,46,46,51,6,0,0,0,10,0,66,33,0,53,59,29,0,0,0,49,72,0,27,85,0,17,0,0,0,2,94,8,107,4,12,23,0,0,0,0,0,180,0,5,19,46,0,0,0,0,0,3,13,63,108,63
16,1,0,6,0,0,0,1,1,2,5,4,3,5,0,6,2,2,0,0,1,4,11,1,3,2,1,2,0,2,5,4,0,10,2,1,4,1,0,0,1,5,2,4,4,0,3,7,0,1,1,3,4,1,1,7,3,2,4,1,1,0,0,6,1,1,10,2,3,3,0,2,2,2,0,5,3,9,2,2,1,0,0,0,0,7,1,4,11,3,0,0,0,1,3,3,3,1,5,11
3,8,2,6,0,1,7,0,0,0,1,10,8,3,1,0,2,0,1,1,0,6,3,2,5,7,0,0,3,1,3,7,2,3,4,0,6,1,0,1,0,2,2,5,5,3,2,2,4,2,1,6,1,2,1,5,0,6,3,2,2,2,1,2,4,0,3,6,3,4,0,3,3,0,7,4,2,5,1,2,0,3,0,0,4,8,0,0,6,6,1,0,0,2,2,3,4,5,5,5
182,9,0,34,0,0,15,0,1,9,21,73,44,45,6,37,15,8,1,0,7,35,97,6,52,37,6,5,4,1,30,35,2,128,15,1,35,4,0,0,3,15,16,55,47,6,20,73,6,9,6,25,41,3,8,82,13,21,47,4,3,7,0,41,10,9,119,28,15,18,0,16,17,9,29,36,18,110,6,9,1,3,0,0,7,43,6,17,135,38,0,1,0,9,8,41,23,18,28,122
21,66,5,122,3,0,16,5,4,8,18,95,37,33,13,21,12,4,11,6,3,66,43,10,34,59,9,9,12,5,17,62,4,73,24,1,63,6,0,0,8,30,18,28,45,17,29,49,12,14,12,25,21,9,7,57,20,34,51,14,7,22,6,46,22,5,54,46,9,33,0,9,23,7,58,30,33,48,10,32,2,4,0,0,27,84,7,19,60,47,1,2,0,8,7,21,57,41,53,60
198,10,0,33,1,0,2,1,2,3,15,110,36,37,5,24,8,10,4,1,0,42,108,3,51,37,2,2,4,1,15,25,0,168,7,0,35,0,0,0,4,13,17,44,64,3,19,81,4,1,2,28,45,3,2,94,12,27,35,2,2,4,3,30,9,4,156,24,5,13,0,8,10,1,55,31,6,126,5,8,0,1,0,0,3,31,0,26,157,32,0,0,0,5,3,33,26,23,24,136
31,56,2,143,3,0,10,1,1,3,13,85,50,44,21,21,10,4,2,0,2,65,43,7,36,71,3,4,18,1,33,73,4,56,17,2,60,5,0,0,3,20,14,39,46,15,41,53,7,12,7,25,35,10,9,38,17,27,72,10,2,11,0,66,22,6,40,52,11,40,0,2,15,9,58,39,42,50,2,33,0,1,1,0,24,107,1,23,49,44,0,1,1,6,5,20,46,59,61,51
214,3,0,28,0,0,2,0,1,2,12,144,33,26,4,21,6,4,0,0,1,26,135,1,41,43,0,0,3,0,19,24,0,174,3,0,28,2,0,0,1,8,12,54,60,2,18,90,1,4,1,22,45,2,4,105,7,23,40,1,0,3,2,31,8,0,152,33,9,12,0,5,9,0,60,17,4,148,1,6,0,0,0,0,4,23,2,8,190,23,0,0,0,4,0,29,20,6,10,181
23,68,2,150,2,0,5,0,0,0,12,65,77,52,8,16,14,4,2,0,0,74,46,3,32,69,4,6,15,1,34,69,0,62,20,0,61,4,0,0,0,22,17,27,79,5,44,46,5,5,3,23,28,4,21,58,5,22,70,16,0,3,1,60,35,6,63,43,7,32,0,4,7,5,79,49,34,38,5,29,0,0,0,0,13,116,1,25,39,56,0,1,0,2,0,16,51,83,67,30
216,1,0,33,0,0,0,0,0,0,5,154,38,27,5,16,1,2,2,0,0,23,150,0,36,39,0,0,2,0,10,8,0,211,3,0,17,1,0,0,0,12,16,57,57,3,16,89,0,0,0,16,34,0,2,135,5,25,33,0,0,1,2,28,9,1,184,20,1,4,0,2,5,0,56,24,3,155,1,4,0,0,0,0,4,21,0,15,194,16,0,0,0,0,1,14,19,14,5,197
23,62,0,160,0,0,4,1,0,0,15,69,78,43,15,17,12,0,1,0,0,83,44,4,24,88,0,1,5,1,36,87,0,37,15,0,72,3,0,0,2,13,16,31,79,10,37,55,4,3,0,24,38,10,16,50,6,22,79,5,0,4,0,71,27,1,39,63,7,38,0,2,9,3,83,47,33,45,2,26,0,0,0,0,10,128,1,21,41,49,0,0,0,4,0,14,48,69,85,30
230,0,0,20,0,0,0,0,0,0,5,162,35,31,3,14,0,0,0,0,0,40,149,0,30,31,0,0,0,0,9,17,0,210,0,0,14,0,0,0,0,8,11,59,60,2,24,86,0,0,0,19,33,2,4,133,10,20,29,0,0,1,1,23,4,0,199,17,0,5,0,0,2,1,56,18,5,167,0,1,0,0,0,0,0,12,0,3,217,18,0,0,0,0,0,12,19,15,8,196
16,55,0,175,0,0,3,0,1,0,13,73,83,40,17,20,3,1,0,0,0,94,37,1,24,87,1,4,2,0,27,95,1,36,13,0,77,1,0,0,0,7,14,41,79,4,37,63,3,2,1,21,36,10,11,59,7,21,79,5,0,9,0,94,20,0,34,60,2,31,0,2,4,0,95,38,22,51,2,36,0,0,0,0,12,133,1,18,29,57,0,0,0,2,1,21,29,96,72,29
236,0,0,14,0,0,0,0,0,0,0,194,22,16,3,10,5,0,0,0,0,26,174,0,25,25,0,0,0,0,4,9,0,227,0,0,10,0,0,0,0,12,10,38,70,1,17,101,0,1,0,12,42,0,4,148,8,8,28,0,0,0,0,24,2,0,211,11,0,2,0,0,0,0,45,17,2,183,0,3,0,0,0,0,1,8,0,1,235,5,0,0,0,1,0,4,16,18,7,204
13,35,0,202,0,0,0,0,0,0,13,48,99,48,12,24,6,0,0,0,0,88,34,6,31,86,0,0,5,0,32,93,0,23,13,0,89,0,0,0,0,12,14,30,71,2,52,60,5,4,0,23,32,4,8,58,9,27,86,3,0,7,0,95,29,0,31,65,3,20,0,1,5,0,110,39,24,49,0,22,0,0,0,0,9,162,0,13,13,53,0,0,0,0,0,20,37,106,61,26
232,0,0,18,0,0,0,0,0,0,0,215,21,10,1,3,0,0,0,0,0,28,167,0,17,38,0,0,0,0,5,5,0,235,0,0,5,0,0,0,0,3,5,50,74,0,13,105,0,0,0,10,29,0,1,175,2,11,22,0,0,0,0,13,4,0,218,15,0,0,0,0,0,0,47,7,1,194,0,1,0,0,0,0,1,8,0,2,235,4,0,0,0,0,0,9,8,12,3,218
15,46,0,186,0,0,3,0,0,0,8,33,108,52,22,24,3,0,0,0,0,100,43,0,27,80,0,0,0,0,36,96,0,15,8,0,95,0,0,0,0,12,7,37,90,0,38,61,3,2,0,23,51,2,4,46,4,26,93,1,0,3,0,101,24,0,21,66,0,35,0,0,1,0,120,45,25,42,1,16,0,0,0,0,7,171,0,12,15,45,0,0,0,0,0,10,34,132,55,19
243,0,0,7,0,0,0,0,0,0,2,206,29,9,0,3,1,0,0,0,0,41,168,0,16,24,0,0,1,0,1,2,0,243,0,0,4,0,0,0,0,3,5,47,81,0,13,101,0,0,0,8,29,1,1,174,3,13,21,0,0,0,0,13,1,0,229,6,0,1,0,0,1,0,34,8,1,206,0,0,0,0,0,0,0,3,0,2,242,3,0,0,0,0,0,6,6,5,3,230
5,31,0,212,0,0,2,0,0,0,6,41,117,54,15,14,3,0,0,0,0,78,39,0,27,105,0,0,1,0,24,122,0,7,10,0,87,0,0,0,0,9,5,45,87,1,31,68,2,2,0,11,40,2,7,48,5,16,119,2,0,1,0,111,22,0,20,76,2,18,0,1,1,0,150,35,16,36,0,11,0,0,0,0,1,176,0,11,7,55,0,0,0,0,0,10,43,119,64,14
244,0,0,6,0,0,0,0,0,0,0,219,23,5,0,3,0,0,0,0,0,21,188,0,14,27,0,0,0,0,1,1,0,247,0,0,1,0,0,0,0,4,2,39,88,0,10,107,0,0,0,7,25,1,1,185,0,11,20,0,0,0,0,11,2,0,230,6,0,1,0,0,0,0,43,2,0,205,0,0,0,0,0,0,0,5,0,0,242,3,0,0,0,0,0,1,0,9,2,238
6,22,0,222,0,0,0,0,0,0,5,31,136,50,14,12,2,0,0,0,0,103,29,0,22,96,0,0,0,0,23,109,0,3,10,0,105,0,0,0,0,9,10,25,87,0,49,68,1,1,0,17,42,1,6,47,3,15,118,1,0,2,0,112,21,0,19,75,3,18,0,0,1,0,140,29,21,42,0,17,0,0,0,0,5,193,0,3,8,41,0,0,0,0,0,9,31,136,67,7
17,3,0,5,1,0,0,1,0,0,6,4,5,2,1,4,3,1,1,0,2,2,10,0,4,4,2,0,2,1,5,3,0,8,0,1,6,1,1,2,2,1,6,4,0,4,2,2,4,2,0,1,1,1,1,8,3,1,10,1,4,0,1,4,2,1,8,3,0,4,0,0,0,5,4,4,7,2,1,4,2,1,0,1,1,2,2,1,10,7,0,0,1,1,0,1,3,6,7,8
2,8,3,9,1,0,2,1,1,0,1,8,1,5,5,2,1,2,1,1,0,1,4,4,3,8,3,2,0,2,2,3,3,11,3,0,2,0,2,1,0,4,1,4,4,2,3,3,2,4,0,3,5,1,4,4,0,4,2,4,0,5,3,5,2,1,4,3,1,3,0,0,2,1,3,3,4,6,3,5,1,1,0,2,0,6,2,2,5,8,0,2,1,1,2,3,2,4,4,8
199,13,3,23,4,0,4,4,0,0,24,87,41,20,24,32,12,4,5,1,1,23,99,13,35,40,12,11,13,3,33,21,3,132,9,4,38,1,3,6,5,17,32,38,16,44,22,25,25,26,0,8,20,2,35,99,4,10,60,12,7,4,19,55,16,8,104,25,1,11,0,0,2,31,35,32,71,17,2,60,8,1,0,4,6,25,13,7,115,71,0,1,2,1,1,9,20,69,65,82
16,114,9,89,8,2,11,1,0,0,16,65,37,34,41,28,12,10,7,0,7,25,44,16,36,61,9,31,13,8,27,68,8,60,32,1,40,5,4,5,9,33,23,25,25,32,23,22,29,29,0,25,26,4,26,57,6,25,54,27,15,16,12,44,25,12,65,30,1,30,0,0,4,28,29,23,49,55,20,42,2,8,0,9,6,46,12,29,50,88,0,0,3,2,7,22,20,51,59,86
208,10,1,26,0,0,4,1,0,0,18,123,25,10,25,39,7,2,1,0,0,24,108,8,33,50,4,14,7,2,24,27,4,154,9,1,26,0,1,4,1,24,29,41,13,55,19,27,27,14,0,5,27,0,20,104,4,11,69,10,3,1,14,61,20,1,125,20,0,5,0,0,0,25,38,35,71,19,3,59,2,4,0,2,3,24,2,10,125,78,0,0,0,0,2,4,7,80,62,95
15,119,7,99,3,1,5,1,0,0,35,49,40,50,41,15,12,6,2,0,1,31,49,12,44,68,8,24,10,3,28,68,2,58,31,4,57,0,0,2,1,30,26,22,53,23,27,12,30,26,0,17,30,2,32,79,4,21,50,15,10,13,15,52,36,7,63,31,0,23,0,0,4,20,35,34,55,54,10,38,5,5,0,3,7,37,13,25,64,91,0,1,0,0,3,18,17,46,68,97
233,3,1,12,1,0,0,0,0,0,10,148,31,6,25,24,5,1,0,0,0,19,146,8,25,39,2,7,2,2,17,13,2,192,4,0,19,1,0,2,0,16,31,32,33,55,15,15,33,20,0,5,21,0,25,96,2,7,84,10,0,1,9,52,16,1,148,16,0,7,0,0,0,12,33,28,80,24,5,68,2,0,0,3,0,19,3,8,140,75,0,0,0,0,0,2,6,57,71,114
14,113,5,114,1,0,3,0,0,0,22,45,46,43,44,34,11,5,0,0,1,33,52,9,59,63,3,23,6,1,33,88,0,35,26,2,63,1,2,0,2,25,24,16,51,34,22,21,37,18,0,10,30,1,23,94,3,20,57,12,4,13,13,52,36,1,61,45,0,25,0,0,5,17,29,24,60,67,7,41,1,2,0,2,3,41,9,26,70,96,0,0,0,0,1,10,8,60,72,99
236,0,0,14,0,0,0,0,0,0,4,166,22,12,27,15,3,1,0,0,0,14,158,1,33,38,1,4,1,0,22,14,0,193,4,0,17,0,0,0,0,22,28,29,21,44,30,16,34,26,0,1,23,0,17,123,1,6,78,1,1,0,6,56,6,1,167,11,0,2,0,0,0,9,30,23,102,16,1,69,0,0,0,0,0,16,2,11,140,81,0,0,0,0,0,1,4,62,66,117
11,117,3,113,3,0,3,0,0,0,26,41,45,47,42,30,15,3,1,0,0,36,55,7,56,70,1,12,11,2,29,95,0,40,14,1,70,0,0,1,0,22,20,15,57,42,21,27,34,12,0,12,30,0,29,93,0,11,66,9,7,10,5,72,45,0,54,37,0,20,0,0,1,17,40,15,57,65,5,50,0,1,0,1,2,41,1,23,78,103,0,0,0,0,0,3,6,74,70,97
243,0,0,6,1,0,0,0,0,0,2,175,27,7,25,10,4,0,0,0,0,12,165,2,24,36,0,10,1,0,14,12,0,212,0,0,12,0,0,0,0,13,25,31,27,48,38,15,40,13,0,1,20,0,12,147,0,1,66,3,0,1,9,55,8,0,170,7,0,0,0,0,0,6,29,25,101,16,2,71,0,0,0,0,0,9,1,4,156,80,0,0,0,0,0,0,2,51,74,123
2,126,5,115,1,0,0,1,0,0,16,40,49,65,47,30,1,2,0,0,0,39,43,5,73,65,2,16,6,1,20,102,1,32,14,0,81,0,0,0,0,31,24,14,64,37,24,16,24,16,0,9,35,0,27,75,0,7,89,8,2,6,11,75,29,1,63,50,0,13,0,0,0,13,34,18,53,64,11,57,0,1,0,1,2,27,2,23,69,125,0,0,0,0,0,3,7,73,68,99
245,1,0,4,0,0,0,0,0,0,1,190,16,5,22,14,2,0,0,0,0,12,184,1,18,32,0,3,0,0,3,14,0,221,1,0,11,0,0,0,0,19,17,21,39,64,23,20,32,15,0,1,10,0,10,151,0,6,72,0,0,0,2,59,1,0,185,3,0,0,0,0,0,8,34,12,100,20,1,75,0,0,0,0,1,9,1,1,174,64,0,0,0,0,0,0,0,65,59,126
5,102,3,140,0,0,0,0,0,0,13,33,47,61,52,38,5,1,0,0,0,31,44,3,85,73,0,13,1,0,20,100,1,26,14,0,89,0,0,0,0,15,22,21,72,36,20,24,32,8,0,8,36,0,25,79,1,7,90,4,3,5,4,88,45,0,57,41,0,7,0,0,1,6,28,16,59,72,6,62,0,0,0,0,0,33,3,11,65,138,0,0,0,0,0,3,0,66,83,98
249,0,0,1,0,0,0,0,0,0,0,204,19,6,16,5,0,0,0,0,0,14,172,0,22,36,1,5,0,0,10,6,0,224,0,0,10,0,0,0,0,14,22,20,44,50,15,11,55,19,0,0,12,0,9,182,0,1,46,0,0,0,3,45,2,0,197,3,0,0,0,0,0,7,25,14,113,17,0,74,0,0,0,0,0,6,0,0,180,64,0,0,0,0,0,0,0,48,74,128
1,106,1,142,0,0,0,0,0,0,14,27,41,89,47,29,3,0,0,0,0,33,53,6,58,88,1,10,1,0,25,115,0,23,19,0,68,0,0,0,0,21,22,19,71,37,17,16,35,12,0,6,50,0,24,55,0,6,108,1,1,1,3,95,46,0,47,52,0,5,0,0,0,7,42,17,71,58,2,53,0,0,0,0,0,40,1,20,58,131,0,0,0,0,0,0,3,68,83,96
250,0,0,0,0,0,0,0,0,0,1,202,18,1,16,10,1,1,0,0,0,5,194,1,23,22,0,5,0,0,1,7,0,236,0,0,6,0,0,0,0,15,18,13,63,54,10,12,49,16,0,0,10,0,7,178,0,0,54,1,0,0,0,38,3,0,206,3,0,0,0,0,0,1,22,5,124,17,0,81,0,0,0,0,0,5,0,2,175,68,0,0,0,0,0,0,0,42,51,157
0,118,2,130,0,0,0,0,0,0,12,30,53,70,58,26,1,0,0,0,0,28,42,0,91,83,0,6,0,0,21,114,0,14,12,0,89,0,0,0,0,12,25,12,71,46,19,20,37,8,0,5,51,0,17,64,0,3,109,1,0,1,2,114,38,0,43,48,0,4,0,0,0,7,31,19,62,73,0,58,0,0,0,0,0,31,1,14,66,138,0,0,0,0,0,0,0,76,93,81
249,0,0,1,0,0,0,0,0,0,0,222,7,0,12,9,0,0,0,0,0,3,210,0,9,28,0,0,0,0,2,5,0,241,0,0,2,0,0,0,0,17,26,11,83,41,19,4,41,8,0,0,5,0,5,178,0,0,62,0,0,0,1,28,2,0,218,1,0,0,0,0,0,1,24,15,135,17,0,58,0,0,0,0,0,4,0,4,179,63,0,0,0,0,0,0,0,45,62,143
1,103,0,146,0,0,0,0,0,0,13,15,50,99,51,21,1,0,0,0,0,37,35,1,87,83,1,6,0,0,10,127,0,9,11,0,93,0,0,0,0,22,26,18,67,40,7,17,44,9,0,1,41,0,28,66,0,4,110,0,0,0,1,126,41,0,32,47,0,3,0,0,0,5,37,19,66,64,0,59,0,0,0,0,0,22,0,8,67,153,0,0,0,0,0,0,1,66,90,93
23,1,0,1,0,0,2,0,0,0,5,8,4,1,1,3,3,0,2,0,2,2,8,2,3,3,2,2,3,0,2,7,3,11,0,1,2,0,1,0,1,2,5,2,0,1,2,10,2,2,1,3,3,1,3,5,1,2,5,3,0,3,1,6,2,0,7,5,1,2,0,2,3,0,2,3,2,8,3,4,1,2,2,0,2,6,2,1,8,3,1,2,2,0,3,0,1,6,3,9
1,10,0,10,4,0,0,1,1,0,2,8,4,3,3,2,0,2,2,1,0,8,4,1,2,5,2,3,2,0,2,7,4,6,3,1,2,1,1,0,1,2,1,0,3,7,3,3,2,5,2,5,2,0,3,3,0,5,5,2,3,1,0,3,5,2,6,3,1,3,0,3,2,3,2,2,5,5,1,4,0,4,5,0,2,5,1,4,4,2,0,0,3,1,1,2,3,2,6,9
228,4,1,9,5,0,3,0,0,0,25,119,32,9,7,17,24,2,15,0,7,34,95,12,17,46,10,16,13,0,9,64,19,146,0,4,8,0,0,0,5,13,33,6,12,33,15,93,13,27,2,32,26,3,15,79,2,25,56,10,1,12,2,56,21,6,96,42,4,10,0,8,22,2,12,34,35,93,14,30,1,13,34,0,15,52,3,13,86,33,0,2,23,0,13,6,3,33,44,126
7,121,3,107,3,0,4,0,4,1,33,56,43,46,23,18,15,10,4,2,8,73,47,9,20,46,7,20,20,0,26,69,35,35,23,7,45,6,4,0,4,18,13,11,32,36,36,45,15,40,8,26,22,1,26,68,5,31,50,13,16,22,4,32,35,6,70,40,12,13,0,14,21,8,42,21,38,45,21,40,4,24,20,1,23,67,5,24,47,35,0,3,27,3,26,17,17,59,50,48
237,5,0,7,0,0,1,0,0,0,14,153,37,15,9,9,9,0,4,0,4,29,109,12,20,50,5,16,5,0,3,72,12,147,2,4,8,1,1,0,1,7,23,2,13,28,13,120,10,33,0,31,34,2,9,109,0,20,41,4,0,6,0,58,16,0,128,40,0,2,0,5,13,1,7,20,32,123,11,38,1,9,30,0,12,62,2,10,97,27,0,2,22,0,15,4,1,35,36,135
7,141,2,98,0,0,2,0,0,0,29,47,58,49,22,17,17,8,3,0,9,77,38,9,24,56,4,14,19,0,19,80,21,45,26,3,53,3,0,0,1,16,20,6,38,24,37,53,5,50,3,34,21,3,25,70,1,27,55,11,7,23,3,46,63,6,46,44,9,3,0,6,21,3,41,26,37,40,21,55,1,15,16,0,20,101,5,14,54,24,0,3,13,1,21,13,22,72,48,57
246,2,0,2,0,0,0,0,0,0,11,166,34,10,9,7,12,0,1,0,6,32,133,18,14,36,1,7,3,0,3,77,11,148,3,0,8,0,0,0,0,11,32,1,5,33,14,130,5,19,0,30,21,0,11,120,1,17,46,4,0,4,0,50,23,1,130,42,0,0,0,3,10,1,7,23,27,138,7,34,1,5,18,0,12,73,2,18,92,29,0,0,20,0,11,4,0,43,41,131
3,148,0,98,1,0,0,0,0,0,31,53,64,56,19,11,12,1,3,0,4,85,54,5,20,64,5,6,7,0,15,91,19,63,17,5,40,0,0,0,2,14,25,3,39,36,22,49,13,47,1,33,21,0,16,63,1,38,70,7,5,12,2,50,55,1,59,53,7,6,0,7,21,3,56,23,30,50,15,45,0,12,22,0,19,84,3,17,66,27,0,0,15,1,22,12,17,82,45,56
249,1,0,0,0,0,0,0,0,0,6,181,36,5,8,7,6,0,1,0,1,34,144,8,11,49,1,1,1,0,2,76,3,165,0,0,4,0,0,0,0,9,20,2,20,20,8,146,9,16,0,17,24,0,6,140,0,17,46,0,0,4,0,49,13,0,128,56,0,0,0,0,10,0,6,13,29,151,3,38,1,5,12,0,10,92,1,7,101,21,0,0,10,0,9,0,0,33,29,169
1,139,0,110,0,0,0,0,0,0,22,43,83,55,20,9,14,3,1,0,4,100,51,5,13,62,3,7,5,0,12,110,13,54,15,1,44,1,0,0,2,12,28,9,30,36,31,47,8,47,0,17,31,0,9,71,0,40,76,6,1,9,0,42,71,0,67,55,2,3,0,4,14,2,49,20,43,43,13,62,0,6,29,0,14,92,3,19,65,22,0,1,13,0,20,9,14,83,66,44
250,0,0,0,0,0,0,0,0,0,2,202,28,3,7,5,3,0,0,0,0,25,154,7,6,53,2,3,0,0,0,51,5,191,0,1,2,0,0,0,0,7,15,2,11,26,9,163,6,11,0,21,13,0,8,157,0,7,44,0,0,0,0,42,19,0,149,39,1,0,0,2,5,1,6,17,26,165,2,26,1,1,9,0,4,107,2,5,102,19,0,0,10,0,9,1,0,36,26,168
0,157,0,93,0,0,0,0,0,0,27,33,97,61,18,6,7,0,1,0,1,83,57,6,10,80,2,5,6,0,5,138,10,42,9,0,45,1,0,0,1,4,35,3,50,37,28,39,3,50,0,24,31,0,20,65,0,24,84,2,0,9,0,59,54,1,66,58,3,0,0,2,14,0,46,26,52,36,9,65,0,8,27,0,14,88,1,12,75,25,0,0,12,0,19,9,7,102,54,47
250,0,0,0,0,0,0,0,0,0,2,210,26,1,3,4,3,0,1,0,0,39,156,6,5,43,0,1,0,0,0,58,6,186,0,0,0,0,0,0,0,5,13,0,8,22,10,176,3,13,0,20,14,0,1,173,0,6,35,1,0,1,0,37,14,0,177,21,0,0,0,0,7,0,4,7,26,183,2,21,0,1,14,0,2,114,0,5,106,8,0,0,9,0,7,1,0,21,22,190
0,152,0,98,0,0,0,0,0,0,18,29,114,54,21,9,5,0,0,0,2,89,66,5,8,73,1,1,5,0,2,154,4,53,4,0,33,0,0,0,0,4,28,7,51,29,32,37,3,59,0,23,34,0,17,52,0,26,96,2,0,4,0,57,71,0,55,61,1,1,0,1,11,1,55,30,45,39,3,65,0,6,27,0,13,94,1,10,77,22,0,0,8,0,22,3,4,117,59,37
250,0,0,0,0,0,0,0,0,0,0,228,15,3,2,1,1,0,0,0,0,17,177,7,4,43,1,1,0,0,0,55,1,194,0,0,0,0,0,0,0,4,11,0,6,21,4,197,1,6,0,8,2,0,3,194,0,9,34,0,0,1,0,41,8,0,163,37,0,0,0,0,3,0,3,10,20,193,2,19,0,0,5,0,2,106,0,9,118,10,0,0,6,0,2,2,0,23,13,204
0,169,0,81,0,0,0,0,0,0,23,16,124,65,10,5,7,0,0,0,0,110,44,6,10,75,2,2,1,0,1,152,7,51,5,0,34,0,0,0,0,5,30,3,62,35,29,29,1,56,0,34,32,0,23,41,0,25,94,1,0,2,0,68,61,0,59,59,0,1,0,0,11,0,41,30,52,38,5,73,0,5,23,0,5,112,0,10,79,16,0,0,3,0,13,0,2,135,66,31
250,0,0,0,0,0,0,0,0,0,1,221,26,0,1,1,0,0,0,0,0,20,179,0,5,45,0,1,0,0,0,45,1,203,0,0,1,0,0,0,0,2,9,0,8,13,4,213,0,1,0,10,4,0,0,188,0,7,41,0,0,0,0,31,5,0,190,24,0,0,0,0,4,0,1,3,20,207,0,15,0,0,2,0,3,113,0,8,119,5,0,0,3,0,2,0,0,20,21,204
0,159,0,91,0,0,0,0,0,0,14,26,133,63,8,2,3,1,0,0,0,104,57,2,5,80,0,2,0,0,1,173,2,42,1,0,31,0,0,0,0,4,29,2,74,34,27,23,1,56,0,21,30,0,13,52,0,17,117,0,0,0,0,61,69,0,43,77,0,0,0,0,15,1,59,21,52,25,1,76,0,3,30,0,7,107,0,5,78,20,0,0,7,0,24,2,0,123,63,31
250,0,0,0,0,0,0,0,0,0,0,230,20,0,0,0,0,0,0,0,0,19,184,0,2,45,0,0,0,0,0,56,0,194,0,0,0,0,0,0,0,1,10,0,9,13,1,214,1,1,0,6,4,0,2,203,0,7,28,0,0,0,0,31,6,0,189,24,0,0,0,0,4,0,3,4,24,202,0,13,0,0,5,0,1,131,0,0,108,5,0,0,5,0,6,0,0,19,19,201
0,177,0,73,0,0,0,0,0,0,15,15,142,64,12,2,0,0,0,0,0,110,53,2,4,81,0,0,0,0,0,170,0,55,0,0,25,0,0,0,0,4,28,1,63,41,27,22,0,64,0,29,32,0,11,35,0,16,127,0,0,2,0,66,77,0,39,66,0,0,0,0,8,0,51,21,52,37,2,79,0,2,23,0,2,104,0,3,106,10,0,0,7,0,11,1,0,128,70,33
15,4,1,2,1,2,0,2,0,0,5,3,4,5,1,4,3,1,1,0,1,3,15,3,0,2,2,0,1,0,2,3,1,11,0,1,4,4,0,1,0,1,5,4,5,0,3,6,1,2,1,2,4,0,0,8,4,5,1,2,1,1,1,4,0,0,12,1,3,4,1,1,2,2,2,5,1,5,5,3,1,1,3,0,0,3,2,1,11,5,2,0,0,1,0,4,0,5,4,11
4,8,0,8,4,1,2,0,0,0,1,6,2,4,2,6,1,1,1,3,1,9,3,1,3,5,0,5,0,0,3,2,0,3,4,3,8,1,3,0,0,6,2,1,1,2,7,3,3,2,1,3,3,2,3,3,3,3,5,1,0,3,0,2,4,0,5,5,2,6,1,1,3,0,5,6,1,4,4,2,0,2,0,0,5,8,1,2,5,4,0,1,0,2,3,4,4,5,3,5
181,41,1,13,4,6,0,3,1,0,36,61,35,30,14,48,13,7,5,1,4,17,173,10,9,18,14,2,2,1,13,19,7,114,12,6,59,8,3,9,0,11,33,23,57,3,52,56,7,8,1,23,31,4,3,87,21,46,8,26,4,15,6,20,5,1,137,12,21,29,1,9,13,19,26,38,9,68,51,16,0,2,6,0,10,33,1,6,151,41,3,0,0,8,9,24,3,22,34,147
19,86,11,107,15,4,4,3,1,0,20,78,23,23,31,45,13,9,6,2,4,101,26,10,27,52,6,10,8,6,37,23,15,50,29,9,61,13,6,7,0,38,22,17,52,12,40,35,18,16,5,23,43,11,22,48,17,37,24,20,9,25,9,31,22,3,37,53,20,41,3,4,15,15,40,55,18,46,29,25,2,4,14,0,22,76,3,15,48,66,2,1,3,8,10,31,24,63,61,47
194,36,0,11,3,1,3,0,2,0,36,69,44,18,17,51,8,5,2,0,3,14,197,3,11,13,5,3,1,0,8,8,7,142,11,9,54,3,2,6,0,11,22,16,79,7,48,60,2,5,0,25,43,2,2,97,19,40,5,17,0,16,6,15,3,2,153,12,14,29,0,3,8,9,35,46,9,77,48,15,0,1,0,0,6,25,0,2,188,28,0,0,0,4,4,16,6,22,27,171
27,86,5,123,5,0,1,2,1,0,24,83,25,22,35,41,7,6,7,0,2,113,24,2,15,74,8,6,5,1,40,29,12,40,38,8,64,11,3,5,0,30,27,17,65,10,45,40,7,9,1,24,43,3,18,60,8,42,23,28,6,20,3,30,25,2,56,54,19,35,0,4,8,14,41,50,13,65,25,30,0,0,2,0,8,94,1,6,43,96,0,0,0,6,16,24,21,58,91,34
203,37,1,8,1,0,0,0,0,0,27,104,31,18,15,49,4,1,1,0,1,12,213,3,5,6,7,3,0,0,2,11,1,160,6,2,62,4,1,1,0,6,23,14,90,4,53,55,2,3,0,22,31,2,1,131,8,45,2,8,0,5,0,9,1,0,199,10,5,21,0,3,0,4,39,37,8,95,46,18,0,0,0,0,1,26,0,0,204,19,1,0,0,3,9,12,4,27,31,163
28,111,5,100,5,0,0,1,0,0,33,68,31,20,39,46,6,4,3,0,2,136,22,0,17,64,1,1,2,5,30,23,9,46,31,3,92,13,1,2,0,28,21,18,73,6,39,51,7,7,2,20,68,2,17,46,15,35,13,32,0,10,1,51,22,0,32,82,22,30,0,2,6,16,40,44,15,58,41,28,0,0,2,0,16,116,1,2,34,79,1,0,0,5,8,27,18,76,82,33
220,25,0,4,1,0,0,0,0,0,22,124,31,8,17,46,2,0,0,0,0,9,233,0,6,1,0,1,0,0,0,14,4,167,7,1,56,1,0,0,0,5,26,7,112,1,30,66,0,3,0,19,32,1,0,135,10,47,0,6,0,4,1,0,2,0,203,6,4,30,0,1,5,10,42,40,3,105,31,13,0,0,0,0,4,22,0,0,210,14,0,0,0,0,2,13,2,18,32,183
17,111,1,117,3,1,0,0,0,0,19,63,32,29,39,59,5,2,2,0,1,127,12,1,10,86,5,4,3,1,19,23,8,40,43,4,110,2,0,1,0,23,23,14,72,4,54,49,2,9,0,14,91,3,16,49,11,36,20,10,0,12,4,47,25,0,29,78,17,38,0,0,3,9,51,50,16,69,31,21,0,0,1,0,8,105,0,1,31,104,0,0,0,1,7,21,17,98,70,36
223,23,0,4,0,0,0,0,0,0,12,133,22,11,21,47,2,2,0,0,0,2,242,0,3,2,0,1,0,0,0,9,4,169,5,1,60,1,1,0,0,5,6,1,139,1,48,48,0,2,0,16,41,0,0,144,4,43,1,1,0,0,0,1,2,0,229,2,2,14,0,0,0,8,40,31,2,133,35,1,0,0,0,0,1,18,0,0,222,9,0,0,0,0,4,8,2,12,36,188
19,110,0,121,0,0,0,0,0,0,25,54,35,25,41,62,3,4,1,0,0,129,8,0,20,92,0,1,0,0,18,23,4,50,44,0,109,2,0,0,0,28,20,14,62,2,55,68,1,0,0,24,84,3,15,46,4,45,18,11,0,14,1,69,22,0,13,80,13,38,0,0,3,9,55,61,8,58,30,26,0,0,1,0,9,134,0,1,19,86,0,0,0,0,7,14,12,78,108,31
236,13,0,1,0,0,0,0,0,0,13,138,25,10,23,40,1,0,0,0,0,2,247,0,0,0,1,0,0,0,1,4,1,182,5,0,57,0,0,0,0,2,11,4,140,0,53,39,0,1,0,9,37,0,0,137,7,58,0,2,0,1,0,1,0,0,234,5,2,7,0,0,0,1,33,42,2,130,32,10,0,0,0,0,0,18,0,0,222,10,0,0,0,0,1,8,1,16,33,191
10,120,1,118,1,0,0,0,0,0,32,62,39,22,46,46,3,0,0,0,0,144,2,0,12,88,1,3,0,0,14,29,0,53,22,0,130,1,0,1,0,19,22,11,67,2,59,66,1,3,0,15,90,0,18,57,11,38,15,6,0,5,4,62,25,0,12,93,4,45,0,0,1,2,67,41,11,74,31,23,0,0,0,0,6,117,0,0,26,101,0,0,0,2,8,22,4,86,95,33
240,10,0,0,0,0,0,0,0,0,10,160,30,8,14,27,0,1,0,0,0,1,249,0,0,0,0,0,0,0,0,5,0,192,3,0,50,0,0,0,0,1,12,1,163,0,30,42,0,1,0,4,29,0,0,185,1,28,1,2,0,0,0,0,0,0,240,1,1,8,0,0,1,3,35,29,2,142,33,5,0,0,0,0,1,12,0,0,232,5,0,0,0,0,3,5,1,14,29,198
6,139,1,104,0,0,0,0,0,0,32,52,41,22,46,53,3,1,0,0,0,133,1,0,10,105,0,1,0,0,12,13,1,50,23,0,150,1,0,0,0,11,27,15,51,2,56,88,0,0,0,11,122,0,14,37,5,42,14,5,0,4,1,62,25,0,8,98,11,41,0,0,1,4,56,44,8,72,38,27,0,0,0,0,1,144,0,0,14,91,0,0,0,0,5,9,1,91,110,34
245,5,0,0,0,0,0,0,0,0,1,179,15,2,11,41,1,0,0,0,0,1,249,0,0,0,0,0,0,0,0,1,0,206,2,1,40,0,0,0,0,0,5,4,167,0,40,34,0,0,0,3,26,0,0,196,4,20,0,1,0,1,0,0,0,0,246,0,0,3,0,0,0,3,25,26,0,166,23,7,0,0,0,0,0,9,0,0,238,3,0,0,0,0,0,0,0,7,30,213
5,127,0,118,0,0,0,0,0,0,29,44,34,25,62,53,3,0,0,0,0,164,1,0,6,79,0,0,0,0,3,31,0,35,20,0,160,0,1,0,0,16,23,10,64,1,62,73,0,1,0,14,117,0,14,31,5,49,12,8,0,4,0,70,29,0,4,94,6,43,0,0,1,2,71,49,11,60,32,24,0,0,0,0,1,143,0,0,11,95,0,0,0,0,4,11,6,90,109,30
247,3,0,0,0,0,0,0,0,0,4,182,20,2,8,34,0,0,0,0,0,0,250,0,0,0,0,0,0,0,0,1,0,194,2,0,53,0,0,0,0,0,2,0,168,0,36,44,0,0,0,3,27,0,0,194,1,25,0,0,0,0,0,0,0,0,246,1,0,3,0,0,0,0,27,22,0,165,31,5,0,0,0,0,0,6,0,0,243,1,0,0,0,0,0,2,0,8,15,225
3,138,0,109,0,0,0,0,0,0,16,42,37,22,61,71,1,0,0,0,0,146,0,0,3,101,0,0,0,0,3,18,1,48,16,0,164,0,0,0,0,12,18,6,56,4,75,78,0,1,0,7,143,1,8,37,4,34,11,5,0,6,0,61,20,0,4,111,12,36,0,0,0,2,58,45,6,56,45,38,0,0,0,0,1,162,0,0,6,81,0,0,0,0,1,4,4,108,119,14
17,1,0,5,1,0,0,1,0,2,3,10,4,2,1,2,2,2,1,0,0,4,9,4,4,3,0,2,1,0,4,3,3,9,1,1,5,0,0,1,1,4,3,3,1,3,5,4,2,1,1,1,3,3,3,9,1,2,2,2,0,2,1,2,3,2,7,5,1,4,0,3,2,1,2,2,3,7,3,4,1,0,0,0,3,5,3,5,6,4,1,1,2,2,1,1,3,2,8,6
2,6,2,8,3,2,1,1,1,1,0,6,3,7,5,3,1,1,1,0,0,6,3,4,1,2,3,3,3,2,5,1,2,6,2,1,7,2,1,0,0,5,2,3,3,2,2,2,4,4,0,6,1,1,4,6,3,3,2,1,2,4,1,2,3,1,4,4,2,4,1,1,3,0,6,2,5,3,2,4,0,0,1,4,1,7,1,3,9,1,2,0,3,0,2,3,4,5,2,6
192,6,0,35,7,2,1,3,0,4,5,115,35,50,19,7,8,9,2,0,2,27,118,31,26,19,4,11,9,3,41,22,6,114,8,3,47,4,1,4,3,38,25,26,45,17,28,41,18,9,6,11,41,6,32,104,8,20,18,4,0,20,8,15,31,9,70,54,7,36,0,8,16,6,38,15,32,89,11,35,4,0,1,7,18,53,18,41,82,26,4,1,11,13,10,11,24,26,50,100
24,58,12,125,8,2,9,4,2,6,19,69,38,39,41,18,14,9,3,0,1,50,52,27,43,41,9,7,16,4,41,34,11,65,15,4,65,7,4,4,4,38,23,30,49,20,44,23,10,9,2,40,21,9,31,75,3,24,42,3,1,27,11,17,23,16,44,56,12,43,2,7,20,9,52,15,20,52,27,46,2,7,4,8,28,69,9,41,51,31,2,4,5,7,15,19,27,57,43,71
199,3,0,45,1,0,1,1,0,0,5,131,38,32,24,7,7,6,0,0,1,14,151,29,27,13,4,5,3,3,23,19,2,141,10,1,50,3,0,1,0,40,21,20,66,12,45,26,17,3,1,12,55,1,18,138,4,9,12,0,0,31,4,11,27,5,83,51,8,30,0,5,16,0,43,10,25,112,11,28,1,0,0,2,19,64,18,39,93,14,0,0,5,7,2,9,21,35,53,118
32,49,5,143,9,2,5,3,1,1,11,74,43,51,40,13,14,4,0,0,1,74,39,22,57,30,14,7,6,0,51,51,5,63,10,1,60,5,1,3,2,37,18,30,61,30,30,24,12,6,1,32,27,3,39,74,1,28,41,4,0,28,11,25,24,7,43,61,9,42,0,7,12,5,74,16,23,50,17,46,0,2,3,3,33,69,16,49,44,31,0,2,6,3,9,16,24,58,53,79
221,1,0,26,1,0,0,0,0,1,1,164,45,14,21,1,3,1,0,0,0,16,156,22,31,10,3,6,6,0,23,20,0,156,4,0,46,0,0,1,0,28,21,28,80,14,46,23,9,1,0,8,44,3,15,161,0,12,7,0,0,23,1,6,24,3,92,65,5,31,0,1,7,4,42,8,24,122,7,35,0,0,0,3,15,73,2,41,101,15,0,0,2,3,4,7,15,30,50,139
22,44,1,174,6,1,2,0,0,0,8,60,56,51,53,12,7,3,0,0,0,70,43,16,59,40,7,4,8,3,52,52,0,56,19,1,67,2,0,1,1,43,22,26,48,17,43,35,11,4,1,20,43,1,36,70,1,25,51,2,0,24,8,19,27,13,43,52,10,54,0,2,12,4,62,8,38,53,21,50,0,1,0,2,23,81,5,55,53,30,0,0,6,7,6,13,31,67,50,70
229,0,0,21,0,0,0,0,0,0,0,194,17,21,11,1,5,0,1,0,0,1,170,28,29,14,2,3,2,1,17,13,0,186,2,0,31,1,0,0,0,45,18,15,90,12,41,22,5,2,0,5,41,1,7,184,0,5,7,0,0,18,2,8,38,1,95,61,7,20,0,2,9,2,49,5,20,128,5,30,0,0,0,0,10,73,3,43,115,6,0,0,1,1,3,5,7,24,32,177
15,36,2,191,4,0,2,0,0,0,6,41,80,67,47,6,3,0,0,0,0,54,37,24,77,40,3,4,8,3,53,59,2,43,11,0,81,1,0,0,0,35,16,32,50,21,40,35,13,8,0,12,45,0,53,55,0,26,58,1,0,27,4,22,32,8,50,65,12,30,0,2,6,4,63,7,31,56,25,56,0,0,0,0,22,78,5,55,58,32,0,0,3,3,9,12,31,76,69,47
235,0,0,15,0,0,0,0,0,0,0,206,16,13,13,1,0,0,1,0,0,5,192,18,25,5,1,1,3,0,18,11,0,198,2,0,21,0,0,0,0,33,12,16,106,7,44,27,3,2,0,5,35,1,3,205,0,1,0,0,0,9,1,4,31,1,108,78,3,15,0,2,2,3,40,4,25,141,5,28,0,0,0,1,14,83,3,32,112,5,0,0,0,0,0,1,7,24,37,181
13,28,0,208,0,0,1,0,0,0,7,37,88,57,53,7,1,0,0,0,0,74,20,14,88,39,3,6,6,0,41,58,0,45,5,0,101,0,0,0,0,30,16,34,60,20,46,36,7,1,0,11,66,0,48,39,0,18,67,1,0,26,3,9,28,5,40,74,13,52,0,2,4,1,65,5,30,59,22,62,0,0,0,1,20,73,5,57,60,34,0,0,0,2,4,11,33,91,56,53
245,0,0,5,0,0,0,0,0,0,0,217,18,8,7,0,0,0,0,0,0,1,202,18,24,2,0,2,1,0,13,5,0,212,0,0,20,0,0,0,0,37,7,27,116,5,31,23,3,1,0,4,27,0,0,217,0,2,0,0,0,12,1,3,27,0,97,89,4,17,0,0,1,0,39,3,22,167,1,17,0,0,0,0,11,95,0,27,112,5,0,0,0,0,0,0,3,25,31,191
5,29,0,216,0,0,0,0,0,0,4,29,82,71,60,1,3,0,0,0,0,88,21,22,81,34,0,2,2,0,59,58,0,30,8,0,94,1,0,0,0,40,26,31,55,9,46,35,7,1,0,16,71,0,48,28,0,25,61,1,0,18,2,12,31,5,54,76,9,43,0,3,2,2,63,5,26,45,20,84,0,0,0,0,17,66,1,67,67,32,0,0,0,0,2,3,19,93,80,53
245,0,0,5,0,0,0,0,0,0,0,225,10,8,6,1,0,0,0,0,0,4,219,15,11,0,0,1,0,0,8,6,0,216,1,0,19,0,0,0,0,35,7,11,135,3,35,23,0,1,0,0,30,0,0,219,0,1,0,0,0,10,0,1,22,1,111,92,1,12,0,0,0,0,33,0,18,184,4,11,0,0,0,0,7,98,1,37,105,2,0,0,0,0,0,0,7,16,26,201
5,13,0,232,0,0,0,0,0,0,2,23,83,77,63,2,0,0,0,0,0,64,13,13,125,32,0,3,0,0,59,60,0,31,2,0,98,0,0,0,0,35,14,44,51,13,42,44,6,1,0,7,80,0,47,29,0,26,60,1,0,8,2,10,37,0,65,71,7,50,0,0,1,0,84,4,19,43,23,76,0,0,0,0,11,73,1,65,76,24,0,0,0,0,2,2,21,99,85,41
250,0,0,0,0,0,0,0,0,0,0,237,4,3,6,0,0,0,0,0,0,1,219,7,22,1,0,0,0,0,7,3,0,233,0,0,7,0,0,0,0,39,12,7,131,3,40,18,0,0,0,0,22,0,1,226,0,1,0,0,0,6,1,1,25,0,106,94,1,16,0,0,0,0,35,0,18,186,0,11,0,0,0,0,4,80,0,34,129,3,0,0,0,0,0,0,1,5,12,232
0,15,0,235,0,0,0,0,0,0,1,12,104,79,53,0,1,0,0,0,0,67,17,16,108,37,0,4,1,0,53,63,0,15,2,0,117,0,0,0,0,25,9,46,65,14,51,38,2,0,0,7,82,0,54,23,0,17,67,0,0,13,3,14,26,0,65,94,7,28,0,0,3,0,89,1,32,32,19,74,0,0,0,0,17,75,3,72,55,28,0,0,1,0,2,0,22,119,90,16
250,0,0,0,0,0,0,0,0,0,0,238,7,2,3,0,0,0,0,0,0,0,225,2,22,0,0,1,0,0,3,2,0,232,0,0,13,0,0,0,0,38,4,11,140,1,40,16,0,0,0,1,19,0,0,230,0,0,0,0,0,9,0,0,22,0,126,86,0,7,0,0,1,0,37,0,9,185,0,18,0,0,0,0,4,85,0,29,129,3,0,0,0,0,0,0,2,5,18,225
0,9,0,241,0,0,0,0,0,0,0,11,103,79,57,0,0,0,0,0,0,64,15,18,109,42,1,0,1,0,45,60,0,17,2,0,126,0,0,0,0,39,17,26,62,16,53,34,3,0,0,5,110,0,45,19,0,12,59,0,0,9,1,12,34,0,55,92,3,44,0,0,2,0,91,4,16,47,14,76,0,0,0,0,9,97,0,62,65,17,0,0,0,0,1,3,20,122,84,20
22,2,0,2,0,0,0,0,1,0,4,6,5,5,3,1,1,1,1,0,0,4,10,3,4,4,0,1,1,0,4,3,0,6,3,1,4,4,1,1,2,1,2,0,5,3,4,6,2,2,0,3,4,1,1,6,0,3,5,4,1,2,1,8,4,1,5,1,2,2,0,0,4,1,1,3,4,6,5,3,3,1,1,0,4,5,0,0,10,3,1,0,1,1,0,2,3,5,3,11
5,7,3,10,1,1,0,0,0,0,4,7,2,8,1,3,0,1,1,0,1,6,7,2,2,4,1,2,1,1,3,4,4,5,2,1,2,0,2,4,0,1,2,5,4,3,3,3,3,3,1,2,1,0,4,9,1,2,3,4,3,3,1,3,4,2,6,3,0,2,0,2,1,1,4,0,3,7,2,7,0,3,3,1,2,6,0,3,5,4,1,0,0,1,3,3,5,2,6,6
244,3,0,3,0,0,0,0,0,0,42,76,34,65,14,9,2,5,2,1,0,29,126,15,31,31,0,13,4,1,30,25,3,103,27,1,22,21,7,11,1,6,25,14,49,32,19,71,20,13,0,16,26,1,13,95,4,16,44,35,3,8,8,69,37,6,77,15,5,22,1,1,16,2,12,15,40,68,34,61,9,5,4,0,37,45,0,6,128,16,1,0,2,7,10,12,32,29,30,127
5,123,4,114,3,0,1,0,0,0,33,94,35,34,25,16,4,5,1,3,2,50,43,14,29,81,3,22,6,0,47,44,6,50,36,4,28,25,2,8,4,13,23,15,50,23,30,50,17,25,1,16,23,3,32,55,6,39,34,41,9,13,8,47,43,7,61,33,4,25,1,1,9,8,56,23,23,59,24,46,9,9,7,5,32,73,1,16,44,54,0,3,3,6,12,15,25,49,75,62
250,0,0,0,0,0,0,0,0,0,35,114,24,58,12,7,0,0,0,0,0,19,150,6,22,34,0,18,1,0,22,21,2,112,30,0,37,20,1,5,0,5,17,14,56,24,19,76,18,21,0,9,22,0,15,122,2,18,37,25,1,7,3,71,34,0,102,15,1,16,0,1,13,0,17,15,30,91,32,51,4,2,1,0,32,51,0,4,142,14,0,0,0,4,8,6,22,17,30,163
0,137,2,108,3,0,0,0,0,0,49,78,38,45,19,11,4,3,3,0,0,51,44,10,21,95,1,27,1,0,36,42,4,56,47,2,34,14,6,9,0,11,26,12,49,29,31,51,24,17,0,13,23,2,27,38,1,44,49,53,6,10,3,59,40,6,65,29,5,27,0,1,9,2,62,27,18,57,26,48,1,4,4,1,46,90,0,15,55,34,1,0,1,8,11,25,28,66,81,29
250,0,0,0,0,0,0,0,0,0,25,147,29,37,8,1,1,0,1,1,0,21,166,7,20,28,0,8,0,0,18,17,0,165,25,0,21,3,0,1,1,2,17,3,68,24,10,104,15,6,0,5,24,0,15,120,2,13,44,27,0,2,2,73,47,2,93,15,2,14,0,0,7,2,22,14,23,95,33,54,1,0,0,0,29,62,0,3,148,7,0,0,0,0,7,6,16,11,34,176
0,133,4,113,0,0,0,0,0,0,46,80,38,53,21,10,1,1,0,0,1,48,37,9,35,102,0,17,1,0,33,63,3,46,54,1,35,14,0,1,3,8,24,10,62,30,26,61,13,13,0,12,25,2,36,55,1,25,60,34,2,5,2,53,30,5,89,32,1,31,0,0,9,2,67,15,21,70,14,52,2,1,1,1,48,86,1,17,53,40,0,0,1,6,9,9,34,66,90,35
250,0,0,0,0,0,0,0,0,0,26,166,12,38,8,0,0,0,0,0,0,12,194,4,15,22,0,3,0,0,5,14,0,176,30,0,15,9,1,0,0,0,16,3,72,17,12,110,15,5,0,1,20,0,18,145,0,14,34,18,0,1,1,84,36,0,106,11,0,11,0,0,2,0,26,8,17,121,21,55,0,0,0,0,24,51,0,1,172,2,0,0,0,0,5,6,15,10,37,177
0,148,0,102,0,0,0,0,0,0,55,63,39,55,26,11,0,1,0,0,0,41,32,5,26,130,0,14,2,0,35,61,4,40,53,1,40,14,0,2,0,6,24,4,66,28,23,60,17,22,0,18,24,0,28,49,0,26,59,46,0,9,1,52,46,1,86,24,1,30,0,0,2,2,73,11,23,67,18,54,0,2,0,0,34,120,0,14,45,35,0,0,0,1,13,17,35,74,72,38
250,0,0,0,0,0,0,0,0,0,16,181,11,37,5,0,0,0,0,0,0,9,200,1,18,17,0,5,0,0,9,10,0,184,22,0,16,9,0,0,0,0,5,2,73,18,15,115,14,8,0,5,15,0,14,169,0,6,28,13,0,1,1,93,25,0,113,6,0,11,0,0,0,0,26,8,22,122,24,48,0,0,0,0,20,52,0,1,175,2,0,0,0,0,4,1,6,13,33,193
0,126,0,124,0,0,0,0,0,0,57,53,45,63,20,11,0,1,0,0,0,56,22,5,30,127,0,10,0,0,49,57,2,34,64,0,33,10,1,0,0,1,24,9,81,23,14,65,17,16,0,14,28,0,38,34,3,34,63,36,0,4,0,65,43,1,101,20,0,16,0,0,1,0,73,16,21,64,21,54,1,0,0,0,35,113,0,15,48,38,0,0,0,2,4,13,28,83,90,30
250,0,0,0,0,0,0,0,0,0,13,185,6,45,1,0,0,0,0,0,0,2,218,1,11,14,0,4,0,0,2,8,0,204,28,0,4,3,0,1,0,0,6,0,78,23,11,116,10,6,0,3,14,0,13,177,0,5,25,13,0,1,0,81,24,0,131,5,0,8,0,0,0,0,25,8,16,134,20,47,0,0,0,0,14,45,0,1,188,2,0,0,0,0,5,1,6,10,38,190
0,132,0,118,0,0,0,0,0,0,48,58,44,76,15,9,0,0,0,0,0,60,20,3,24,134,0,9,0,0,31,72,1,27,80,0,30,9,0,0,0,0,26,5,70,30,17,64,24,14,0,10,26,0,30,37,1,40,70,36,0,0,0,66,50,0,91,19,0,24,0,0,2,0,95,8,25,56,19,45,0,0,0,0,36,137,0,6,40,31,0,0,0,1,7,9,24,79,98,32
250,0,0,0,0,0,0,0,0,0,11,199,10,29,1,0,0,0,0,0,0,4,225,0,4,14,0,3,0,0,2,3,0,217,17,0,7,4,0,0,0,0,9,2,82,11,6,134,3,3,0,0,7,0,3,194,0,8,25,13,0,0,0,75,25,0,138,7,0,5,0,0,1,0,22,7,21,153,11,35,0,0,0,0,11,53,0,0,185,1,0,0,0,0,5,0,5,7,44,189
0,145,0,105,0,0,0,0,0,0,55,39,52,81,20,3,0,0,0,0,0,58,19,0,28,142,0,2,1,0,29,81,0,20,75,0,40,5,0,0,0,2,18,1,90,33,15,58,17,16,0,8,20,0,31,31,0,43,81,36,0,2,0,79,42,0,82,21,0,24,0,0,3,1,91,7,20,57,25,46,0,0,0,0,40,115,0,16,51,28,0,0,0,0,11,5,23,78,94,39
250,0,0,0,0,0,0,0,0,0,5,218,3,24,0,0,0,0,0,0,0,3,221,0,12,13,0,1,0,0,2,3,0,220,16,0,6,3,0,0,0,0,6,0,82,10,8,138,3,3,0,0,7,0,8,210,0,3,13,9,0,0,0,70,18,0,153,3,0,6,0,0,1,0,24,5,12,152,9,47,0,0,0,0,11,38,0,0,201,0,0,0,0,0,3,1,7,11,28,200
0,139,0,111,0,0,0,0,0,0,57,31,48,92,18,4,0,0,0,0,0,57,22,0,32,137,0,2,0,0,23,88,0,18,70,0,45,6,0,0,0,0,9,2,104,24,15,63,13,20,0,4,28,0,20,29,0,38,102,29,0,0,0,95,46,0,74,16,0,19,0,0,1,0,94,7,24,61,16,47,0,0,0,0,21,157,0,2,45,25,0,0,0,0,3,1,27,74,108,37
250,0,0,0,0,0,0,0,0,0,11,211,3,24,1,0,0,0,0,0,0,3,234,0,6,7,0,0,0,0,0,1,0,233,7,0,8,1,0,0,0,0,8,1,101,10,1,122,4,3,0,0,5,0,5,213,0,2,15,10,0,0,0,72,17,0,151,5,0,5,0,0,0,0,15,3,16,160,11,45,0,0,0,0,13,36,0,0,201,0,0,0,0,0,0,0,4,6,40,200
0,157,0,93,0,0,0,0,0,0,56,36,49,86,20,3,0,0,0,0,0,62,11,1,31,143,0,2,0,0,20,90,0,9,100,0,31,0,0,0,0,3,10,0,93,22,17,83,17,5,0,5,18,0,43,18,0,42,100,24,0,1,0,100,37,1,81,17,0,13,0,0,1,0,106,7,18,51,17,50,0,0,0,0,27,151,0,7,40,25,0,0,0,0,2,2,23,79,103,41
16,1,2,4,0,1,2,0,1,0,5,5,1,7,1,4,2,1,0,1,1,4,10,1,2,0,4,0,2,3,4,4,1,7,5,0,1,1,0,4,0,1,5,3,2,5,7,1,2,1,1,3,1,1,5,6,0,2,6,2,2,2,1,5,2,2,8,0,2,3,2,0,1,2,2,3,5,8,2,2,0,0,1,1,2,1,2,4,9,7,1,0,0,1,0,4,1,2,5,13
4,5,1,11,2,2,0,1,0,1,1,5,3,6,2,2,5,1,2,0,0,7,4,1,6,2,3,3,0,1,0,3,3,7,4,0,8,2,0,0,1,2,0,2,4,2,7,2,4,3,0,3,2,1,2,5,0,3,5,6,1,3,0,2,3,1,7,4,3,3,0,1,2,4,3,3,3,3,4,4,0,1,1,1,3,2,2,4,6,7,1,0,1,1,2,4,3,7,4,4
196,9,8,20,3,4,10,0,0,0,32,68,20,54,9,27,23,10,6,1,1,30,147,2,20,7,20,8,2,13,21,27,4,111,25,0,40,12,0,10,0,11,38,18,19,33,102,8,12,9,5,21,2,1,44,70,0,22,63,22,4,11,8,39,22,8,121,3,6,28,6,0,4,25,16,37,39,83,17,23,0,3,8,7,15,20,15,28,107,47,1,0,0,2,1,37,5,18,62,124
25,69,19,114,8,6,5,0,2,2,24,64,18,50,25,15,30,8,12,4,3,86,38,12,24,48,11,17,7,4,18,38,6,55,38,2,62,19,1,11,1,26,27,20,40,34,33,29,23,17,3,18,17,2,26,66,0,27,60,31,3,23,18,35,44,7,38,31,24,27,6,6,10,24,28,19,31,59,21,46,0,0,16,4,20,42,17,42,47,62,0,2,4,3,5,39,13,62,72,50
231,2,2,8,4,1,2,0,0,0,22,88,18,59,13,19,21,4,5,1,0,36,170,3,15,3,14,4,0,5,16,16,2,148,14,0,46,4,0,4,0,10,34,10,28,29,117,7,12,3,0,24,5,0,41,86,0,23,63,8,2,14,3,37,22,4,129,5,6,28,2,2,1,26,15,23,31,105,11,34,0,0,7,5,12,14,4,24,135,49,0,0,0,1,1,41,2,21,46,138
12,77,15,137,4,2,3,0,0,0,34,69,17,53,24,17,26,5,4,1,0,107,37,8,18,59,13,6,1,1,23,38,6,42,45,0,78,11,2,5,0,21,25,29,41,25,37,44,6,22,1,23,9,0,33,84,0,26,60,14,4,23,11,53,41,6,40,36,15,21,3,0,5,28,29,21,28,64,37,35,0,0,12,0,15,52,14,38,55,64,0,1,1,1,2,40,6,63,90,46
243,5,0,2,0,0,0,0,0,0,24,110,11,62,9,14,16,2,2,0,0,23,191,2,21,3,4,5,0,1,8,16,0,142,23,0,55,6,0,0,0,8,38,11,32,23,117,9,12,0,0,12,1,0,56,96,0,16,59,10,3,11,2,28,22,1,154,4,4,21,2,1,1,22,13,21,27,127,10,26,0,0,3,0,6,19,8,28,151,35,0,0,0,0,0,26,0,11,61,152
5,79,6,154,4,0,2,0,0,0,26,79,9,66,17,19,29,3,1,1,0,97,28,6,28,70,11,6,3,1,12,38,1,59,45,0,81,8,0,6,1,19,40,34,40,26,36,35,8,11,1,9,12,0,19,89,0,20,83,17,0,16,13,64,46,5,33,43,6,24,0,5,9,26,43,22,28,58,20,39,0,0,3,0,12,65,9,38,53,70,0,0,0,1,5,28,4,61,99,52
246,0,0,4,0,0,0,0,0,0,16,130,8,71,5,10,8,0,2,0,0,10,222,0,7,2,7,1,0,1,9,7,0,165,12,0,55,2,0,0,0,9,39,4,38,27,123,3,6,1,0,13,2,0,33,130,0,7,62,3,0,8,0,34,21,0,161,5,3,18,0,0,1,13,6,15,23,143,8,41,0,0,3,0,9,10,3,25,168,32,0,0,0,0,0,23,0,11,57,159
4,96,3,144,1,2,0,0,0,0,37,69,23,64,28,5,23,1,0,0,0,125,18,0,11,84,5,6,0,1,13,31,0,53,38,0,104,8,0,3,0,26,30,31,47,25,35,42,6,8,0,19,5,0,22,86,0,20,88,10,0,23,2,63,45,0,42,48,9,18,1,0,4,14,44,16,36,62,17,56,0,0,7,0,14,64,6,39,44,76,0,0,0,0,2,38,0,58,107,45
246,2,0,0,1,1,0,0,0,0,12,140,3,67,8,7,12,0,1,0,0,8,233,0,4,2,2,1,0,0,0,13,0,164,11,0,62,0,0,0,0,11,31,5,36,24,129,6,7,1,0,5,0,0,31,140,0,9,60,5,0,8,7,26,18,1,170,6,1,13,0,0,2,10,8,14,22,161,7,26,0,0,0,0,9,13,0,26,178,24,0,0,0,0,0,29,0,6,54,161
4,85,4,155,2,0,0,0,0,0,29,65,26,74,20,13,21,2,0,0,0,132,11,1,22,76,2,2,2,2,15,42,0,61,31,0,96,5,0,0,0,22,28,22,62,33,35,35,4,9,0,15,6,0,33,84,0,12,95,5,1,13,1,71,54,2,28,64,4,12,0,0,2,14,42,22,32,60,19,59,0,0,3,0,18,60,8,41,38,82,0,0,0,0,0,28,1,58,106,57
250,0,0,0,0,0,0,0,0,0,12,150,4,70,3,2,9,0,0,0,0,4,242,0,4,0,0,0,0,0,0,6,0,164,9,0,71,0,0,0,0,4,32,4,31,19,156,4,0,0,0,1,0,0,27,149,0,5,66,2,0,0,0,23,13,1,197,2,1,13,0,0,0,13,7,8,15,182,5,20,0,0,1,0,6,7,1,32,181,22,0,0,0,0,0,21,0,3,51,175
0,82,0,168,0,0,0,0,0,0,32,68,11,98,21,10,10,0,0,0,0,156,5,1,14,69,2,3,0,0,3,26,0,49,43,0,114,13,0,2,0,19,30,27,56,25,38,45,7,3,0,9,3,0,39,82,0,20,92,5,0,13,1,88,48,1,29,52,3,15,0,0,4,19,59,22,28,43,11,64,0,0,3,0,10,69,5,46,33,84,0,0,0,0,0,33,1,60,113,43
250,0,0,0,0,0,0,0,0,0,3,184,0,53,3,5,2,0,0,0,0,5,238,0,5,0,2,0,0,0,2,3,0,167,7,0,70,1,0,0,0,6,20,1,39,14,166,2,2,0,0,2,0,0,27,150,0,5,61,5,0,9,0,26,16,0,188,4,0,7,0,0,0,12,4,8,9,192,4,21,0,0,0,0,4,6,0,17,194,29,0,0,0,0,0,11,0,6,52,181
0,82,3,165,0,0,0,0,0,0,34,56,13,106,20,13,8,0,0,0,0,161,9,1,11,67,1,0,0,0,8,28,0,61,32,0,117,3,0,1,0,19,31,32,50,31,34,48,4,1,0,8,3,0,38,82,0,16,100,3,0,15,1,71,57,0,31,54,2,19,0,0,0,12,52,19,41,40,8,78,0,0,0,0,9,68,4,44,36,89,0,0,0,0,0,18,1,47,136,48
250,0,0,0,0,0,0,0,0,0,5,180,1,60,2,2,0,0,0,0,0,2,246,0,2,0,0,0,0,0,1,0,0,181,10,0,58,0,0,0,0,7,23,1,30,18,169,1,1,0,0,2,0,0,23,161,0,1,63,0,0,8,1,11,20,0,202,1,0,7,0,0,0,8,1,7,8,207,2,17,0,0,0,0,3,8,0,15,217,7,0,0,0,0,0,15,0,2,49,184
0,74,0,176,0,0,0,0,0,0,28,57,13,105,29,10,7,1,0,0,0,164,3,0,13,66,4,0,0,0,3,18,0,55,32,0,142,0,0,0,0,12,29,22,61,29,25,66,2,4,0,8,1,0,51,82,0,9,97,2,0,7,5,78,63,1,20,63,1,12,0,0,0,12,71,29,29,32,6,71,0,0,2,0,8,89,3,42,22,84,0,0,0,0,0,20,0,57,129,44
250,0,0,0,0,0,0,0,0,0,0,197,1,48,1,1,2,0,0,0,0,3,244,0,3,0,0,0,0,0,0,0,0,179,5,0,66,0,0,0,0,3,20,1,39,17,168,1,1,0,0,1,0,0,20,177,0,2,49,1,0,4,1,19,14,0,210,1,0,1,0,0,0,2,3,3,11,218,0,13,0,0,0,0,4,2,0,14,218,12,0,0,0,0,0,6,0,1,47,196
0,66,0,184,0,0,0,0,0,0,28,44,13,124,30,7,4,0,0,0,0,161,6,0,14,69,0,0,0,0,3,19,0,60,19,0,148,1,0,0,0,13,32,28,57,24,35,54,2,5,0,8,3,0,44,68,0,9,117,1,0,9,0,98,54,0,18,58,1,12,0,0,1,15,55,14,38,27,2,98,0,0,1,0,9,80,2,52,18,88,0,0,0,0,0,23,0,45,144,38
15,4,1,3,1,0,2,0,0,1,4,5,3,5,2,2,2,1,2,1,1,2,12,0,1,4,2,0,2,3,6,1,3,9,4,1,0,1,1,1,3,2,2,3,4,5,3,3,0,2,0,2,3,0,4,8,3,4,3,0,2,2,1,8,4,1,5,1,0,3,0,2,3,3,3,1,3,5,2,5,0,0,1,1,1,4,2,4,9,5,1,1,0,0,0,4,3,6,5,7
1,6,0,10,2,2,3,3,0,0,2,8,2,6,0,3,0,1,2,3,1,5,4,2,4,5,0,3,2,1,4,5,3,6,2,0,3,1,0,3,0,5,1,4,2,2,1,3,5,4,1,2,6,3,5,4,4,1,0,1,0,1,4,2,1,1,5,4,4,5,0,0,3,4,4,5,1,6,2,2,0,3,2,1,2,4,0,2,6,7,0,0,4,1,0,5,4,3,4,6
167,35,0,21,6,1,17,2,1,0,45,49,33,64,13,14,13,6,10,3,3,28,132,0,15,27,17,5,13,10,42,38,26,93,26,1,10,5,3,6,9,16,7,23,46,50,20,52,11,16,0,15,31,3,38,91,28,27,17,0,7,4,14,52,34,2,88,17,2,30,0,7,32,22,32,17,15,56,15,54,0,5,6,3,2,36,3,26,135,34,0,3,7,2,0,29,27,54,41,87
27,60,5,116,12,8,14,1,2,5,13,88,22,51,16,16,9,7,21,7,1,49,51,7,34,58,4,20,15,11,28,50,29,47,49,2,20,14,4,7,6,25,13,19,52,30,29,35,22,19,3,22,49,6,40,56,13,47,12,2,10,15,18,44,41,6,44,33,10,29,0,11,11,25,43,20,34,57,21,28,0,7,6,6,13,41,2,34,63,78,0,4,8,7,2,35,41,46,56,51
184,35,0,20,3,1,7,0,0,0,32,73,42,57,13,13,5,6,9,0,0,20,171,1,13,22,5,6,10,2,35,40,27,102,27,2,6,7,0,4,7,17,10,28,56,49,10,58,11,4,0,8,39,1,32,121,12,23,14,0,1,1,12,59,39,1,94,13,2,28,0,0,18,25,38,10,16,86,10,47,0,4,1,1,1,36,1,19,154,33,0,1,4,0,1,24,20,56,40,104
33,68,2,131,2,4,10,0,0,0,19,84,26,52,12,28,14,5,9,1,3,52,43,1,37,72,9,17,10,6,33,49,22,54,47,3,25,6,5,6,10,12,12,14,69,43,28,35,16,11,0,22,34,0,61,56,9,43,22,3,2,7,15,48,40,3,65,42,9,19,0,3,15,19,43,13,26,62,18,51,0,5,6,2,10,59,3,31,57,77,0,1,8,1,4,38,39,44,65,50
197,34,0,15,2,0,2,0,0,0,19,86,31,69,14,14,9,3,4,1,0,15,191,0,9,20,4,2,8,1,27,24,20,131,33,0,8,3,1,3,3,16,4,17,76,56,17,51,4,6,0,8,27,0,31,141,13,21,9,0,0,2,11,55,32,0,118,15,0,17,0,0,18,14,58,3,23,89,3,42,0,1,5,0,1,22,0,17,181,23,0,0,4,0,0,16,28,65,30,107
34,74,3,127,4,3,4,0,1,0,24,93,33,46,13,8,19,3,11,0,0,55,37,0,27,93,10,15,12,1,27,70,20,49,56,2,14,7,2,3,2,25,13,17,66,48,16,35,16,12,0,15,41,1,53,62,13,40,24,1,3,8,13,57,39,1,63,36,3,27,0,6,13,17,49,10,31,55,14,55,0,7,0,0,5,61,5,42,47,83,0,1,3,1,7,33,46,50,51,58
213,28,0,7,1,0,1,0,0,0,13,106,27,71,14,11,4,1,2,1,0,8,221,0,6,8,4,1,1,1,22,32,17,145,29,0,4,1,0,0,1,11,5,15,77,65,20,49,6,1,0,5,18,0,23,167,11,20,6,0,0,1,6,58,28,0,131,12,0,14,0,1,18,11,52,3,25,102,1,37,0,0,0,1,2,29,0,10,180,28,0,0,2,0,0,20,15,57,36,120
25,89,1,128,2,2,2,0,1,0,26,89,25,59,17,12,11,1,9,1,0,59,17,1,27,116,3,15,11,1,30,69,16,49,53,1,29,2,0,1,1,27,11,21,82,34,22,31,16,5,0,25,37,0,66,42,10,40,30,0,0,5,5,64,37,2,64,32,3,38,0,0,8,17,55,7,30,69,8,56,0,0,0,0,6,61,0,34,58,91,0,1,3,0,6,36,41,50,59,54
210,31,0,9,0,0,0,0,0,0,10,131,23,67,10,3,4,1,1,0,0,8,222,0,6,9,1,1,3,0,17,28,12,170,23,0,0,0,0,0,0,12,2,7,104,55,13,52,3,2,0,8,21,0,28,172,4,14,3,0,0,0,7,50,36,0,133,10,0,14,0,0,6,7,61,2,15,114,2,43,0,0,0,0,0,17,0,6,206,21,0,0,0,0,0,17,10,43,37,143
29,84,0,135,0,1,1,0,0,0,17,84,35,76,21,6,8,1,2,0,0,63,15,0,28,118,2,13,11,0,40,53,11,44,69,0,30,2,0,1,1,13,6,34,71,54,15,38,14,4,0,15,60,0,59,39,12,42,23,0,0,2,8,64,41,0,68,34,4,29,0,0,11,10,41,7,44,63,2,72,0,1,1,0,5,73,0,38,35,97,0,0,2,1,0,28,34,64,70,51
226,16,0,8,0,0,0,0,0,0,9,140,13,71,9,7,1,0,0,0,0,4,230,0,7,5,0,2,2,0,18,23,13,175,17,0,4,0,0,0,0,8,1,8,116,63,3,47,4,0,0,6,20,0,35,174,3,11,1,0,0,0,6,55,26,0,146,10,0,7,0,0,14,5,55,3,16,113,2,42,0,0,0,0,0,13,0,2,227,8,0,0,0,0,0,6,8,55,19,162
16,89,0,143,1,0,1,0,0,0,21,76,40,80,15,7,5,0,6,0,0,75,16,0,21,120,3,11,4,0,35,68,12,43,73,0,17,2,0,0,0,21,4,23,74,55,21,40,4,8,0,23,51,0,72,41,4,35,24,0,0,2,12,91,37,0,62,27,3,16,0,0,9,8,66,1,34,71,5,56,0,0,0,0,1,92,0,31,23,103,0,0,1,0,3,37,42,62,52,53
231,15,0,4,0,0,0,0,0,0,2,145,15,77,4,7,0,0,0,0,0,4,235,0,9,2,0,0,0,0,9,19,10,190,19,0,3,0,0,0,0,7,1,8,123,65,6,37,3,0,0,5,19,0,28,187,1,8,2,0,0,0,0,50,23,0,159,10,0,8,0,0,7,7,54,3,11,129,2,37,0,0,0,0,0,10,0,0,233,7,0,0,1,0,0,10,6,51,22,160
14,95,0,140,0,0,1,0,0,0,13,82,40,85,15,7,5,1,2,0,0,85,7,0,26,116,5,8,3,0,34,68,8,42,74,0,24,0,0,0,1,15,5,15,82,56,20,50,4,2,0,11,46,0,73,50,5,42,23,0,0,0,7,96,38,0,64,26,1,18,0,0,7,7,59,0,33,71,6,67,0,0,0,0,0,109,0,33,16,92,0,0,1,0,0,27,29,70,62,61
235,11,0,4,0,0,0,0,0,0,2,163,19,64,0,2,0,0,0,0,0,1,246,0,2,1,0,0,0,0,10,11,3,214,10,0,2,0,0,0,0,5,0,2,144,60,3,36,0,0,0,1,14,0,15,210,4,6,0,0,0,0,2,46,19,0,170,8,0,5,0,0,3,7,46,0,8,150,2,34,0,0,0,0,0,10,0,2,236,2,0,0,1,0,0,10,5,49,25,160
13,92,0,144,0,0,1,0,0,0,16,70,28,116,10,6,3,0,1,0,0,66,4,0,23,146,1,8,2,0,38,63,9,21,100,0,19,0,0,0,0,16,3,21,75,75,14,39,6,1,0,21,52,0,81,28,3,51,14,0,0,0,4,91,50,0,60,26,0,19,0,0,7,5,61,5,24,68,1,79,0,0,0,0,0,95,0,26,14,115,0,0,0,0,0,34,33,80,44,59
237,11,0,2,0,0,0,0,0,0,4,171,8,65,0,1,0,0,1,0,0,0,248,0,2,0,0,0,0,0,5,22,3,208,12,0,0,0,0,0,0,2,0,4,141,63,3,36,1,0,0,1,6,0,12,226,0,5,0,0,0,0,1,41,17,0,182,3,0,6,0,0,0,3,61,1,7,146,0,32,0,0,0,0,0,7,0,0,241,2,0,0,0,0,0,2,4,44,12,188
12,90,0,148,0,0,0,0,0,0,21,72,28,117,7,5,0,0,0,0,0,62,2,0,42,138,2,3,1,0,40,68,3,30,87,0,22,0,0,0,0,14,2,26,79,74,12,32,10,1,0,9,57,0,104,17,5,42,16,0,0,0,5,109,38,0,51,34,0,13,0,0,12,3,69,0,32,74,1,59,0,0,0,0,2,97,0,27,8,116,0,0,0,0,0,26,36,93,54,41
22,1,0,1,2,0,0,1,0,0,5,4,4,9,1,0,0,2,0,2,1,3,10,5,2,1,2,2,1,0,1,2,2,12,1,1,7,0,0,1,3,2,6,2,1,3,4,3,2,1,1,1,4,1,2,9,0,3,5,1,3,2,1,2,1,2,8,4,1,3,0,0,2,1,1,8,2,5,2,6,1,0,1,1,4,3,1,2,9,5,1,0,2,1,0,3,1,6,3,10
2,13,2,8,0,1,0,1,0,0,0,9,2,5,2,4,2,2,0,1,0,6,5,2,4,7,2,1,0,0,4,2,1,1,3,0,9,3,1,3,0,5,1,3,10,0,2,1,2,3,1,3,4,2,4,3,2,1,5,2,0,2,0,3,7,1,4,7,1,2,0,1,2,0,1,4,2,5,5,7,0,3,1,1,2,6,1,2,4,7,1,0,1,0,1,5,4,5,5,5
234,9,1,2,3,0,0,1,0,0,19,74,37,75,12,9,3,12,0,9,0,34,126,26,24,20,10,6,2,2,14,6,2,128,4,1,94,1,0,0,3,13,38,18,66,25,20,32,20,15,6,15,32,3,13,122,7,16,32,4,10,16,7,12,10,22,103,44,3,23,0,0,10,4,12,40,19,54,21,90,0,4,6,0,28,23,4,29,99,57,1,0,15,4,1,26,5,43,33,122
11,138,22,77,2,0,0,0,0,0,20,78,44,55,14,15,8,14,0,2,4,62,37,35,23,52,24,12,0,1,27,21,13,64,19,2,61,23,2,18,3,19,36,9,74,29,25,34,11,10,7,18,42,3,19,52,13,32,48,16,6,18,6,29,47,9,46,67,1,21,0,0,17,3,36,22,15,45,58,54,0,6,5,3,34,42,10,18,61,71,0,0,10,2,4,44,13,59,63,55
245,5,0,0,0,0,0,0,0,0,17,92,35,86,7,4,0,6,0,3,0,16,169,15,24,13,7,6,0,0,2,4,2,158,3,0,81,0,0,0,1,12,27,8,95,32,20,30,13,12,6,13,26,3,8,137,6,13,37,1,2,14,2,14,8,15,129,47,0,19,0,0,6,1,15,25,14,65,26,98,0,1,3,0,31,21,2,29,109,54,0,0,7,0,0,23,2,38,38,142
5,161,9,75,0,0,0,0,0,0,19,95,42,61,14,6,5,5,0,3,0,83,30,27,22,63,15,10,0,0,24,24,6,64,14,0,90,18,0,10,2,18,35,7,67,22,31,38,19,11,6,13,41,2,27,65,2,44,46,4,8,12,8,20,38,10,65,69,0,20,0,0,12,5,36,26,14,53,50,54,1,2,8,2,32,40,1,27,63,74,0,0,10,4,2,35,10,65,66,58
250,0,0,0,0,0,0,0,0,0,12,113,28,82,2,5,0,7,0,1,0,26,171,17,24,7,4,1,0,0,1,1,0,156,0,0,92,0,0,0,0,3,20,7,123,29,26,32,8,2,2,18,19,0,2,174,2,12,21,0,1,6,6,12,14,11,137,50,0,13,0,0,10,0,13,28,19,46,26,108,0,0,3,0,13,25,2,24,129,54,0,0,2,1,1,15,0,41,32,158
0,159,9,82,0,0,0,0,0,0,14,88,61,69,2,7,3,5,0,1,2,74,43,28,26,61,7,9,0,0,17,19,2,69,12,0,106,14,2,9,0,11,51,12,70,27,26,43,5,5,0,6,61,4,20,51,2,45,56,5,0,14,3,25,45,12,69,65,0,17,0,0,9,0,29,17,15,66,55,59,0,2,3,0,33,30,1,20,79,82,0,0,5,0,0,36,5,63,78,63
249,1,0,0,0,0,0,0,0,0,5,137,25,76,2,1,1,3,0,0,0,16,198,11,18,3,2,2,0,0,0,0,0,156,0,0,94,0,0,0,1,5,18,4,137,29,17,31,6,2,0,2,26,0,3,192,2,7,17,1,1,4,0,5,9,0,185,41,0,5,0,0,2,0,16,19,16,44,26,127,0,0,0,0,20,11,0,23,141,55,0,0,5,0,0,14,0,43,21,167
1,170,4,75,0,0,0,0,0,0,8,84,53,86,8,5,1,3,0,2,0,92,28,26,33,63,6,2,0,0,12,21,2,82,9,0,112,8,0,4,0,12,43,7,65,31,29,49,10,4,0,9,72,2,18,52,3,41,48,5,1,16,7,21,54,6,38,88,0,19,0,0,4,0,21,17,20,68,55,65,0,0,2,0,29,33,1,16,70,99,0,0,5,0,1,40,4,69,79,52
250,0,0,0,0,0,0,0,0,0,1,130,30,82,2,3,1,1,0,0,0,11,214,4,14,5,2,0,0,0,0,0,0,174,0,0,76,0,0,0,0,3,15,4,162,30,11,21,3,1,0,4,9,0,4,216,0,4,13,0,0,1,0,5,10,2,185,38,0,9,0,0,2,0,10,18,9,58,19,134,0,0,0,0,12,13,0,15,149,61,0,0,2,0,0,14,0,46,17,171
0,153,3,94,0,0,0,0,0,0,9,94,66,76,4,0,1,0,0,0,0,86,19,30,30,73,12,0,0,0,11,16,0,70,7,0,138,8,0,0,0,12,49,9,63,26,22,56,10,3,0,5,80,1,16,29,3,44,70,2,0,8,5,21,53,6,49,86,0,22,0,0,3,0,26,15,21,69,57,59,0,0,2,0,32,36,1,16,68,95,0,0,3,0,0,34,1,89,70,53
250,0,0,0,0,0,0,0,0,0,2,129,21,97,0,0,0,1,0,0,0,7,225,9,6,3,0,0,0,0,0,0,0,185,0,0,65,0,0,0,0,2,12,0,162,31,12,26,2,3,1,2,15,0,1,221,0,3,7,0,0,2,0,0,5,1,201,37,0,4,0,0,3,0,9,13,9,56,21,139,0,0,0,0,18,9,0,9,160,54,0,0,0,0,0,18,0,37,11,184
0,187,1,62,0,0,0,0,0,0,4,106,56,77,3,3,0,1,0,0,0,106,18,30,22,66,7,1,0,0,5,12,0,64,2,0,166,0,0,1,0,13,46,6,62,34,24,53,11,1,0,5,78,0,18,26,1,48,72,2,0,7,2,21,71,6,42,95,0,6,0,0,5,0,25,13,21,69,56,61,0,0,0,0,22,43,0,13,72,100,0,0,2,0,1,29,4,84,87,43
250,0,0,0,0,0,0,0,0,0,0,155,16,77,1,0,0,1,0,0,0,7,235,2,6,0,0,0,0,0,0,0,0,169,0,0,81,0,0,0,0,2,5,0,198,18,1,23,3,0,0,5,3,0,0,235,0,1,6,0,0,1,0,2,6,0,213,26,0,2,0,0,1,0,11,4,5,51,22,156,0,0,0,0,10,3,0,6,181,50,0,0,0,0,0,11,0,28,10,201
0,179,0,71,0,0,0,0,0,0,3,85,56,99,2,4,1,0,0,0,0,112,14,27,26,67,4,0,0,0,2,6,2,78,0,0,160,2,0,0,0,19,47,3,37,35,26,72,9,2,0,3,78,1,14,13,0,60,81,0,0,4,3,16,89,3,33,94,0,8,0,0,1,0,27,12,10,76,66,58,0,0,0,0,25,40,0,13,54,118,0,0,2,0,0,47,0,92,75,34
250,0,0,0,0,0,0,0,0,0,0,173,11,66,0,0,0,0,0,0,0,5,236,3,6,0,0,0,0,0,0,0,0,190,0,0,60,0,0,0,0,2,12,0,200,14,7,15,0,0,0,1,3,0,0,242,0,0,4,0,0,0,0,1,2,0,224,23,0,0,0,0,1,0,9,4,6,52,21,157,0,0,0,0,8,3,0,5,191,43,0,0,0,0,0,5,0,30,10,205
0,194,0,56,0,0,0,0,0,0,1,76,56,115,1,1,0,0,0,0,0,114,13,25,30,66,1,1,0,0,0,5,0,59,1,0,184,1,0,0,0,9,55,1,40,39,17,82,7,0,0,0,99,0,18,7,0,44,82,0,0,4,0,19,86,4,22,108,0,7,0,0,2,0,12,16,8,83,61,68,0,0,0,0,21,44,0,11,47,127,0,0,0,0,0,31,0,101,82,36
250,0,0,0,0,0,0,0,0,0,0,179,8,63,0,0,0,0,0,0,0,1,243,3,3,0,0,0,0,0,0,0,0,193,0,0,57,0,0,0,0,2,8,0,217,11,1,11,0,0,0,0,1,0,0,245,0,1,3,0,0,0,0,0,0,0,225,25,0,0,0,0,0,0,1,4,5,55,25,160,0,0,0,0,9,3,0,1,191,46,0,0,0,0,0,2,0,21,6,221
0,195,0,55,0,0,0,0,0,0,0,69,67,112,0,2,0,0,0,0,0,133,7,20,26,62,2,0,0,0,1,1,0,57,1,0,190,0,0,0,0,11,46,2,26,41,21,97,6,0,0,3,97,0,15,5,1,47,81,1,0,2,0,18,76,1,25,118,0,10,0,0,1,0,20,9,12,84,62,62,0,0,0,0,39,29,0,10,52,120,0,0,0,0,0,28,0,116,83,23
18,3,0,5,1,0,0,0,0,0,4,2,5,5,4,3,2,1,1,0,0,3,16,1,0,3,2,2,0,0,5,1,1,14,1,1,2,0,1,1,0,0,0,4,7,3,6,4,1,2,2,3,2,0,2,5,3,2,7,1,1,2,1,5,2,0,11,2,1,2,1,0,1,0,2,6,6,6,1,4,0,1,1,1,2,3,1,3,8,7,1,0,2,1,1,0,4,5,3,10
1,10,1,10,2,1,2,0,0,0,1,7,1,2,5,7,2,0,1,1,2,7,3,1,4,6,2,1,0,1,1,8,1,5,5,0,2,2,2,1,0,2,2,6,1,1,4,5,2,4,0,2,1,1,4,7,0,4,2,6,1,4,0,4,3,1,4,4,2,4,0,2,1,4,7,1,1,8,3,0,1,0,3,1,1,4,1,3,6,7,0,0,1,1,2,1,6,3,5,8
205,15,0,30,0,0,0,0,0,0,26,53,21,47,30,45,22,2,4,0,0,26,185,2,5,19,5,7,0,1,35,12,4,161,11,2,8,7,4,6,0,5,7,34,67,17,56,34,7,23,4,13,7,3,18,90,16,22,54,23,0,6,0,66,18,0,134,15,6,5,1,6,6,7,55,21,35,86,7,26,0,1,6,3,15,16,2,12,120,75,1,0,6,2,3,0,25,30,44,139
21,79,3,132,6,1,8,0,0,0,14,44,33,27,47,50,16,4,15,0,4,109,29,5,35,47,9,8,3,1,52,46,7,47,42,3,27,17,6,3,0,9,26,25,46,21,45,44,17,17,3,17,14,4,33,52,9,32,56,30,11,29,4,45,34,4,60,40,9,14,0,5,18,9,62,25,20,76,9,26,0,3,6,3,14,67,7,24,74,52,0,1,3,5,23,11,50,43,53,61
227,8,0,15,0,0,0,0,0,0,16,57,22,43,40,61,10,1,0,0,0,20,202,0,7,8,6,6,0,1,19,9,3,200,8,0,5,1,1,4,0,6,13,25,78,23,65,20,5,15,0,6,3,0,19,98,8,22,81,13,1,4,0,55,9,0,167,11,1,2,0,4,2,6,77,15,20,104,5,17,0,1,2,0,11,18,0,14,148,56,0,0,0,1,4,0,15,26,36,168
11,90,0,145,1,0,3,0,0,0,8,53,52,35,42,42,11,1,6,0,3,134,23,1,25,51,6,6,1,0,72,55,5,27,34,0,41,10,3,3,0,7,17,37,46,30,44,48,15,6,2,9,8,1,36,70,9,23,64,28,2,23,1,56,49,1,61,40,6,11,0,4,10,11,70,17,20,84,8,26,0,0,0,3,8,84,2,16,61,76,0,0,6,1,8,5,52,81,49,48
235,5,0,10,0,0,0,0,0,0,11,57,34,41,47,50,10,0,0,0,0,8,232,0,1,6,3,0,0,0,16,7,0,212,6,0,5,2,0,2,0,2,11,22,94,18,62,28,2,11,0,9,3,0,13,121,4,15,73,12,1,0,0,48,8,0,183,10,0,0,0,2,3,1,69,14,19,122,2,18,0,1,0,0,6,15,1,7,162,58,0,0,1,0,0,0,20,16,30,183
13,83,0,154,0,0,0,0,0,0,9,74,28,37,46,42,11,1,2,0,0,147,15,0,14,71,1,2,0,0,59,48,2,31,61,0,37,7,3,2,0,3,17,36,60,19,52,49,8,6,1,7,14,1,34,66,3,17,86,21,0,20,0,74,51,0,58,38,2,7,0,2,6,10,81,18,20,78,2,33,0,0,0,2,10,79,1,14,54,90,0,0,2,1,5,6,50,77,57,52
247,0,0,3,0,0,0,0,0,0,4,85,14,38,47,49,12,0,1,0,0,6,241,0,1,1,0,1,0,0,6,0,1,237,2,0,2,2,0,0,0,0,5,21,100,6,70,38,1,9,0,3,2,0,14,146,0,11,66,8,0,1,0,51,5,0,191,2,0,0,0,0,0,0,92,15,13,116,3,11,0,0,0,0,6,8,0,3,183,50,0,0,0,0,1,0,15,12,33,189
3,79,0,168,0,0,0,0,0,0,4,43,40,36,56,52,13,4,2,0,0,173,8,0,11,57,0,1,0,0,76,56,3,9,47,0,48,9,1,1,0,3,14,33,45,23,59,57,1,15,0,8,8,1,35,63,4,15,95,21,1,18,0,89,52,1,51,33,3,2,0,0,6,10,80,19,22,84,3,26,0,0,0,2,6,83,0,10,49,100,0,0,2,0,4,1,45,72,73,53
244,0,0,6,0,0,0,0,0,0,6,52,21,54,54,58,4,0,1,0,0,4,242,0,0,2,1,1,0,0,8,2,0,235,4,0,1,0,0,0,0,1,4,21,110,9,73,27,0,5,0,1,0,0,13,139,9,16,62,10,0,0,0,40,2,0,208,0,0,0,0,0,1,1,82,15,10,137,0,4,0,0,0,0,2,3,0,2,204,39,0,0,0,0,0,0,12,9,19,210
5,71,0,174,0,0,0,0,0,0,6,66,40,31,58,42,4,0,3,0,0,176,6,0,14,52,1,1,0,0,80,54,1,14,62,0,37,2,0,0,0,2,13,25,56,24,50,68,1,11,0,1,7,0,34,71,4,27,85,21,0,9,1,120,43,0,38,34,0,5,0,2,0,8,105,11,24,79,2,19,0,0,1,0,2,89,0,11,38,109,0,0,0,0,0,1,53,90,72,34
249,0,0,1,0,0,0,0,0,0,5,74,20,38,45,62,6,0,0,0,0,4,244,0,2,0,0,0,0,0,3,2,0,245,0,0,0,0,0,0,0,0,5,17,120,4,65,36,0,3,0,0,3,0,7,161,1,17,57,4,0,0,0,43,1,0,203,2,0,1,0,0,1,1,82,6,6,150,0,4,0,0,0,0,0,3,0,1,210,36,0,0,0,0,0,0,15,7,12,216
0,76,0,174,0,0,0,0,0,0,1,61,38,39,51,51,6,0,3,0,0,184,5,0,5,55,1,0,0,0,78,58,0,5,55,0,52,2,0,0,0,0,17,30,60,16,50,69,0,8,0,2,7,0,38,64,4,17,109,9,0,8,0,116,41,0,46,37,1,1,0,0,0,2,124,14,13,74,0,23,0,0,0,0,2,97,1,10,38,102,0,0,0,0,1,3,56,93,69,28
248,0,0,2,0,0,0,0,0,0,0,92,22,35,50,46,4,0,1,0,0,3,247,0,0,0,0,0,0,0,3,0,0,247,0,0,0,0,0,0,0,0,3,8,121,7,71,36,0,4,0,0,0,0,8,157,1,15,66,3,0,0,0,29,1,0,220,0,0,0,0,0,0,0,82,6,0,160,0,2,0,0,0,0,1,2,0,2,210,35,0,0,0,0,0,0,8,6,11,225
2,69,0,179,0,0,0,0,0,0,5,57,36,33,65,48,4,0,2,0,0,179,3,0,4,64,0,0,0,0,79,41,0,3,65,0,62,0,0,0,0,0,10,42,55,17,71,52,0,3,0,1,4,0,38,72,2,15,107,11,0,3,0,133,50,0,30,33,0,1,0,0,0,1,124,10,17,80,1,17,0,0,0,0,3,95,0,5,39,108,0,0,0,0,1,1,53,108,66,21
250,0,0,0,0,0,0,0,0,0,0,88,13,35,63,50,1,0,0,0,0,1,249,0,0,0,0,0,0,0,1,0,0,249,0,0,0,0,0,0,0,0,1,7,123,6,83,29,0,1,0,0,1,0,4,175,0,10,59,1,0,0,0,17,1,0,232,0,0,0,0,0,0,0,81,3,2,164,0,0,0,0,0,0,0,0,0,0,224,26,0,0,0,0,0,0,6,2,5,237
0,59,0,191,0,0,0,0,0,0,0,66,29,35,66,49,5,0,0,0,0,187,1,0,1,61,0,0,0,0,86,56,0,1,54,0,52,1,0,0,0,1,9,19,71,20,64,64,1,1,0,1,5,0,33,60,0,14,131,6,0,3,0,154,44,0,18,30,0,1,0,0,1,2,130,11,12,74,0,20,0,0,0,0,2,88,0,4,24,132,0,0,0,0,0,0,51,107,81,11
250,0,0,0,0,0,0,0,0,0,0,100,21,30,56,43,0,0,0,0,0,1,249,0,0,0,0,0,0,0,0,0,0,250,0,0,0,0,0,0,0,0,1,7,122,4,85,30,1,0,0,0,1,0,2,199,0,3,44,1,0,0,0,18,0,0,232,0,0,0,0,0,1,0,69,1,1,175,0,3,0,0,0,0,0,0,0,0,231,19,0,0,0,0,0,0,3,2,8,237
0,55,0,195,0,0,0,0,0,0,2,69,16,48,48,63,4,0,0,0,0,197,1,0,2,50,0,0,0,0,79,45,0,0,63,0,61,2,0,0,0,0,6,29,70,20,67,55,0,3,0,0,2,0,39,43,1,9,149,7,0,1,0,148,47,0,18,36,0,0,0,0,1,1,157,7,6,70,0,8,0,0,0,0,1,92,0,3,19,135,0,0,0,0,0,0,57,109,71,13
21,1,0,2,0,1,2,0,0,0,5,8,1,2,1,3,2,1,2,2,1,5,10,2,3,4,1,1,0,0,8,1,0,9,3,2,1,1,0,2,2,2,0,2,5,4,2,6,2,2,1,2,6,0,2,6,2,2,4,2,1,2,1,5,1,0,5,3,3,6,0,1,3,2,3,4,0,9,2,3,0,1,0,0,3,3,1,3,10,6,0,1,1,0,2,1,1,7,3,11
2,7,1,12,1,0,3,0,1,0,2,8,4,5,2,1,2,2,1,0,1,6,9,0,3,6,1,1,0,0,3,6,3,6,1,1,5,2,0,0,1,1,2,2,4,3,4,6,1,3,0,2,2,0,0,10,0,7,3,3,1,3,1,5,2,1,3,4,2,5,0,1,3,0,3,3,11,2,1,3,0,2,2,2,0,7,2,1,3,8,1,1,2,1,5,1,3,5,3,5
230,3,0,10,2,1,2,0,2,0,25,132,22,19,8,13,14,6,8,3,3,36,146,8,29,19,1,8,0,0,58,10,5,127,12,3,21,8,0,6,2,1,0,9,73,26,19,94,9,17,3,21,45,0,19,101,5,22,24,10,1,11,10,46,22,1,65,23,22,49,0,2,12,4,34,34,47,86,3,28,0,1,3,0,23,51,3,12,98,59,0,8,3,3,16,7,10,53,12,138
9,65,2,152,2,1,16,0,3,0,32,40,46,42,27,26,18,9,4,6,1,93,53,6,25,59,8,5,0,0,41,42,11,54,31,4,54,5,4,4,1,4,9,7,55,35,42,70,11,16,1,15,41,0,17,78,8,46,23,21,8,21,14,36,36,9,37,30,25,34,0,9,26,8,56,20,55,42,15,19,0,4,11,3,21,51,9,22,71,58,0,4,4,12,27,10,22,76,38,57
242,1,0,5,0,0,1,1,0,0,27,148,17,13,10,20,11,4,0,0,0,35,156,2,25,24,1,7,0,0,52,9,2,146,8,0,28,1,1,3,0,0,0,3,79,26,13,109,5,15,0,8,37,0,15,158,0,15,13,4,0,11,7,38,22,2,73,25,21,51,0,2,16,1,26,26,61,96,3,19,0,1,2,1,11,58,1,9,111,56,0,2,1,1,17,4,7,45,12,161
6,56,0,181,2,1,3,0,1,0,23,51,61,31,37,13,16,9,8,1,1,94,55,4,26,61,5,3,0,1,42,54,9,55,26,2,55,5,0,2,0,2,1,7,59,35,27,81,16,22,1,11,62,0,33,58,2,44,24,15,3,17,9,30,36,2,52,47,12,42,0,4,13,8,84,18,47,46,8,22,0,2,14,1,30,56,2,18,74,53,0,1,0,3,16,11,20,98,41,60
248,0,0,2,0,0,0,0,0,0,20,174,10,9,9,17,6,5,0,0,0,33,188,0,14,14,0,1,0,0,37,4,1,184,4,0,20,0,0,0,0,0,0,2,74,7,12,137,10,8,0,7,49,0,14,157,0,11,8,4,0,5,8,58,29,0,77,20,19,34,0,0,13,0,45,26,59,93,1,13,0,0,1,0,14,53,1,16,109,56,0,0,0,1,18,2,13,35,7,174
2,58,0,184,0,0,5,0,1,0,39,37,67,34,37,14,10,6,4,2,1,121,42,1,22,62,0,1,0,0,58,41,5,41,21,0,78,3,0,3,0,0,2,3,67,33,42,77,8,18,1,6,71,0,31,50,3,43,30,15,2,19,8,37,33,3,54,40,14,40,0,2,10,2,65,19,70,56,4,22,0,0,9,0,16,69,2,13,86,55,0,3,1,1,20,5,22,107,37,54
249,0,0,1,0,0,0,0,0,0,9,185,19,8,6,15,6,1,1,0,0,25,195,0,14,16,0,0,0,0,39,4,1,192,1,0,13,0,0,0,0,0,0,0,84,10,4,141,2,9,0,2,39,0,9,181,0,8,10,1,0,4,8,45,38,0,74,23,14,44,0,1,7,0,41,18,52,109,0,22,0,0,0,0,13,38,0,7,152,40,0,1,0,0,4,3,7,40,2,193
1,55,0,194,0,0,0,0,0,0,25,31,65,58,32,12,9,12,5,1,0,130,42,1,16,58,0,3,0,0,60,34,7,38,25,1,81,4,0,0,0,0,0,0,73,34,36,77,9,21,0,10,66,0,47,46,0,48,19,14,1,11,8,32,45,1,54,47,25,26,0,1,9,2,77,25,67,53,2,14,0,1,3,0,9,88,4,15,64,66,0,0,0,1,16,10,15,118,46,44
250,0,0,0,0,0,0,0,0,0,6,202,18,4,2,13,4,1,0,0,0,14,217,0,11,8,0,0,0,0,44,4,0,187,1,0,13,0,0,1,0,0,0,0,72,13,6,153,3,3,0,0,31,0,8,196,0,7,7,1,0,5,4,39,42,0,88,21,11,40,0,1,2,0,48,17,52,110,0,20,0,0,1,0,3,57,0,7,131,51,0,0,0,0,4,2,3,39,4,198
0,37,0,213,0,0,0,0,0,0,27,24,68,61,35,18,7,8,2,0,0,149,26,0,16,58,1,0,0,0,73,20,1,56,17,0,82,1,0,0,0,0,0,0,97,22,33,82,4,12,0,4,80,0,38,45,0,61,17,5,0,11,10,37,34,0,71,50,13,24,0,2,6,0,80,16,68,63,2,13,0,0,1,0,14,69,1,10,94,61,0,0,0,0,12,5,17,132,38,46
250,0,0,0,0,0,0,0,0,0,8,214,10,2,3,9,2,1,1,0,0,19,216,0,8,6,0,1,0,0,33,2,0,212,0,0,3,0,0,0,0,0,0,0,75,3,3,168,0,1,0,1,34,0,6,202,0,2,4,1,0,2,9,40,34,0,115,20,4,26,0,0,1,0,42,22,52,125,0,8,0,0,0,0,2,44,0,4,168,32,0,0,0,0,1,1,1,16,0,231
0,41,0,209,0,0,0,0,0,0,43,27,73,52,38,10,6,0,1,0,0,153,26,0,16,54,0,1,0,0,87,23,0,35,26,0,78,1,0,0,0,0,0,1,110,23,28,72,4,12,0,3,76,0,27,43,0,68,21,12,0,5,5,55,42,1,57,45,8,32,0,0,6,1,79,14,78,52,2,18,0,0,1,0,12,66,1,9,64,97,0,1,0,0,13,5,14,168,32,17
250,0,0,0,0,0,0,0,0,0,0,230,9,2,2,5,2,0,0,0,0,13,234,0,1,2,0,0,0,0,17,0,0,226,0,0,7,0,0,0,0,0,0,0,64,9,1,173,1,2,0,0,28,0,2,214,0,4,2,0,0,2,1,42,37,0,96,24,15,33,0,0,2,0,52,13,60,118,0,5,0,0,0,0,3,44,0,1,170,32,0,0,0,0,2,0,1,14,0,233
0,35,0,215,0,0,0,0,0,0,37,13,85,59,46,8,1,1,0,0,0,179,14,1,13,43,0,0,0,0,76,26,0,23,30,0,95,0,0,0,0,0,0,0,107,23,30,69,7,14,0,3,91,0,43,29,0,50,28,6,1,10,5,31,44,0,71,49,6,33,0,0,3,0,86,25,72,59,0,5,0,0,0,0,13,76,0,2,70,89,0,0,0,0,3,4,16,183,28,16
250,0,0,0,0,0,0,0,0,0,1,239,6,1,0,3,0,0,0,0,0,9,239,0,1,1,0,0,0,0,9,1,0,235,0,0,5,0,0,0,0,0,0,0,59,3,0,187,0,1,0,0,16,0,2,231,0,1,0,0,0,1,2,34,36,0,116,15,7,39,0,0,0,0,43,11,51,139,0,6,0,0,0,0,3,40,0,1,176,30,0,0,0,0,1,0,0,12,1,236
0,28,0,222,0,0,0,0,0,0,32,10,96,56,44,10,2,0,0,0,0,174,11,0,9,56,0,0,0,0,104,23,0,15,18,0,90,0,0,0,0,0,0,0,146,17,19,59,0,9,0,3,114,0,37,17,0,48,23,8,0,5,7,46,35,0,65,45,14,33,0,0,1,0,86,13,71,68,0,11,0,0,0,0,7,82,0,5,67,89,0,0,0,0,8,3,3,200,22,14
250,0,0,0,0,0,0,0,0,0,1,239,4,2,1,2,0,1,0,0,0,2,245,0,2,1,0,0,0,0,20,0,0,227,0,0,3,0,0,0,0,0,0,0,63,1,0,186,0,0,0,0,11,0,1,237,0,1,0,0,0,1,0,39,39,0,124,13,2,32,0,0,0,0,37,10,56,141,0,6,0,0,0,0,0,28,0,1,193,28,0,0,0,0,0,0,0,8,0,242
0,19,0,231,0,0,0,0,0,0,29,10,86,60,52,12,1,0,0,0,0,186,4,0,11,49,0,0,0,0,99,22,0,23,19,0,87,0,0,0,0,0,0,0,139,13,23,63,0,12,0,3,111,0,39,11,0,55,26,5,0,3,6,42,35,0,70,46,10,38,0,0,1,0,79,13,84,64,0,9,0,0,1,0,5,98,0,4,53,89,0,0,0,0,4,0,7,206,25,8
18,2,1,3,0,1,1,0,0,1,3,4,2,9,3,3,1,0,0,2,3,3,7,4,2,4,1,1,1,1,3,4,1,8,1,1,6,2,1,0,1,1,2,8,4,0,3,3,3,2,1,0,1,1,4,12,3,2,3,0,1,1,0,3,1,2,7,3,3,6,0,0,1,3,4,2,5,5,5,2,1,2,1,2,0,5,2,5,7,2,1,0,1,0,1,1,0,2,9,12
3,9,1,10,1,0,1,0,0,2,4,8,3,5,1,1,2,0,2,1,2,8,3,2,5,1,1,2,2,1,3,3,0,8,4,0,5,1,1,2,0,4,3,2,5,4,2,3,2,2,1,2,3,4,3,2,2,3,2,5,1,1,1,2,4,0,7,5,1,5,0,2,1,2,3,5,0,5,3,6,0,0,4,2,1,3,2,3,4,8,0,1,0,2,3,4,3,2,7,5
209,5,1,25,2,0,6,0,0,2,30,69,15,73,28,17,9,0,2,7,33,35,76,24,30,28,5,9,7,3,26,25,5,118,11,1,51,7,4,2,0,17,19,53,57,19,32,16,30,7,4,5,14,9,42,118,10,23,18,7,1,5,5,34,11,8,84,34,16,52,0,3,9,15,36,23,46,43,48,27,0,4,13,8,3,41,10,38,90,43,4,1,7,1,10,12,2,16,78,119
14,101,1,121,1,2,7,1,0,2,26,73,27,41,34,23,14,2,3,7,6,78,39,17,39,22,17,14,10,8,32,38,4,71,30,0,62,6,2,5,4,35,13,26,34,34,37,36,19,12,1,9,30,14,38,40,15,29,34,40,3,15,9,34,28,9,43,65,10,34,1,7,17,20,48,36,21,40,23,37,3,9,11,2,18,47,22,35,36,67,1,4,4,4,18,21,9,36,86,67
225,1,0,21,1,0,2,0,0,0,21,88,13,73,32,14,6,0,0,3,34,53,68,18,36,22,1,13,4,1,29,15,3,147,14,0,39,1,2,0,0,24,9,51,66,13,33,22,25,7,1,9,5,12,41,136,6,19,16,5,0,6,5,29,13,6,101,35,10,45,0,1,3,8,44,31,54,47,43,19,0,2,10,7,5,42,8,26,89,61,0,0,1,0,10,14,1,15,78,131
15,109,1,124,0,1,0,0,0,0,21,62,39,48,41,15,18,2,2,2,5,79,53,21,25,35,12,8,5,7,32,42,4,66,21,1,74,2,4,4,1,32,15,37,42,27,46,34,12,4,0,10,23,5,38,37,16,32,51,38,1,12,9,50,19,8,35,67,5,44,0,1,14,10,64,42,27,34,26,32,0,3,15,2,9,51,23,32,44,71,1,3,4,0,10,16,6,34,103,73
235,1,0,14,0,0,0,0,0,0,25,120,7,63,20,9,3,0,0,3,26,60,90,13,27,18,2,8,5,1,15,16,0,180,5,0,34,0,0,0,0,27,7,53,71,19,30,20,19,4,0,5,3,2,57,140,6,24,11,2,0,4,2,25,11,2,105,49,7,45,0,1,7,6,42,24,63,62,21,24,0,1,6,2,2,33,4,28,131,43,0,0,0,0,7,3,0,15,83,142
8,91,0,147,0,0,4,0,0,0,36,66,38,47,32,17,9,0,1,4,11,89,48,12,26,34,8,14,7,1,43,35,6,56,14,1,91,2,1,1,0,37,10,32,55,29,43,28,12,4,0,9,30,5,44,35,9,45,46,27,0,9,5,39,25,10,51,65,1,45,0,2,12,13,61,26,40,45,24,27,0,1,7,2,15,62,17,24,38,84,0,0,1,0,8,15,1,46,110,69
248,0,0,2,0,0,0,0,0,0,17,132,5,62,26,4,3,0,1,0,21,61,104,6,26,26,1,5,0,0,8,16,0,190,6,0,30,0,0,0,0,31,2,54,78,17,30,19,16,3,1,1,4,1,57,151,3,21,10,1,0,2,1,17,10,2,120,54,3,41,0,1,3,3,60,29,49,49,30,26,0,1,3,0,0,33,2,30,135,46,0,0,0,0,5,7,0,8,84,146
1,100,0,149,0,0,0,0,0,0,33,53,39,66,34,22,2,0,1,0,19,94,38,17,30,32,8,5,4,3,38,43,4,47,26,1,89,1,1,0,0,30,10,34,58,24,57,22,11,4,0,3,23,1,50,46,3,48,39,37,0,3,4,46,19,1,45,73,11,48,0,2,18,16,59,37,35,44,14,25,0,0,10,1,4,73,12,23,44,83,0,0,0,0,9,8,1,50,115,67
243,1,0,6,0,0,0,0,0,0,4,150,6,69,16,5,0,0,0,0,16,68,113,5,20,24,0,4,0,0,8,8,0,215,0,0,19,0,0,0,0,27,3,54,86,15,38,17,9,1,0,1,1,0,45,170,4,17,11,1,0,0,1,20,8,3,122,52,2,42,0,1,4,5,65,19,50,56,26,24,0,1,2,2,4,43,3,32,123,40,0,0,0,0,5,4,0,6,72,163
7,95,0,148,0,0,0,0,0,0,37,61,45,52,38,12,5,0,0,0,18,90,45,17,22,41,3,9,4,1,45,44,1,32,22,0,105,0,0,1,0,37,10,29,59,17,63,26,7,2,0,2,21,3,63,39,2,48,49,23,0,1,1,41,30,2,50,74,4,47,0,0,9,9,75,30,44,41,12,30,0,1,3,0,5,63,10,34,45,89,0,0,0,0,2,6,0,43,135,64
248,0,0,2,0,0,0,0,0,0,7,139,2,78,23,1,0,0,0,0,10,85,113,7,12,17,1,5,0,0,5,0,0,229,2,0,14,0,0,0,0,9,1,45,117,9,37,19,13,0,0,1,1,0,45,178,3,15,7,0,0,1,0,19,2,1,137,61,0,29,0,0,3,4,77,26,51,57,17,15,0,0,2,1,2,42,2,24,145,32,0,0,0,0,2,4,0,5,70,169
1,104,0,145,0,0,0,0,0,0,31,48,41,54,62,10,3,0,0,1,16,92,52,8,33,39,5,3,2,0,44,44,4,21,13,0,124,0,0,0,0,34,8,32,41,26,58,43,7,1,0,0,21,1,57,35,1,56,54,25,0,2,0,32,31,3,46,76,3,57,0,0,5,3,76,29,52,40,16,29,0,1,7,0,1,78,10,27,46,80,0,0,0,0,4,4,2,30,143,67
248,0,0,2,0,0,0,0,0,0,1,161,2,59,23,4,0,0,0,0,10,99,106,4,13,14,0,4,0,0,2,6,0,223,1,0,18,0,0,0,0,13,0,42,128,10,35,14,8,0,0,1,0,0,45,178,0,19,7,0,0,0,0,17,5,0,159,41,0,28,0,0,1,1,77,29,55,48,18,21,0,0,4,1,0,41,1,23,144,36,0,0,0,0,1,2,0,8,74,165
2,101,0,147,0,0,0,0,0,0,39,46,49,58,44,14,0,0,0,0,19,80,42,3,58,38,1,6,2,1,43,39,0,25,31,0,112,0,0,0,0,29,10,22,67,18,60,34,9,1,0,0,9,2,82,50,0,47,42,18,0,1,0,36,18,1,54,98,2,40,0,0,6,2,81,27,54,37,18,25,0,0,6,0,3,72,8,16,58,87,0,0,0,0,3,2,0,19,148,78
249,0,0,1,0,0,0,0,0,0,5,178,2,53,10,2,0,0,0,0,5,96,117,3,15,11,0,3,0,0,1,2,0,234,0,0,13,0,0,0,0,17,1,37,136,9,38,9,3,0,0,1,1,0,35,203,0,9,0,1,0,0,0,19,5,0,157,45,0,24,0,0,0,1,93,23,39,73,9,12,0,0,2,0,2,31,1,22,151,41,0,0,0,0,1,1,0,5,77,166
1,99,0,150,0,0,0,0,0,0,30,47,49,55,57,11,1,0,0,0,21,84,37,7,62,32,2,5,0,0,43,42,0,16,19,0,130,0,0,0,0,28,12,47,57,12,67,20,7,0,0,1,8,0,88,34,1,55,39,24,0,0,1,33,18,0,52,104,2,40,0,0,6,4,80,25,48,47,11,29,0,0,2,0,4,71,4,20,48,101,0,0,0,0,2,1,0,23,146,78
250,0,0,0,0,0,0,0,0,0,5,176,1,51,16,1,0,0,0,0,2,110,107,2,18,7,0,4,0,0,2,0,0,234,0,0,14,0,0,0,0,12,0,38,135,8,30,18,9,0,0,0,0,0,46,189,0,12,3,0,0,0,0,14,2,0,165,46,0,23,0,0,0,0,87,32,37,64,10,20,0,0,2,0,0,31,1,9,174,33,0,0,0,0,0,0,0,3,80,167
0,94,0,156,0,0,0,0,0,0,43,43,49,56,48,10,1,0,0,0,16,86,41,6,66,30,0,5,0,0,39,42,0,16,18,0,135,0,0,0,0,30,5,30,56,22,72,27,8,0,0,0,9,0,76,42,0,57,52,14,0,1,0,43,29,1,43,83,0,50,0,0,0,1,98,31,40,46,7,27,0,0,2,0,2,65,0,19,40,122,0,0,0,0,0,1,0,25,145,79
17,5,1,3,0,0,1,0,0,0,2,7,4,8,0,3,2,0,1,0,2,5,8,2,2,3,3,2,0,0,3,5,4,10,0,0,2,1,1,1,0,2,3,4,4,2,1,5,3,3,1,1,2,3,6,8,0,1,1,4,4,2,1,2,5,0,6,5,2,0,1,0,1,1,4,3,5,6,2,4,0,1,0,1,0,2,2,2,12,7,0,0,1,1,1,2,3,2,4,13
6,8,2,9,0,1,1,0,0,0,0,6,6,5,3,1,4,2,0,0,1,7,5,4,2,2,2,1,3,0,5,4,1,5,4,2,3,3,0,0,1,1,3,1,8,2,4,3,2,2,1,5,6,0,1,2,1,4,6,1,2,3,2,4,4,1,3,3,1,4,0,1,1,2,3,3,3,6,1,7,1,1,3,0,3,4,2,2,3,8,0,0,0,0,4,1,4,9,5,4
209,26,2,12,0,0,1,0,0,0,7,76,55,60,11,21,16,1,3,0,12,54,87,24,18,30,16,8,1,0,6,52,13,125,3,3,36,5,6,1,0,9,24,12,92,13,9,60,18,13,6,13,24,19,46,67,4,6,45,20,12,19,5,27,52,4,80,41,6,4,5,0,4,15,29,32,43,66,3,53,0,3,2,1,2,13,12,4,146,67,0,0,1,1,12,11,26,31,38,130
19,123,6,97,1,1,3,0,0,0,16,61,45,45,33,23,20,4,3,0,11,83,39,21,33,33,16,8,6,0,34,57,14,57,23,7,29,22,3,4,2,12,11,21,69,22,28,52,17,16,7,21,33,19,35,39,9,15,58,14,7,27,9,40,31,4,40,53,11,28,7,2,7,11,31,24,41,60,18,49,0,2,5,3,18,48,10,18,58,88,0,0,1,2,17,12,26,69,60,63
221,21,0,8,0,0,0,0,0,0,3,94,38,65,12,20,13,0,5,0,7,72,100,19,18,23,8,3,0,0,2,47,16,147,4,0,27,3,4,0,0,6,16,11,124,13,5,54,8,13,2,17,16,16,48,86,6,4,44,11,7,14,3,25,55,1,99,35,4,7,2,0,1,11,17,19,47,98,2,53,0,0,0,0,3,9,5,2,177,54,0,0,0,0,2,6,10,40,34,158
18,143,4,84,0,1,0,0,0,0,9,68,55,35,40,18,15,5,5,0,5,83,54,19,25,42,15,4,3,0,29,67,13,49,29,5,40,13,1,4,0,12,18,12,60,26,19,72,18,13,4,18,26,9,60,43,7,12,53,18,9,22,7,38,29,5,48,58,8,26,8,0,2,19,28,30,49,51,12,51,0,1,2,1,9,56,5,27,51,98,0,0,1,1,6,12,30,71,69,60
230,15,0,5,0,0,0,0,0,0,1,116,40,50,14,13,15,0,1,0,2,82,102,17,14,20,10,3,0,0,4,36,6,174,7,0,17,1,5,0,0,3,5,6,151,13,0,61,6,5,1,13,25,9,49,87,1,4,54,7,1,8,1,35,60,1,95,41,1,7,1,0,0,5,26,16,49,86,1,66,0,0,0,0,0,4,5,3,185,53,0,0,0,0,4,6,11,20,32,177
10,146,2,92,0,0,0,0,0,0,2,66,69,40,44,11,14,2,2,0,6,88,61,18,31,32,11,1,2,0,31,78,8,47,32,1,48,3,2,0,0,12,9,17,62,25,18,79,13,15,2,11,24,5,59,57,6,12,59,15,7,21,7,35,34,0,46,77,3,20,0,1,0,8,42,23,46,66,13,51,0,1,1,0,2,50,7,19,46,124,0,0,0,0,9,15,14,91,70,51
239,10,0,1,0,0,0,0,0,0,1,131,50,39,12,8,9,0,0,0,2,93,121,6,6,16,6,0,0,0,0,40,1,175,2,0,31,0,1,0,0,1,4,7,167,5,3,56,6,1,0,8,20,4,60,103,2,1,47,5,1,9,1,31,56,0,105,42,1,4,1,0,0,4,16,14,52,93,0,70,0,0,0,0,1,4,1,0,215,29,0,0,0,0,3,3,12,19,12,201
11,163,0,76,0,0,0,0,0,0,4,68,70,54,32,16,5,1,0,0,1,97,68,19,28,28,7,2,0,0,17,89,7,48,23,1,55,9,1,0,0,2,14,14,66,26,24,90,7,7,0,14,26,9,68,61,4,6,49,13,3,13,2,40,55,3,40,72,1,21,1,0,1,7,29,33,54,63,9,53,0,0,0,0,10,53,2,14,30,141,0,0,0,0,6,8,17,96,80,43
249,1,0,0,0,0,0,0,0,0,0,135,40,42,18,10,5,0,0,0,0,93,121,11,15,8,2,0,0,0,0,41,1,187,1,0,20,0,0,0,0,0,1,0,193,6,0,48,2,0,0,7,7,11,69,93,2,2,54,5,0,6,0,30,55,0,104,51,1,3,0,0,0,3,12,11,53,105,0,66,0,0,0,0,0,3,0,0,215,32,0,0,0,0,2,1,4,11,16,216
1,163,0,86,0,0,0,0,0,0,0,72,77,53,26,7,12,2,1,0,4,105,78,10,21,25,6,1,0,0,15,91,3,49,22,1,64,5,0,0,0,4,15,11,53,27,14,117,5,4,1,21,25,7,61,68,4,10,43,10,5,14,3,44,47,0,50,61,2,24,0,0,1,9,27,18,57,63,8,67,0,0,0,0,4,48,2,19,30,147,0,0,0,0,4,10,10,100,97,29
247,3,0,0,0,0,0,0,0,0,0,145,46,41,10,5,3,0,0,0,0,84,136,8,13,7,2,0,0,0,0,20,0,208,3,0,19,0,0,0,0,0,1,0,200,1,1,44,2,1,0,9,10,3,74,101,1,1,50,1,0,3,0,18,40,0,123,62,0,4,0,0,0,0,16,17,48,120,0,49,0,0,0,0,0,1,0,0,228,21,0,0,0,0,1,0,3,8,12,226
3,169,0,78,0,0,0,0,0,0,0,67,87,59,26,5,6,0,0,0,3,110,68,11,22,28,8,0,0,0,11,93,6,30,27,0,83,0,0,0,0,5,15,15,43,22,10,134,4,2,1,11,27,8,80,56,5,3,49,10,2,11,1,41,40,1,58,77,0,19,0,0,0,3,32,13,67,72,1,62,0,0,0,0,7,41,1,9,20,172,0,0,0,0,3,5,14,105,101,22
248,2,0,0,0,0,0,0,0,0,0,157,49,34,7,3,0,0,0,0,0,112,122,2,8,4,2,0,0,0,0,16,0,222,1,0,11,0,0,0,0,0,1,1,205,2,0,38,0,3,0,6,9,2,69,116,0,1,44,3,0,2,1,25,33,0,138,51,0,0,0,0,0,1,16,5,48,121,0,59,0,0,0,0,0,1,0,0,231,18,0,0,0,0,1,0,4,4,7,234
2,173,0,75,0,0,0,0,0,0,0,68,81,62,27,7,5,0,0,0,1,97,95,7,24,22,4,0,0,0,9,98,4,25,16,0,97,1,0,0,0,5,9,7,39,20,9,154,5,2,0,12,25,2,78,73,4,4,50,2,1,6,1,35,59,1,48,82,0,17,0,0,0,1,23,18,53,73,5,77,0,0,0,0,3,41,0,2,19,185,0,0,0,0,0,1,9,108,119,13
250,0,0,0,0,0,0,0,0,0,0,161,41,36,8,3,1,0,0,0,0,90,145,2,5,5,3,0,0,0,0,15,0,228,0,0,7,0,0,0,0,0,1,0,215,0,0,34,0,0,0,4,4,0,70,113,1,0,58,0,0,0,0,22,33,0,145,48,0,2,0,0,0,0,12,6,43,128,0,61,0,0,0,0,0,0,0,0,231,19,0,0,0,0,0,0,1,8,2,239
0,192,0,58,0,0,0,0,0,0,0,64,80,59,29,13,5,0,0,0,1,125,85,6,14,18,1,0,0,0,8,124,1,21,22,0,74,0,0,0,0,2,8,11,34,16,13,164,2,0,0,3,24,1,59,91,1,2,68,1,0,7,0,50,49,0,52,81,0,11,0,0,0,0,24,20,63,69,4,70,0,0,0,0,1,29,0,7,19,194,0,0,0,0,1,5,6,120,108,10
249,1,0,0,0,0,0,0,0,0,0,160,44,37,7,0,2,0,0,0,0,99,143,0,8,0,0,0,0,0,0,17,0,223,0,0,10,0,0,0,0,0,1,0,225,1,0,23,0,0,0,1,4,2,98,99,1,0,45,0,0,2,0,19,38,0,149,41,0,1,0,0,0,1,7,1,56,125,0,60,0,0,0,0,0,0,0,0,239,11,0,0,0,0,0,0,0,5,4,241
1,189,0,60,0,0,0,0,0,0,0,65,78,73,25,8,1,0,0,0,0,132,88,4,10,12,4,0,0,0,7,122,0,27,17,0,77,0,0,0,0,0,12,12,25,15,4,179,3,0,0,6,13,2,77,105,0,0,44,3,0,7,0,50,53,0,44,90,0,6,0,0,0,1,19,9,53,82,1,85,0,0,0,0,0,29,0,0,11,210,0,0,0,0,1,1,3,139,97,9
21,0,1,2,0,1,0,1,1,0,7,3,6,4,1,1,2,2,0,1,0,6,12,1,2,4,0,1,0,1,7,5,2,5,1,0,1,2,1,3,3,1,3,5,7,1,2,2,1,2,1,2,5,2,3,6,3,4,0,1,0,1,3,8,1,1,5,3,1,4,0,1,2,2,2,4,4,10,1,1,1,1,0,0,3,4,1,1,11,5,0,0,1,1,1,0,2,5,5,12
2,9,2,9,2,0,2,1,0,0,1,7,5,9,3,1,1,0,0,0,0,4,4,4,2,8,1,3,1,0,0,5,3,7,5,0,3,3,1,0,1,1,2,2,6,7,4,1,2,1,0,3,1,1,5,5,3,5,3,1,2,3,2,1,2,3,5,5,3,1,0,1,3,2,5,2,4,1,5,4,0,1,3,0,3,8,2,0,6,4,0,0,1,0,1,3,5,6,5,6
226,0,1,16,3,0,1,1,1,1,32,59,51,61,20,7,15,3,1,1,0,40,129,9,18,48,1,0,2,3,67,45,8,78,10,0,10,22,3,7,15,10,34,30,74,32,31,11,3,10,1,16,42,2,31,69,24,53,1,11,0,10,11,61,12,4,92,34,6,20,0,1,18,7,11,30,34,103,21,25,1,1,8,0,16,45,7,5,145,22,0,0,1,0,5,2,20,52,41,129
14,109,25,84,5,4,4,3,1,1,27,73,49,50,21,7,20,0,1,2,0,65,31,27,30,75,5,7,6,4,18,63,13,72,15,3,35,20,4,7,14,27,17,29,35,41,41,30,6,10,1,16,25,11,45,55,25,39,14,19,4,37,10,38,37,5,49,32,13,25,1,8,14,12,32,31,31,40,39,42,0,8,9,1,31,94,9,14,51,33,0,0,7,1,9,23,32,54,58,66
245,0,0,4,0,0,0,1,0,0,23,79,45,76,14,0,12,1,0,0,0,33,156,5,9,45,0,1,1,0,61,36,7,110,7,0,7,18,1,3,9,19,19,31,81,41,34,5,3,8,0,6,39,0,27,95,17,59,0,7,0,12,4,62,8,0,114,33,6,11,0,1,16,1,8,27,28,129,16,24,0,0,2,0,12,62,6,2,142,24,0,0,0,0,1,2,11,48,28,160
3,124,22,100,0,1,0,0,0,0,27,72,52,48,28,5,13,4,0,1,0,73,39,25,26,65,4,3,9,6,33,73,10,66,12,2,36,14,1,3,10,31,17,26,45,39,33,35,5,9,0,12,23,3,46,58,19,63,8,18,2,28,9,45,43,6,58,39,10,10,0,2,20,6,31,30,33,41,29,58,1,0,11,0,22,108,4,4,64,36,0,0,2,0,5,12,39,73,56,63
247,0,0,3,0,0,0,0,0,0,19,71,65,76,11,0,8,0,0,0,0,29,167,3,8,43,0,0,0,0,67,25,5,120,6,1,13,12,0,1,7,15,15,32,97,31,41,12,0,0,0,6,31,0,36,104,12,59,1,1,0,10,2,64,10,0,124,29,2,9,0,0,4,1,8,26,35,146,18,12,0,0,0,0,9,67,2,1,158,13,0,0,0,0,0,2,4,31,27,186
3,132,6,105,2,1,0,1,0,0,20,86,55,57,15,2,14,1,0,0,0,85,37,10,33,73,4,0,5,3,39,59,6,84,9,1,35,15,2,0,11,32,15,21,49,51,33,33,3,2,0,4,23,3,62,62,16,55,6,19,0,20,4,51,34,1,74,43,5,18,0,0,17,3,33,33,19,46,39,60,0,0,5,0,21,115,5,3,63,38,0,0,2,0,3,3,37,109,52,44
250,0,0,0,0,0,0,0,0,0,16,84,61,77,8,0,4,0,0,0,0,31,164,1,6,47,0,1,0,0,69,25,1,133,2,0,8,12,0,0,3,12,11,24,96,50,42,9,0,3,0,1,41,1,32,107,9,57,0,2,0,5,1,51,5,0,159,22,0,7,0,0,5,1,6,14,34,150,18,22,0,0,1,0,1,53,0,1,178,16,0,0,0,0,0,1,4,35,22,188
0,129,9,111,1,0,0,0,0,0,20,82,53,62,24,0,9,0,0,0,0,85,43,2,28,76,4,0,11,1,46,69,8,82,4,0,30,10,0,1,3,25,15,25,48,45,43,37,5,4,0,8,21,2,42,83,14,62,9,9,0,23,8,58,28,1,64,56,4,8,0,0,18,5,27,38,30,43,37,52,0,0,0,0,15,135,3,1,56,40,0,0,0,0,4,2,27,107,65,45
250,0,0,0,0,0,0,0,0,0,11,109,57,64,4,0,5,0,0,0,0,19,183,1,5,42,0,0,0,0,56,20,2,162,0,0,6,4,0,0,1,15,8,24,93,40,61,7,0,1,0,1,37,0,30,115,9,55,1,2,0,3,0,58,2,0,158,22,0,7,0,0,1,1,3,15,16,185,16,13,0,0,0,0,4,32,0,1,202,11,0,0,0,0,0,0,4,21,16,209
0,145,4,101,0,0,0,0,0,0,24,84,74,50,11,1,6,0,0,0,0,103,45,8,26,65,0,0,3,0,58,72,4,61,7,0,37,10,0,1,2,24,5,37,75,53,28,24,1,1,0,9,24,1,43,78,11,64,5,15,0,17,5,78,40,0,61,39,2,8,0,0,18,2,20,44,37,24,47,58,0,0,0,0,17,157,1,2,40,33,0,0,0,0,1,1,26,112,77,33
250,0,0,0,0,0,0,0,0,0,7,105,57,70,10,0,1,0,0,0,0,15,196,0,2,37,0,0,0,0,57,14,1,172,0,0,0,6,0,0,2,12,5,27,112,44,41,7,0,0,0,2,40,0,31,111,5,61,0,0,0,2,0,55,1,0,171,21,0,0,0,0,1,0,4,10,16,198,7,14,0,0,0,0,0,38,0,0,207,5,0,0,0,0,0,0,2,18,14,216
0,132,4,114,0,0,0,0,0,0,16,78,59,70,18,0,9,0,0,0,0,90,37,3,22,95,0,0,3,0,55,88,1,59,8,0,29,10,0,0,2,25,10,26,66,56,40,23,2,0,0,3,28,0,46,83,10,70,5,5,0,13,2,77,39,0,58,50,1,10,0,0,16,1,24,44,36,22,30,77,0,0,0,0,11,155,0,1,41,42,0,0,0,0,0,0,24,133,64,29
250,0,0,0,0,0,0,0,0,0,6,103,66,74,0,0,1,0,0,0,0,16,206,0,5,23,0,0,0,0,31,16,0,197,0,0,4,2,0,0,0,21,3,18,122,36,42,8,0,0,0,0,34,0,29,126,6,55,0,0,0,0,0,41,0,0,193,15,0,1,0,0,2,0,2,15,21,196,5,9,0,0,0,0,0,33,0,0,213,4,0,0,0,0,0,0,1,15,7,227
0,149,0,101,0,0,0,0,0,0,13,104,69,52,9,0,3,0,0,0,0,115,28,2,21,84,0,0,0,0,81,83,2,41,3,0,33,7,0,0,3,25,4,29,74,43,44,27,0,1,0,5,41,0,38,81,14,69,2,0,0,13,5,99,25,1,42,57,1,7,0,0,6,0,17,48,35,31,37,76,0,0,0,0,9,176,0,1,35,29,0,0,0,0,0,0,14,144,70,22
250,0,0,0,0,0,0,0,0,0,3,110,55,76,5,0,1,0,0,0,0,10,217,0,2,21,0,0,0,0,47,11,1,183,0,0,3,5,0,0,0,12,2,17,140,33,42,4,0,0,0,0,32,0,27,132,4,55,0,0,0,0,0,43,2,0,190,14,0,1,0,0,1,1,2,10,17,203,8,8,0,0,0,0,0,25,0,0,224,1,0,0,0,0,0,0,0,14,6,230
0,150,1,99,0,0,0,0,0,0,4,91,83,58,12,0,2,0,0,0,0,109,24,4,17,95,0,0,1,0,64,78,4,59,5,0,29,11,0,0,1,20,3,30,70,68,38,19,0,1,0,5,48,0,37,76,11,68,3,2,0,7,0,91,37,0,52,63,0,0,0,0,4,0,18,51,35,34,33,75,0,0,0,0,5,190,0,1,26,28,0,0,0,0,0,0,14,151,68,17
250,0,0,0,0,0,0,0,0,0,5,119,52,73,1,0,0,0,0,0,0,5,219,0,0,26,0,0,0,0,41,8,0,195,0,0,3,3,0,0,0,17,2,18,146,28,38,1,0,0,0,0,32,0,19,145,3,51,0,0,0,0,0,30,0,0,214,6,0,0,0,0,0,0,1,10,6,217,7,9,0,0,0,0,1,31,0,0,218,0,0,0,0,0,0,0,0,12,1,237
0,138,1,111,0,0,0,0,0,0,7,101,71,65,5,0,1,0,0,0,0,83,27,2,16,122,0,0,0,0,73,86,4,49,0,0,32,6,0,0,1,27,1,28,63,65,46,19,0,0,0,2,43,0,54,74,4,64,6,3,0,3,0,121,29,0,35,60,0,2,0,0,9,0,12,57,30,23,38,81,0,0,0,0,7,183,1,1,32,26,0,0,0,0,0,0,7,154,76,13
20,2,0,3,0,0,1,1,0,0,6,3,1,11,3,0,2,1,0,0,1,6,12,1,2,2,1,1,0,1,4,1,1,6,3,1,5,4,1,1,0,3,6,2,7,4,1,3,1,0,0,1,0,0,2,14,1,1,6,2,0,4,1,5,4,0,7,3,0,3,0,1,1,3,3,1,2,4,2,10,2,0,0,2,2,5,1,2,9,4,0,0,1,1,1,2,2,6,3,11
4,13,0,7,2,1,0,0,0,0,1,9,6,6,2,0,1,2,0,0,0,6,9,2,2,2,2,3,0,1,0,4,1,9,3,0,5,3,1,1,0,1,2,1,4,3,3,8,3,2,1,3,8,0,4,1,1,4,3,2,3,0,4,2,1,1,8,4,2,2,0,1,0,1,5,3,5,8,3,1,0,3,3,1,5,1,5,6,1,2,0,0,3,0,0,3,4,5,6,6
222,2,0,21,2,1,1,1,0,0,29,59,8,106,28,1,15,4,0,0,0,29,196,0,3,8,6,4,0,4,34,12,8,98,20,7,40,26,4,1,0,14,42,14,85,25,8,51,5,6,0,10,8,0,19,136,3,16,49,9,2,18,6,66,20,0,92,20,0,26,0,4,8,18,43,18,18,61,17,63,3,2,9,15,17,18,16,32,117,21,0,0,1,1,1,19,6,60,24,138
14,127,0,97,5,1,4,1,1,0,17,73,28,58,34,16,13,10,0,1,0,108,34,8,23,45,22,9,0,1,26,46,12,60,19,4,51,25,6,1,0,18,22,13,61,41,25,55,9,6,0,19,32,0,32,41,4,48,52,22,16,16,15,39,26,1,66,36,7,28,0,8,12,10,42,19,35,53,36,35,3,5,4,9,35,57,32,29,32,44,0,0,7,3,1,23,27,61,77,51
236,6,0,7,0,1,0,0,0,0,18,82,5,116,19,2,5,3,0,0,0,16,224,0,0,3,2,4,0,1,19,17,9,122,16,3,40,23,0,1,0,10,48,7,89,24,8,61,3,0,0,5,9,0,11,159,2,11,50,3,0,13,9,59,20,0,117,16,0,16,0,2,2,8,39,15,16,84,13,71,2,1,4,9,17,26,11,39,124,17,0,0,2,0,0,15,5,59,20,149
8,115,1,122,2,0,1,1,0,0,26,72,18,68,44,2,16,4,0,0,0,123,21,3,30,52,12,8,0,1,32,40,2,54,28,9,62,18,3,2,0,11,26,8,65,48,19,58,12,3,0,11,21,0,50,41,2,43,69,13,4,14,10,52,29,0,71,36,0,34,0,4,6,9,45,26,32,67,31,30,1,4,4,4,43,49,36,36,31,42,0,0,0,0,0,19,15,78,78,60
248,0,0,2,0,0,0,0,0,0,20,88,4,121,17,0,0,0,0,0,0,14,232,0,1,0,1,2,0,0,12,21,4,153,6,4,33,17,0,0,0,11,23,6,128,22,3,55,1,1,0,6,8,0,13,174,0,9,38,2,0,3,5,63,11,0,142,12,0,14,0,1,1,6,40,18,9,101,8,66,0,0,1,5,18,15,11,25,157,18,0,0,1,0,0,12,2,50,11,174
2,128,1,119,0,0,0,0,0,0,27,72,19,75,46,4,4,3,0,0,0,144,17,2,24,40,16,5,1,1,39,49,4,47,20,5,72,14,0,0,0,9,29,6,62,37,25,74,5,3,0,11,28,0,26,44,1,40,84,16,2,12,3,64,38,0,61,30,1,39,0,3,3,5,47,18,41,73,22,38,0,0,2,1,42,64,22,36,28,55,0,0,0,0,0,16,14,98,72,50
248,0,0,2,0,0,0,0,0,0,13,84,0,141,12,0,0,0,0,0,0,8,240,0,0,1,1,0,0,0,14,15,2,156,11,3,38,11,0,0,0,6,18,5,137,23,3,58,0,0,0,4,1,0,11,195,0,9,27,3,0,8,2,45,14,0,159,13,0,9,0,0,0,1,41,12,5,114,10,67,0,0,2,0,17,13,13,21,170,14,0,0,0,0,0,4,0,47,6,193
2,109,0,139,0,0,0,0,0,0,14,89,11,76,44,3,12,1,0,0,0,165,10,0,18,51,5,1,0,0,34,53,6,50,19,6,73,9,0,0,0,6,24,3,63,43,21,86,2,2,0,10,23,0,28,31,0,43,108,7,0,8,2,93,27,0,55,38,0,27,0,6,0,8,55,16,28,68,20,49,0,0,2,2,32,68,21,46,38,41,0,0,0,0,0,14,12,108,79,37
248,1,0,1,0,0,0,0,0,0,7,82,1,140,20,0,0,0,0,0,0,4,246,0,0,0,0,0,0,0,11,18,1,164,13,0,33,10,0,0,0,1,19,0,136,33,4,57,0,0,0,0,3,0,9,199,0,6,33,0,0,0,1,47,16,0,170,8,0,8,0,0,0,1,37,7,12,103,11,79,0,0,0,1,13,12,8,28,179,9,0,0,0,0,0,5,0,56,5,184
2,118,0,130,0,0,0,0,0,0,7,83,8,81,63,0,8,0,0,0,0,178,4,0,17,44,7,0,0,0,32,57,3,49,14,4,80,10,1,0,0,7,20,3,65,37,17,98,2,1,0,3,21,0,24,38,0,40,115,9,0,7,1,82,24,0,59,33,0,44,0,0,0,5,51,24,27,89,10,44,0,1,0,0,51,60,21,42,33,42,0,0,0,0,0,10,4,110,75,51
250,0,0,0,0,0,0,0,0,0,5,86,0,155,4,0,0,0,0,0,0,3,247,0,0,0,0,0,0,0,3,13,0,168,13,3,40,10,0,0,0,0,14,0,151,21,0,64,0,0,0,1,0,0,4,210,0,4,31,0,0,1,0,49,12,0,185,2,0,1,0,0,0,1,47,6,5,129,7,55,0,0,0,0,19,8,8,26,174,15,0,0,0,0,0,2,0,44,5,199
0,113,0,137,0,0,0,0,0,0,11,103,0,82,51,0,3,0,0,0,0,186,3,0,14,44,2,1,0,0,25,63,3,47,31,0,73,8,0,0,0,3,14,4,56,47,8,118,0,0,0,6,17,0,23,33,0,49,119,3,0,4,2,95,24,0,54,31,0,40,0,0,1,3,57,16,33,76,12,52,0,0,1,2,34,63,34,44,37,35,0,0,0,0,0,10,1,115,78,46
250,0,0,0,0,0,0,0,0,0,4,92,0,145,9,0,0,0,0,0,0,2,248,0,0,0,0,0,0,0,2,13,1,199,8,0,25,2,0,0,0,0,8,0,167,20,0,55,0,0,0,0,1,0,3,213,0,4,29,0,0,0,0,47,7,0,188,1,0,7,0,0,0,0,41,6,6,142,5,50,0,0,0,0,10,1,14,17,200,8,0,0,0,0,0,3,0,37,1,209
0,109,0,141,0,0,0,0,0,0,9,100,2,94,41,0,4,0,0,0,0,191,2,0,10,43,3,1,0,0,30,66,1,37,17,1,88,10,0,0,0,0,19,4,53,40,16,117,1,0,0,0,14,0,38,30,0,38,130,0,0,1,0,108,26,0,56,28,0,31,0,2,0,4,65,9,26,74,10,60,0,0,0,1,41,48,26,56,18,60,0,0,0,0,0,5,2,142,67,34
250,0,0,0,0,0,0,0,0,0,1,80,0,165,4,0,0,0,0,0,0,1,249,0,0,0,0,0,0,0,0,9,0,197,7,2,31,4,0,0,0,1,4,0,172,19,0,54,0,0,0,0,0,0,1,231,0,1,17,0,0,0,0,48,6,0,192,2,0,2,0,0,0,0,40,2,3,153,3,49,0,0,0,0,7,3,7,11,214,8,0,0,0,0,0,2,0,40,1,207
0,129,0,121,0,0,0,0,0,0,3,107,2,78,58,0,2,0,0,0,0,203,1,0,8,38,0,0,0,0,26,87,2,33,23,0,70,9,0,0,0,3,11,1,52,30,12,141,0,0,0,4,15,0,22,16,0,23,170,0,0,3,0,110,26,0,52,33,0,26,0,2,0,1,67,7,35,65,11,62,0,0,0,0,37,61,28,63,7,54,0,0,0,0,0,1,1,131,76,41
250,0,0,0,0,0,0,0,0,0,0,78,0,168,4,0,0,0,0,0,0,0,250,0,0,0,0,0,0,0,1,11,0,206,4,0,25,3,0,0,0,0,6,0,185,9,0,50,0,0,0,0,0,0,0,237,0,5,8,0,0,0,0,46,3,0,199,1,0,1,0,0,0,0,28,2,3,167,5,45,0,0,0,0,7,1,8,13,217,4,0,0,0,0,0,0,0,26,1,223
0,112,0,138,0,0,0,0,0,0,5,107,2,73,60,0,3,0,0,0,0,209,0,0,4,36,1,0,0,0,23,78,1,39,10,1,94,4,0,0,0,2,11,0,45,39,7,145,1,0,0,2,11,0,31,12,0,30,164,0,0,0,0,130,22,0,47,30,0,21,0,0,1,1,69,8,32,58,5,76,0,0,0,0,41,46,19,70,15,59,0,0,0,0,0,1,1,154,67,27
22,1,2,1,0,0,0,0,0,1,4,9,3,3,4,1,0,0,1,2,1,4,8,2,2,2,3,2,0,3,6,2,6,10,1,1,0,0,0,1,1,1,2,5,4,1,2,5,3,3,0,1,1,1,4,8,1,3,5,3,1,3,3,5,0,1,7,3,1,3,0,1,2,0,3,4,7,7,0,3,1,0,1,1,3,3,1,2,11,4,0,1,0,1,0,1,1,6,3,14
2,8,0,14,0,0,2,0,0,1,4,7,7,2,2,0,4,1,0,0,1,3,4,1,3,4,0,5,4,2,5,5,2,8,3,0,1,2,1,0,0,5,2,2,1,5,4,6,0,2,4,3,3,0,2,3,1,5,3,3,1,2,2,4,0,2,7,4,0,5,0,1,1,3,4,4,2,4,4,4,0,2,1,2,2,2,2,4,5,7,1,1,2,1,1,3,7,5,2,4
217,4,2,22,0,0,4,0,0,1,30,130,39,9,21,7,7,2,2,3,5,30,107,11,18,23,11,22,6,17,57,18,35,122,9,1,4,2,1,1,3,17,11,40,38,28,21,67,15,10,6,8,3,3,48,80,2,39,45,16,3,22,12,26,1,8,115,34,2,27,0,2,14,6,22,25,56,84,9,32,1,1,0,9,9,14,12,14,137,53,0,0,0,0,0,6,15,70,15,144
12,85,5,138,0,1,7,0,0,2,31,70,58,30,19,20,13,4,3,2,6,56,48,10,21,50,13,18,13,15,49,55,14,77,36,3,6,6,2,2,2,18,13,22,45,30,38,53,15,14,1,13,19,5,37,53,11,35,39,37,4,21,20,48,10,13,53,31,7,43,0,8,18,11,30,25,41,74,19,24,1,7,4,8,15,50,20,26,36,83,2,2,8,9,4,14,31,73,53,54
223,4,0,22,0,0,1,0,0,0,27,164,27,8,14,5,2,0,1,2,1,36,125,8,16,20,7,21,7,9,47,13,29,158,3,0,0,0,0,0,2,9,7,38,57,29,16,79,7,6,1,2,5,2,43,80,2,43,56,16,0,16,16,21,1,4,138,33,0,21,0,0,9,4,13,22,52,121,4,25,1,1,1,4,6,4,10,14,158,51,0,0,0,0,0,2,10,53,13,172
10,88,5,136,1,1,7,0,1,1,33,49,80,33,28,13,8,4,2,0,5,61,43,9,29,56,7,14,9,17,42,86,22,64,30,1,3,1,0,1,1,16,9,22,55,25,38,59,6,19,4,1,11,2,51,75,10,29,40,27,0,23,13,49,6,7,59,43,4,46,0,6,16,3,22,16,59,85,10,33,1,4,4,4,21,51,15,18,41,91,1,0,4,7,4,1,27,97,55,54
224,3,0,23,0,0,0,0,0,0,17,179,26,8,11,5,3,1,0,0,0,19,154,1,19,19,2,18,6,12,28,8,23,191,0,0,0,0,0,0,0,5,7,32,53,25,25,89,7,7,0,4,2,1,38,96,1,42,54,12,0,12,11,15,0,2,178,20,0,12,0,0,9,1,12,15,56,133,3,21,0,0,0,3,4,5,7,12,169,50,0,0,0,1,0,0,4,57,7,181
12,75,3,153,0,0,7,0,0,0,32,42,91,33,25,15,7,3,0,2,0,77,34,9,40,54,6,10,7,13,56,84,20,48,36,0,4,2,0,0,0,18,10,18,53,34,43,57,12,5,2,5,6,2,50,74,1,32,56,22,0,18,14,62,4,6,35,57,1,53,0,0,10,4,36,25,61,83,7,24,2,1,1,1,10,58,10,19,47,101,0,1,1,4,3,5,20,116,53,47
231,2,1,16,0,0,0,0,0,0,12,195,21,4,15,1,2,0,0,0,0,17,161,2,16,28,7,8,5,6,39,8,10,188,4,0,1,0,0,0,0,7,6,26,54,21,25,100,6,5,0,2,1,1,37,104,1,46,51,7,0,7,11,14,0,2,180,18,0,18,0,0,4,0,8,13,44,165,4,12,0,0,0,0,3,6,9,3,175,54,0,0,0,0,0,0,1,47,5,197
15,75,1,158,0,0,1,0,0,0,38,37,93,26,34,14,8,0,0,0,0,72,36,7,28,72,6,12,5,12,59,90,23,45,29,0,4,0,0,0,0,15,10,16,60,19,51,60,8,11,0,1,5,0,55,57,1,32,78,21,0,18,15,61,6,7,33,55,0,55,0,0,14,5,39,16,68,61,13,34,0,1,0,2,9,49,6,20,54,109,0,0,0,0,0,2,19,118,63,48
244,0,0,6,0,0,0,0,0,0,2,217,13,9,6,2,1,0,0,0,0,15,170,3,13,23,2,17,1,6,30,9,8,203,0,0,0,0,0,0,0,5,6,29,71,19,12,101,5,2,0,2,0,0,37,123,1,22,62,3,0,7,2,7,1,0,209,10,0,14,0,0,2,0,9,6,46,179,2,6,0,0,0,0,0,9,5,2,183,51,0,0,0,0,0,0,2,35,4,209
6,66,0,178,0,0,0,0,0,0,35,18,125,32,27,10,3,0,0,0,0,80,41,5,33,72,3,7,2,7,56,106,19,44,22,0,3,0,0,0,0,11,6,23,73,22,45,59,5,6,0,2,2,0,48,57,5,45,77,14,0,11,8,66,5,3,28,72,1,56,0,1,6,2,41,15,85,60,6,34,0,1,0,2,12,39,9,16,49,122,0,0,0,0,2,0,13,131,69,35
247,0,0,3,0,0,0,0,0,0,0,223,15,1,7,3,1,0,0,0,0,15,177,0,16,28,2,5,1,6,18,3,6,223,0,0,0,0,0,0,0,3,3,21,73,14,23,107,6,0,0,0,0,0,38,119,0,35,55,3,0,5,2,4,0,0,218,9,0,12,0,0,2,0,5,1,42,194,0,6,0,0,0,0,0,2,2,2,215,29,0,0,0,0,0,0,1,35,2,212
3,86,0,161,0,0,0,0,0,0,31,18,136,21,35,4,5,0,0,0,0,75,44,3,32,78,1,10,3,4,74,121,12,24,18,0,1,0,0,0,0,6,6,16,75,31,41,59,8,8,0,1,4,0,41,77,3,28,82,14,0,17,11,77,10,1,18,63,0,53,0,0,5,1,48,15,87,46,4,44,0,0,0,0,7,65,1,9,24,144,0,0,0,0,2,2,4,153,53,36
248,0,0,2,0,0,0,0,0,0,5,223,18,0,4,0,0,0,0,0,0,11,191,3,10,23,1,2,1,8,10,4,0,236,0,0,0,0,0,0,0,3,2,15,78,11,27,110,3,1,0,0,1,0,37,139,0,18,50,5,0,1,2,4,0,0,230,4,0,9,0,0,0,0,3,5,29,211,0,2,0,0,0,0,0,5,2,1,208,34,0,0,0,0,0,0,2,22,1,225
2,67,0,181,0,0,0,0,0,0,31,25,146,23,21,4,0,0,0,0,0,84,34,2,40,71,3,9,5,2,48,143,20,14,24,0,1,0,0,0,0,6,10,18,86,23,39,63,3,2,0,1,0,0,57,68,1,29,89,5,0,11,10,68,4,1,16,75,0,65,0,0,5,0,36,24,111,34,1,39,0,2,0,0,0,47,2,10,38,151,0,0,0,1,0,0,5,165,55,24
250,0,0,0,0,0,0,0,0,0,1,239,4,2,4,0,0,0,0,0,0,11,206,0,4,23,0,3,0,3,10,1,2,237,0,0,0,0,0,0,0,2,0,10,88,8,22,118,2,0,0,1,0,0,34,136,0,22,55,2,0,0,1,2,0,0,245,1,0,1,0,0,0,0,2,1,30,215,0,2,0,0,0,0,0,0,0,0,225,25,0,0,0,0,0,0,0,20,0,230
0,55,0,195,0,0,0,0,0,0,27,10,159,32,22,0,0,0,0,0,0,83,35,2,40,82,1,6,0,1,63,145,12,12,18,0,0,0,0,0,0,1,9,13,82,25,46,62,7,5,0,0,2,0,47,75,0,28,90,8,0,13,11,71,2,4,3,86,0,60,0,0,2,0,38,24,108,28,6,44,0,0,0,0,4,47,2,10,21,166,0,0,0,0,0,1,0,178,51,20
250,0,0,0,0,0,0,0,0,0,0,243,5,1,1,0,0,0,0,0,0,6,208,1,9,20,0,3,0,3,8,0,0,242,0,0,0,0,0,0,0,2,1,10,90,6,28,112,1,0,0,0,0,0,30,156,0,13,50,1,0,1,1,1,0,0,242,4,0,1,0,0,0,0,1,1,21,226,0,1,0,0,0,0,0,0,1,2,228,19,0,0,0,0,0,0,1,11,0,238
0,56,0,194,0,0,0,0,0,0,18,6,177,29,17,2,1,0,0,0,0,76,28,1,32,101,0,9,1,2,70,148,10,8,14,0,0,0,0,0,0,2,4,12,90,21,37,80,3,1,0,0,0,0,40,58,0,28,113,11,0,10,8,85,2,0,6,82,0,57,0,0,0,0,35,15,132,23,3,42,0,0,0,0,1,44,1,10,17,177,0,0,0,0,0,0,0,195,43,12
18,4,1,2,1,0,0,0,0,1,4,9,3,2,5,2,0,1,0,1,1,6,9,2,3,2,1,1,2,0,1,7,1,9,2,1,1,2,2,1,1,5,0,2,5,3,3,4,3,1,4,0,5,0,1,6,0,3,5,3,2,1,1,2,4,2,9,4,1,1,1,1,0,3,5,2,4,3,4,4,1,0,2,2,1,4,3,2,8,4,1,0,1,1,2,1,0,6,10,5
2,6,2,12,0,1,2,1,1,0,0,8,4,6,1,4,1,1,2,0,1,4,7,3,4,4,0,0,2,2,4,3,3,6,3,1,4,0,1,2,1,2,5,2,3,3,2,6,2,1,0,3,2,1,3,6,1,2,5,4,1,4,3,5,2,1,5,3,1,2,0,1,4,3,2,1,2,4,2,8,0,2,2,0,5,6,2,2,5,3,0,2,1,0,2,3,5,3,2,9
191,25,8,20,2,1,2,0,0,1,27,102,41,28,15,17,6,4,8,2,7,51,106,15,36,11,2,1,14,7,3,63,8,117,15,6,9,13,6,10,1,26,14,17,60,19,27,70,12,4,5,6,38,0,13,103,1,19,39,26,5,13,11,25,18,8,123,25,10,12,5,3,6,12,37,8,39,37,42,61,1,3,6,11,14,31,17,13,116,38,1,1,7,2,5,11,12,49,78,84
30,61,13,122,5,4,5,2,3,5,19,61,35,59,33,15,8,7,8,5,4,74,39,17,58,38,5,3,9,3,19,38,12,50,42,6,42,16,14,11,5,23,37,25,46,24,22,35,20,13,4,16,17,0,29,65,8,30,53,28,8,20,10,54,30,13,48,43,9,15,1,6,7,19,28,14,32,62,27,54,1,9,5,5,29,52,18,31,52,48,3,2,6,6,19,17,19,38,57,83
212,22,5,11,0,0,0,0,0,0,17,111,54,30,15,15,3,1,4,0,1,52,132,6,31,17,4,0,6,1,0,53,1,153,6,3,17,9,2,6,1,27,17,10,65,10,34,80,4,2,1,4,33,0,9,121,2,19,45,16,1,18,9,15,14,4,141,35,2,11,1,6,3,7,30,5,44,59,35,60,0,0,1,4,5,28,15,4,150,43,0,0,1,0,2,8,12,44,89,94
30,65,6,137,1,0,3,1,7,0,27,71,41,63,29,13,1,4,1,0,2,72,54,21,46,41,4,2,6,2,12,58,9,48,48,2,41,19,3,10,0,29,25,20,60,18,26,54,9,9,0,13,22,0,28,72,5,22,46,42,2,32,13,61,29,11,48,38,6,10,2,2,4,8,29,10,37,66,20,72,1,4,0,7,23,65,15,29,48,58,0,0,2,1,19,19,9,38,66,96
228,17,0,5,0,0,0,0,0,0,16,135,45,34,11,8,0,0,1,0,0,53,148,5,23,14,0,0,5,2,1,44,3,162,10,6,11,4,2,7,0,15,16,8,81,12,34,82,0,2,1,1,30,0,6,155,0,10,34,13,0,11,7,27,14,4,149,28,3,7,0,2,3,4,28,2,45,59,34,73,0,0,1,2,6,26,5,9,159,42,0,0,1,0,1,5,4,48,91,100
18,72,5,152,1,1,1,0,0,0,32,66,49,62,26,8,3,1,3,0,1,83,39,16,72,29,2,1,6,1,4,60,8,37,57,4,47,16,10,7,0,26,25,22,73,16,16,62,7,3,0,10,23,0,29,61,1,35,51,40,4,19,11,59,36,4,59,36,6,16,1,1,4,6,29,10,28,79,25,67,0,3,1,5,17,70,11,23,52,68,0,0,4,0,9,11,9,47,74,96
239,6,0,5,0,0,0,0,0,0,15,152,39,27,10,5,0,1,1,0,0,44,155,8,32,7,1,0,3,0,0,36,0,194,9,0,6,4,0,1,0,15,12,4,111,8,18,78,3,1,0,2,31,0,3,168,0,11,26,9,0,2,3,19,7,4,186,28,0,1,0,1,0,2,27,0,54,51,22,93,0,1,0,0,2,18,3,2,188,36,0,0,0,0,1,2,0,46,79,122
11,88,4,147,0,0,0,0,0,0,31,63,65,59,19,6,4,0,3,0,1,90,45,13,59,35,2,0,3,2,4,84,9,36,50,2,40,18,4,3,0,32,22,19,60,20,29,59,3,6,1,1,39,0,21,60,0,32,59,37,0,18,13,81,19,8,41,58,2,10,0,2,0,6,28,3,34,95,27,55,0,0,0,0,22,81,8,22,39,78,0,0,0,0,10,14,11,46,81,88
239,5,0,6,0,0,0,0,0,0,10,166,37,21,7,8,1,0,0,0,0,53,167,3,21,5,0,0,0,1,0,32,1,200,5,0,4,6,1,1,0,14,9,3,116,3,14,91,0,0,0,1,20,0,3,200,0,5,15,6,0,2,3,18,4,3,200,19,0,1,0,0,1,0,22,4,51,55,23,94,0,0,0,1,5,13,1,5,183,42,0,0,0,0,0,0,2,46,77,125
9,68,3,170,0,0,0,0,0,0,27,54,79,70,14,6,0,0,0,0,0,98,44,11,69,24,1,0,3,0,5,82,3,38,59,3,48,7,4,1,0,16,26,19,74,16,23,65,7,4,0,1,50,0,18,40,0,36,61,44,1,12,4,103,21,7,28,57,2,15,0,0,0,6,22,2,34,99,29,58,0,1,1,0,17,59,8,21,50,93,0,0,0,0,4,3,10,51,91,91
249,0,0,1,0,0,0,0,0,0,3,171,40,20,13,3,0,0,0,0,0,48,176,0,23,2,0,0,1,0,0,29,0,215,2,0,3,1,0,0,0,9,12,3,129,2,10,83,2,0,0,0,15,0,0,208,0,0,22,5,0,1,1,17,4,1,203,22,1,0,0,0,0,1,17,1,51,69,23,88,0,0,0,0,3,10,0,1,210,26,0,0,0,0,0,2,2,36,83,127
1,82,1,166,0,0,0,0,0,0,28,47,87,64,20,3,0,0,1,0,0,105,43,14,56,26,2,0,4,0,2,100,3,29,55,0,54,5,0,2,0,16,18,13,76,14,38,68,4,3,0,3,58,0,13,37,0,34,67,38,1,7,6,103,28,3,37,57,1,7,0,1,0,2,28,5,35,96,22,61,0,0,0,0,10,87,3,19,34,97,0,0,0,0,0,2,7,56,91,94
250,0,0,0,0,0,0,0,0,0,3,183,35,19,8,2,0,0,0,0,0,56,170,1,23,0,0,0,0,0,0,25,1,219,0,0,5,0,0,0,0,5,3,1,156,0,9,76,0,0,0,0,20,0,0,216,0,1,9,4,0,1,0,10,4,0,224,11,0,0,0,0,0,0,12,2,41,79,19,97,0,0,0,0,2,9,0,1,214,24,0,0,0,0,0,0,0,34,92,124
0,71,1,178,0,0,0,0,0,0,23,50,79,81,12,4,1,0,0,0,1,112,51,8,56,22,0,0,0,0,1,112,2,28,61,0,36,8,0,2,0,18,19,11,59,11,31,99,1,1,0,3,55,0,12,30,0,28,79,43,0,15,6,111,32,3,24,53,0,6,0,0,0,1,26,2,36,92,20,73,0,0,0,0,7,97,0,18,31,97,0,0,1,0,0,3,2,59,87,98
250,0,0,0,0,0,0,0,0,0,1,194,39,11,5,0,0,0,0,0,0,46,175,2,26,1,0,0,0,0,0,25,0,220,5,0,0,0,0,0,0,5,5,0,151,1,10,78,0,0,0,0,15,0,0,220,0,0,10,5,0,0,1,5,1,1,236,6,0,0,0,0,0,0,9,0,31,81,14,115,0,0,0,0,1,6,0,2,225,16,0,0,0,0,0,0,0,28,80,142
0,63,0,187,0,0,0,0,0,0,14,45,119,62,10,0,0,0,0,0,0,115,40,12,57,26,0,0,0,0,1,121,1,26,64,0,35,1,1,0,0,20,17,9,75,5,30,92,1,1,0,0,70,0,15,29,0,27,75,34,0,7,5,126,37,3,11,56,0,5,0,0,0,1,14,1,39,105,25,65,0,0,0,0,10,98,2,16,21,103,0,0,0,0,1,0,3,70,84,92
250,0,0,0,0,0,0,0,0,0,1,211,19,17,2,0,0,0,0,0,0,36,194,0,19,1,0,0,0,0,0,27,0,223,0,0,0,0,0,0,0,0,2,2,158,3,3,81,1,0,0,0,11,0,0,234,0,1,4,0,0,2,2,5,1,0,236,4,0,0,0,0,0,0,17,0,43,86,7,97,0,0,0,0,0,7,0,0,237,6,0,0,0,0,0,0,1,30,71,148
0,62,0,188,0,0,0,0,0,0,16,28,107,81,16,2,0,0,0,0,0,138,36,6,50,19,0,0,1,0,3,118,0,23,63,0,39,3,0,1,0,13,10,6,65,9,20,123,2,2,0,0,67,0,18,15,0,31,84,35,0,7,1,126,32,1,13,66,0,4,0,0,0,0,22,0,43,106,10,69,0,0,0,0,9,113,4,8,12,104,0,0,0,0,1,1,1,58,101,88
