17,0,1,2,1,1,3,1,1,0,3,3,4,5,3,4,4,1,0,0,0,5,11,4,0,2,0,1,2,2,6,1,0,11,2,2,3,1,0,1,2,1,2,2,4,6,2,4,2,2,0,2,4,1,1,11,2,1,1,4,1,0,3,5,2,2,7,1,0,6,0,0,2,2,1,4,4,5,4,5,1,0,1,5,3,5,1,2,8,1,0,0,3,1,1,2,5,2,4,9
0,4,0,16,1,0,4,1,1,0,1,6,2,7,1,3,3,1,1,2,2,6,4,1,1,9,2,0,1,1,0,3,1,9,3,0,9,1,1,0,2,2,5,3,5,0,2,3,2,3,0,4,5,1,3,6,0,2,6,0,1,3,2,2,0,2,5,7,3,2,0,0,1,3,2,4,6,8,1,2,0,2,1,1,2,6,3,3,3,6,1,0,0,5,1,1,2,11,4,2
159,0,2,63,2,2,5,10,7,0,17,50,31,65,23,27,36,1,0,0,0,38,98,30,1,51,13,5,11,3,27,19,1,163,10,4,24,1,0,1,6,21,18,26,29,63,20,38,21,8,0,17,26,1,21,129,5,6,20,25,0,2,23,42,5,12,92,23,1,50,0,0,10,15,12,15,35,91,35,37,4,2,1,20,25,54,7,19,108,10,0,0,14,8,5,12,38,42,24,107
32,30,1,130,3,10,31,3,10,0,24,60,26,61,29,23,15,5,4,3,5,57,58,20,16,50,19,5,9,11,50,25,5,54,20,5,87,2,0,2,4,29,34,16,56,38,22,21,11,19,0,18,64,1,29,55,2,11,54,16,6,17,10,42,13,12,64,38,9,39,0,0,5,20,17,26,34,50,30,68,3,6,11,14,20,80,12,18,52,34,0,1,4,11,18,18,26,65,60,47
178,2,0,59,0,3,5,2,1,0,11,69,27,71,22,21,28,1,0,0,0,29,116,32,1,42,12,5,8,5,15,8,1,200,7,1,18,0,0,0,2,21,11,21,41,68,27,33,18,8,0,8,17,2,20,162,1,3,20,17,0,3,13,36,2,4,126,22,1,43,0,0,5,9,4,11,37,117,22,45,0,0,0,12,28,61,4,14,123,8,0,0,3,7,2,17,25,39,19,138
41,25,1,152,1,2,21,4,3,0,12,63,33,66,27,16,26,5,1,1,2,71,58,16,14,52,24,4,8,1,57,30,2,40,20,1,100,0,0,0,4,24,26,15,62,47,13,29,14,16,0,9,59,0,47,42,2,6,68,17,1,5,11,50,10,9,71,38,3,52,0,0,6,15,24,26,34,44,28,73,1,2,5,11,24,95,6,19,60,27,0,0,4,6,4,11,40,63,77,45
181,6,0,55,1,1,2,2,2,0,4,68,25,90,20,19,24,0,0,0,0,21,128,30,4,54,4,1,7,1,13,6,0,215,5,0,11,0,0,0,0,16,9,23,54,65,27,32,17,7,0,6,9,0,20,179,2,2,24,8,0,2,12,33,6,2,149,16,0,30,0,0,4,4,4,9,35,106,29,59,0,0,0,10,19,68,4,9,139,1,0,0,1,2,2,9,13,44,16,163
31,27,0,165,1,2,19,2,3,0,8,66,46,61,21,21,26,1,0,0,0,77,61,10,8,65,21,1,5,2,53,34,2,30,13,2,114,2,0,0,2,35,24,16,58,46,22,28,14,5,0,4,79,0,42,53,0,8,55,9,0,4,9,64,18,5,57,39,0,54,0,0,3,17,20,24,31,48,33,74,1,1,0,2,24,119,7,16,64,16,0,1,3,1,9,16,41,45,95,39
186,0,0,60,0,1,2,1,0,0,2,78,21,99,16,15,19,0,0,0,0,27,165,15,1,35,6,0,1,0,10,6,0,226,0,0,8,0,0,0,1,16,4,7,59,106,18,22,8,9,0,3,7,0,19,194,0,0,15,12,0,0,10,21,4,3,169,10,0,33,0,0,0,2,3,8,41,119,27,50,0,0,0,4,11,60,1,9,164,1,0,0,0,2,1,5,19,30,8,185
41,18,0,176,0,0,13,0,2,0,7,83,46,46,26,10,32,0,0,0,0,82,50,10,9,79,13,4,3,0,64,34,1,21,13,0,117,0,0,0,1,34,33,14,63,42,12,27,17,7,0,8,67,0,49,37,0,1,77,11,0,3,7,58,14,3,52,51,1,61,0,0,1,11,15,16,45,49,28,85,0,0,0,2,17,137,2,12,61,19,0,0,1,1,5,2,35,65,96,45
192,0,0,55,0,0,2,1,0,0,3,79,18,104,19,10,17,0,0,0,0,18,175,16,0,29,11,0,1,0,8,0,0,238,1,0,3,0,0,0,0,14,2,7,69,118,10,23,6,1,0,0,6,0,11,213,1,0,12,7,0,0,6,29,1,0,173,13,0,28,0,0,1,3,3,9,33,114,25,62,0,0,1,2,4,62,2,3,176,0,0,0,0,0,1,2,11,28,10,198
41,12,1,188,0,0,7,0,1,0,4,75,49,56,28,9,29,0,0,0,0,78,47,17,2,89,13,0,4,0,50,40,0,11,16,0,133,0,0,0,0,22,21,11,82,48,9,33,19,5,0,4,80,0,47,29,1,2,84,3,0,0,6,52,7,2,61,52,0,70,0,0,0,8,16,21,37,49,32,87,0,0,1,0,12,150,2,14,58,13,0,0,2,1,3,18,36,71,90,29
217,1,0,31,0,0,0,0,1,0,0,86,26,89,24,15,10,0,0,0,0,12,187,8,1,37,5,0,0,0,1,0,0,249,0,0,0,0,0,0,0,15,1,10,72,126,8,12,4,2,0,2,4,0,9,223,0,0,10,2,0,0,1,16,2,2,194,11,0,24,0,0,0,1,4,5,33,132,14,61,0,0,0,2,5,60,1,1,181,0,0,0,0,0,0,6,8,21,5,210
28,8,0,211,0,0,3,0,0,0,3,78,51,50,30,13,25,0,0,0,0,101,46,8,5,84,3,0,3,0,57,45,0,1,10,0,137,0,0,0,0,23,24,7,78,40,13,39,18,8,0,3,79,0,56,25,0,2,81,4,0,1,1,66,19,4,45,43,0,71,0,0,1,8,10,19,34,53,41,84,0,0,0,1,11,163,0,9,57,9,0,0,0,1,3,12,29,89,91,25
206,0,0,44,0,0,0,0,0,0,0,99,19,108,8,7,9,0,0,0,0,15,191,6,2,31,5,0,0,0,0,2,0,248,0,0,0,0,0,0,0,11,0,6,75,135,2,19,0,2,0,0,2,0,3,236,0,0,7,2,0,0,1,19,1,0,208,6,0,15,0,0,0,0,0,4,28,115,18,85,0,0,0,0,6,52,0,1,191,0,0,0,0,0,0,2,6,21,2,219
39,4,0,204,0,0,3,0,0,0,1,77,57,53,23,8,31,0,0,0,0,83,49,6,5,99,5,1,2,0,44,48,0,2,11,0,145,0,0,0,0,18,25,5,106,49,6,30,9,2,0,1,68,0,45,13,0,3,117,3,0,0,4,72,10,1,33,53,0,77,0,0,0,4,8,10,26,74,37,91,0,0,0,0,5,184,0,5,54,2,0,0,0,0,4,5,26,87,102,26
214,0,0,36,0,0,0,0,0,0,0,83,20,112,21,10,4,0,0,0,0,17,205,1,0,26,1,0,0,0,0,1,0,249,0,0,0,0,0,0,0,6,1,2,80,141,7,10,2,1,0,0,0,0,4,241,0,0,4,1,0,0,0,16,3,0,207,7,0,17,0,0,0,0,2,5,23,130,8,82,0,0,0,0,5,40,0,1,204,0,0,0,0,0,0,2,7,13,2,226
36,0,0,214,0,0,0,0,0,0,0,76,49,46,35,8,36,0,0,0,0,85,41,10,6,106,2,0,0,0,37,47,0,1,10,0,155,0,0,0,0,16,14,2,101,48,13,37,13,6,0,0,70,0,66,8,0,0,103,3,0,1,3,85,11,0,40,48,0,62,0,0,0,2,6,9,41,75,24,93,0,0,0,0,7,186,0,11,39,7,0,0,0,0,0,6,24,109,95,16
211,0,0,39,0,0,0,0,0,0,0,107,19,100,15,5,4,0,0,0,0,8,224,2,0,16,0,0,0,0,0,0,0,250,0,0,0,0,0,0,0,8,3,0,74,152,3,9,0,1,0,0,1,0,1,243,0,0,5,0,0,0,0,7,0,0,233,3,0,7,0,0,0,0,0,1,23,143,12,71,0,0,0,0,6,42,0,1,201,0,0,0,0,0,0,0,1,19,2,228
38,1,0,211,0,0,0,0,0,0,0,65,54,60,32,3,36,0,0,0,0,109,23,5,6,106,1,0,0,0,53,51,0,0,8,0,138,0,0,0,0,9,20,3,117,52,5,33,9,2,0,1,81,0,51,6,0,2,105,4,0,0,1,68,15,0,16,59,0,91,0,0,0,0,7,12,39,66,26,100,0,0,0,0,6,195,0,5,42,2,0,0,0,0,1,7,20,117,85,20
17,3,2,3,0,2,0,0,0,0,4,10,2,5,0,1,1,1,1,2,0,11,6,0,0,4,1,2,0,3,7,5,1,9,4,0,1,0,0,0,3,0,7,4,2,3,0,1,2,5,2,0,5,0,1,3,0,1,8,7,0,2,1,6,1,4,4,2,3,4,1,1,1,2,4,5,0,3,3,7,0,1,1,4,4,3,1,0,3,10,2,0,1,0,3,2,2,2,4,11
5,11,2,6,1,0,1,0,0,1,4,8,4,4,3,2,1,0,1,0,1,5,8,1,1,6,3,0,2,0,4,8,1,7,0,0,5,0,0,2,1,3,2,2,2,4,2,4,5,2,0,3,1,0,0,9,2,3,4,5,0,5,2,2,4,1,1,8,0,4,0,1,4,0,4,5,3,7,2,1,0,3,2,2,4,5,0,4,5,2,0,2,0,1,1,4,2,5,8,4
209,20,3,16,0,2,0,0,0,0,28,120,21,38,16,9,8,1,1,8,0,75,86,5,11,45,9,7,3,9,56,62,1,107,19,1,4,0,0,0,18,8,72,28,23,27,7,20,23,24,7,2,34,0,1,69,3,13,76,45,0,22,2,62,13,20,29,46,9,47,8,7,10,5,36,50,6,44,27,57,0,6,19,27,29,28,1,7,45,88,2,1,2,2,8,16,12,29,57,121
26,140,10,70,1,1,0,0,0,2,30,53,42,64,24,21,10,0,3,3,7,49,78,7,17,59,8,7,9,9,52,71,10,71,4,2,36,0,0,4,7,32,31,31,30,46,11,25,25,12,3,9,27,1,2,77,0,21,69,41,1,25,12,23,33,21,43,36,12,44,5,11,16,14,29,38,8,58,40,31,0,18,10,13,26,57,7,14,76,29,0,0,10,6,11,27,22,46,83,45
225,13,2,10,0,0,0,0,0,0,26,146,14,44,11,5,1,0,0,3,0,86,88,2,7,52,9,2,0,4,45,51,0,139,12,0,3,0,0,0,7,11,80,22,21,38,10,25,27,9,1,2,25,0,0,79,0,13,82,48,0,18,1,55,22,26,32,38,5,53,2,1,13,2,44,56,0,44,33,55,0,5,14,15,28,35,0,4,60,89,0,0,4,3,1,6,6,22,69,139
20,161,2,67,0,0,0,0,0,0,31,58,49,69,18,14,10,0,0,1,5,54,94,12,16,55,2,3,6,3,36,98,6,72,18,0,19,0,0,1,5,28,54,20,26,57,13,15,20,12,2,3,32,0,3,84,0,19,77,30,0,18,4,41,33,17,42,45,12,38,3,9,10,4,32,51,1,52,51,37,0,16,13,11,18,48,3,5,97,39,0,0,4,3,9,19,22,58,79,56
239,6,0,5,0,0,0,0,0,0,17,176,8,33,13,2,0,0,0,1,0,77,121,1,4,40,5,0,0,2,40,60,0,144,5,0,1,0,0,0,7,13,83,27,31,36,6,21,12,14,0,1,18,0,0,77,0,6,109,39,0,8,1,42,46,18,38,47,3,47,3,2,6,1,31,60,0,45,39,63,0,6,16,6,23,38,0,1,72,88,0,0,0,0,5,6,6,15,63,155
10,173,0,67,0,0,0,0,0,0,28,49,71,68,19,8,7,0,0,0,0,69,97,2,9,66,2,0,3,2,46,100,1,68,10,1,24,0,0,0,5,21,38,28,32,61,8,29,22,6,0,4,32,0,0,96,1,11,63,43,0,11,7,37,35,26,38,51,7,38,1,7,4,3,40,51,3,31,68,42,0,6,20,10,19,65,0,8,93,29,0,0,3,2,6,17,18,31,116,57
243,7,0,0,0,0,0,0,0,0,15,185,3,31,14,1,1,0,0,0,0,66,120,1,3,57,2,0,0,1,45,59,0,143,3,0,0,0,0,0,1,13,82,19,31,55,7,22,11,9,0,1,20,0,0,106,0,2,102,19,0,11,1,56,31,23,37,43,1,47,2,1,2,0,22,64,0,57,39,63,0,1,14,11,19,42,0,1,90,72,0,0,0,0,4,5,0,12,59,170
6,184,0,60,0,0,0,0,0,0,38,40,86,57,18,7,2,0,0,2,0,82,98,3,7,56,0,0,2,2,32,138,3,61,8,0,8,0,0,0,1,25,56,22,22,65,7,22,21,9,0,0,38,0,1,95,0,7,77,32,0,12,2,35,48,20,42,39,13,39,1,4,4,1,31,55,3,29,82,40,0,6,11,7,15,61,1,3,95,51,0,0,0,0,4,20,11,47,119,49
247,3,0,0,0,0,0,0,0,0,7,211,1,20,10,1,0,0,0,0,0,75,126,0,1,46,1,1,0,0,29,69,0,151,1,0,0,0,0,0,0,11,93,21,29,61,2,17,11,5,0,0,11,0,0,92,0,0,112,35,0,8,0,53,33,13,48,42,3,50,0,0,1,1,17,59,0,57,46,69,0,2,15,3,29,54,0,1,88,58,0,0,0,0,0,5,2,9,83,151
3,197,0,50,0,0,0,0,0,0,30,23,84,83,26,3,1,0,0,0,0,73,104,0,8,62,2,0,1,0,35,116,0,74,9,0,16,0,0,0,0,37,48,28,18,69,6,18,23,3,0,1,27,0,0,102,0,9,83,28,0,16,1,40,44,27,30,50,3,39,0,2,7,0,40,53,2,35,73,38,0,3,10,7,12,76,0,2,93,47,0,0,1,0,2,13,4,58,104,68
250,0,0,0,0,0,0,0,0,0,2,207,4,28,7,1,1,0,0,0,0,81,130,1,2,36,0,0,0,0,26,57,0,165,2,0,0,0,0,0,1,5,100,17,31,62,3,15,14,2,0,0,12,0,0,97,0,0,123,18,0,5,0,64,39,18,33,48,0,43,0,0,0,0,25,71,0,44,50,60,0,3,7,4,15,68,0,0,93,60,0,0,0,0,1,0,0,9,50,190
0,216,0,34,0,0,0,0,0,0,27,34,83,81,21,4,0,0,0,0,0,75,100,1,4,68,1,0,0,1,28,136,0,69,6,0,11,0,0,0,0,29,60,20,31,76,4,13,17,0,0,0,23,0,0,112,0,4,87,24,0,13,0,23,51,20,55,45,6,37,0,1,4,0,38,59,1,41,71,35,0,1,18,6,21,65,1,2,101,35,0,0,0,0,2,10,4,33,150,51
250,0,0,0,0,0,0,0,0,0,3,222,4,20,1,0,0,0,0,0,0,82,133,0,1,34,0,0,0,0,20,60,0,170,0,0,0,0,0,0,0,5,101,25,20,64,3,15,15,2,0,0,9,0,0,117,0,1,112,11,0,1,0,51,42,18,45,49,0,44,0,0,0,0,13,81,0,45,50,61,0,2,3,5,28,59,0,0,100,53,0,0,0,0,0,1,0,1,45,203
0,214,0,36,0,0,0,0,0,0,38,22,88,84,17,1,0,0,0,0,0,80,103,0,2,64,1,0,0,0,17,154,0,67,2,0,10,0,0,0,0,28,59,18,30,68,4,20,18,5,0,0,22,0,0,97,0,1,102,28,0,11,0,29,52,20,40,49,3,46,0,0,2,0,36,50,0,35,82,45,0,1,12,5,11,72,0,3,104,42,0,0,0,0,1,4,4,33,167,41
250,0,0,0,0,0,0,0,0,0,2,219,1,25,3,0,0,0,0,0,0,82,142,0,0,26,0,0,0,0,16,59,0,175,0,0,0,0,0,0,0,0,111,18,35,63,0,15,6,2,0,0,4,0,0,130,0,1,110,5,0,3,0,55,57,11,49,40,0,35,0,0,0,0,12,85,0,46,44,63,0,0,4,3,24,50,0,0,113,56,0,0,0,0,0,1,0,4,45,200
0,209,0,41,0,0,0,0,0,0,20,29,88,91,20,1,1,0,0,0,0,75,100,0,2,72,0,0,1,0,24,154,0,61,2,0,9,0,0,0,0,25,54,24,26,90,5,14,12,0,0,0,19,0,0,91,0,1,114,25,0,7,0,46,44,28,46,50,0,29,0,0,2,0,32,56,2,33,96,29,0,1,5,8,15,74,0,0,102,45,0,0,0,0,0,3,4,31,168,44
250,0,0,0,0,0,0,0,0,0,0,226,0,22,2,0,0,0,0,0,0,71,158,0,0,21,0,0,0,0,14,75,0,161,0,0,0,0,0,0,0,1,114,29,16,79,0,2,9,0,0,0,3,0,0,120,0,0,122,5,0,2,0,50,58,5,44,52,0,39,0,0,0,0,17,69,0,40,45,79,0,1,1,1,9,72,0,0,108,58,0,0,0,0,0,0,0,0,48,202
0,219,0,31,0,0,0,0,0,0,26,22,76,107,19,0,0,0,0,0,0,89,91,0,0,70,0,0,0,0,21,149,0,76,2,0,2,0,0,0,0,21,74,16,28,91,1,9,10,0,0,0,25,0,0,111,0,0,99,15,0,6,0,37,41,24,56,52,0,34,0,0,4,0,26,59,0,37,87,37,0,0,3,0,9,82,0,0,121,35,0,0,0,0,0,1,3,34,165,47
19,2,0,3,0,1,0,0,1,1,6,8,0,5,3,0,2,2,1,0,0,4,5,1,3,0,2,6,2,4,3,0,0,9,1,1,7,1,0,5,1,5,1,1,2,2,5,7,2,1,2,3,0,0,1,3,1,4,6,7,2,1,0,1,2,0,8,7,1,5,1,0,0,2,2,1,6,4,3,8,1,0,1,2,1,1,2,0,12,7,1,0,0,0,0,0,3,2,11,10
2,6,1,14,1,1,1,1,0,0,2,4,4,6,2,2,2,3,1,1,2,7,4,0,5,3,0,4,0,2,2,0,1,5,1,0,9,3,2,4,0,0,0,0,8,6,4,6,1,2,0,0,0,3,0,4,2,4,8,6,1,1,1,3,2,0,6,4,2,7,2,0,0,1,2,0,5,8,6,3,0,2,0,2,4,3,0,5,4,7,0,1,0,0,3,1,3,5,4,10
201,10,0,20,0,1,10,4,0,4,47,69,0,74,17,1,14,18,9,1,0,39,97,0,16,21,6,38,9,24,11,1,2,84,10,0,93,12,2,35,2,18,6,4,43,33,42,77,8,17,5,3,2,4,2,22,17,38,98,59,1,6,0,14,16,1,94,49,4,65,3,0,0,11,13,2,43,71,29,78,2,2,0,4,28,7,4,15,138,50,1,5,0,0,0,0,21,22,58,143
19,68,2,143,0,2,7,5,0,4,32,55,23,60,28,8,25,10,5,4,5,63,42,4,20,36,11,32,16,21,27,4,2,63,16,1,66,29,3,39,2,17,8,8,52,29,33,72,12,17,1,2,4,4,13,41,5,53,46,81,3,5,5,20,23,1,57,78,10,48,3,0,0,13,16,3,60,76,34,45,2,7,3,7,13,48,4,39,39,88,2,2,2,3,7,3,17,63,79,72
221,5,0,14,1,0,7,1,0,1,32,74,0,95,18,0,15,12,3,1,0,32,112,0,20,23,0,44,6,13,2,0,0,90,8,1,108,12,1,28,0,19,2,1,48,29,29,102,9,11,0,1,0,3,6,20,19,46,92,63,1,0,0,14,19,0,111,52,2,51,0,0,0,5,4,0,42,95,28,76,0,0,0,1,23,14,1,19,139,53,0,1,0,0,0,0,19,24,44,162
15,63,0,164,1,1,4,2,0,0,40,70,17,55,29,3,28,6,2,0,2,70,37,8,21,48,12,23,13,16,14,2,0,59,12,0,87,31,1,44,1,7,12,4,66,19,22,83,14,22,1,2,4,1,13,35,10,47,55,82,0,8,0,26,19,1,52,82,7,55,3,0,0,4,3,1,66,90,24,59,1,3,2,1,16,40,2,42,43,100,0,2,0,6,1,0,22,82,91,46
228,2,0,17,0,0,0,3,0,0,35,79,0,89,20,0,16,10,1,0,0,20,141,0,9,26,1,37,7,9,0,0,0,87,5,0,122,9,0,27,0,10,1,1,61,22,14,127,4,10,0,0,2,1,7,13,7,42,101,77,0,0,0,9,32,0,110,51,1,47,0,0,0,4,4,0,47,127,12,56,0,0,0,2,16,9,0,12,162,49,0,0,0,0,0,0,9,17,38,186
13,68,0,162,0,1,6,0,0,0,30,70,13,70,40,1,14,10,2,0,0,77,33,1,20,70,6,20,11,12,10,2,0,70,8,0,91,38,0,31,0,6,6,2,73,26,25,68,14,30,0,0,2,2,7,41,11,53,52,82,0,2,1,36,27,0,52,85,4,43,0,0,0,4,16,0,81,91,16,42,0,0,0,0,22,51,0,37,36,104,0,0,0,0,0,0,14,82,106,48
233,0,0,16,0,0,0,1,0,0,27,80,0,101,16,0,10,15,1,0,0,17,151,0,7,30,0,33,3,9,0,0,0,89,0,0,130,5,0,26,0,7,2,0,51,21,17,147,2,3,0,0,1,0,4,13,4,41,109,78,0,0,0,5,21,0,118,54,0,52,0,0,0,3,0,0,33,137,16,61,0,0,0,0,19,7,0,11,167,46,0,0,0,0,0,0,8,18,42,182
11,46,0,187,0,0,6,0,0,0,23,72,7,68,40,1,32,5,2,0,0,76,35,0,19,76,3,21,8,12,7,2,0,76,6,0,99,31,0,29,0,6,3,0,89,23,38,60,12,19,0,0,2,1,5,40,8,58,53,83,0,0,0,17,14,0,70,104,4,41,0,0,0,0,13,0,69,74,24,70,0,1,0,0,18,44,0,40,43,104,0,0,0,0,0,1,7,86,101,55
242,0,0,8,0,0,0,0,0,0,17,104,0,99,13,0,7,10,0,0,0,8,168,0,10,33,0,26,1,4,0,0,0,90,0,0,137,4,0,19,0,1,0,0,55,29,8,149,2,6,0,0,0,0,3,13,4,27,122,81,0,1,0,3,15,0,126,56,0,49,0,0,0,0,3,0,29,157,8,53,0,0,0,0,2,6,0,6,196,40,0,0,0,0,0,0,9,11,36,194
8,50,0,192,0,0,0,0,0,0,29,68,3,86,36,0,24,4,0,0,0,70,26,0,23,99,2,18,6,6,4,0,0,82,5,0,98,32,0,29,0,2,1,2,100,18,27,68,8,24,0,0,0,0,6,39,2,67,61,75,0,1,0,21,15,0,57,108,1,47,0,0,0,1,9,0,77,75,18,70,0,0,0,0,7,34,0,47,33,129,0,0,0,0,1,0,4,87,110,48
246,0,0,4,0,0,0,0,0,0,18,103,0,102,17,0,4,6,0,0,0,11,182,0,1,31,0,23,2,0,0,0,0,78,1,0,151,6,0,14,0,5,1,1,58,17,4,163,0,1,0,0,0,0,1,12,1,21,125,90,0,0,0,10,7,0,136,45,0,52,0,0,0,0,0,0,21,166,4,59,0,0,0,0,6,8,0,5,169,62,0,0,0,0,0,0,3,3,26,218
4,41,0,205,0,0,0,0,0,0,14,92,2,87,35,0,15,5,0,0,0,71,33,0,21,103,1,13,4,4,1,0,0,103,6,0,87,26,0,27,0,6,1,1,125,12,23,63,5,14,0,0,0,0,3,25,1,80,50,91,0,0,0,11,16,0,53,121,3,46,0,0,0,2,5,0,82,72,6,83,0,0,0,0,5,31,0,37,51,126,0,0,0,0,0,0,2,101,118,29
246,0,0,4,0,0,0,0,0,0,15,103,0,114,11,0,4,3,0,0,0,6,182,0,4,37,0,19,1,1,0,0,0,84,0,0,154,3,0,9,0,1,0,0,66,16,5,162,0,0,0,0,0,0,2,6,1,26,117,98,0,0,0,3,10,0,145,42,0,50,0,0,0,0,1,0,10,178,3,58,0,0,0,0,3,3,0,6,195,43,0,0,0,0,0,0,3,6,34,207
4,42,0,204,0,0,0,0,0,0,16,94,3,84,34,0,14,5,0,0,0,78,37,0,13,104,0,13,2,3,3,0,0,90,1,0,91,28,0,37,0,4,0,0,122,16,22,68,2,16,0,0,0,0,3,29,1,74,50,93,0,0,0,11,16,0,51,119,0,53,0,0,0,0,8,0,84,64,8,86,0,0,0,0,3,31,0,33,42,141,0,0,0,0,0,0,4,85,123,38
249,0,0,1,0,0,0,0,0,0,11,116,0,115,7,0,1,0,0,0,0,1,203,0,4,29,0,13,0,0,0,0,0,74,0,0,166,1,0,9,0,0,0,0,48,16,1,185,0,0,0,0,0,0,0,9,0,47,121,73,0,0,0,2,10,0,154,51,0,33,0,0,0,0,0,0,12,178,2,58,0,0,0,0,3,2,0,4,213,28,0,0,0,0,0,0,2,4,19,225
1,28,0,221,0,0,0,0,0,0,15,95,0,97,29,0,12,2,0,0,0,81,25,0,9,122,0,10,2,1,0,0,0,115,0,0,84,23,0,28,0,0,0,0,163,7,16,56,4,4,0,0,0,0,2,29,0,68,52,99,0,0,0,11,16,0,48,114,0,61,0,0,0,0,3,0,87,67,6,87,0,0,0,0,4,24,0,26,22,174,0,0,0,0,0,0,2,103,122,23
250,0,0,0,0,0,0,0,0,0,6,119,0,109,12,0,1,3,0,0,0,2,205,0,2,29,0,12,0,0,0,0,0,64,0,0,179,1,0,6,0,0,0,0,57,5,3,185,0,0,0,0,0,0,0,6,0,23,133,88,0,0,0,1,8,0,161,43,0,37,0,0,0,0,0,0,7,198,1,44,0,0,0,0,2,1,0,0,209,38,0,0,0,0,0,0,0,6,25,219
0,22,0,228,0,0,0,0,0,0,18,84,1,109,22,0,12,4,0,0,0,76,25,0,12,127,0,10,0,0,0,0,0,138,1,0,69,15,0,27,0,3,0,0,157,12,13,52,3,10,0,0,0,0,1,25,0,73,58,93,0,0,0,5,8,0,52,133,0,52,0,0,0,0,4,0,103,50,3,90,0,0,0,0,4,17,0,22,32,175,0,0,0,0,0,0,0,81,138,31
18,1,0,2,0,1,1,1,1,2,8,4,3,2,1,4,4,1,0,0,2,3,11,2,2,3,1,1,1,1,1,5,3,10,1,2,3,0,1,1,6,2,2,3,6,3,1,4,0,0,4,1,2,2,1,8,3,2,3,1,2,1,1,4,0,1,8,7,1,2,0,2,1,0,2,2,4,13,1,2,1,0,3,1,0,6,1,1,10,4,0,0,0,1,3,3,7,3,2,8
1,5,0,11,0,0,3,4,2,1,2,10,3,5,2,0,2,1,1,1,0,8,2,3,3,6,1,2,1,1,3,4,1,7,3,3,4,1,1,0,0,3,3,2,5,3,4,5,0,2,0,3,3,1,1,5,3,3,5,3,0,2,1,6,6,0,4,5,1,2,0,2,1,1,4,8,3,4,3,1,3,1,1,0,3,9,1,2,4,3,0,2,1,1,2,5,3,5,3,5
168,19,0,23,0,2,8,10,2,18,46,60,43,32,5,30,31,1,2,0,15,36,114,17,16,26,11,7,4,4,11,33,5,155,6,5,30,0,1,4,24,20,15,29,77,18,9,58,0,0,11,8,7,7,27,103,13,22,44,8,9,9,2,43,11,9,94,53,5,15,0,7,6,0,28,26,27,132,7,17,12,0,9,1,15,74,3,10,97,29,0,0,1,10,26,25,50,36,12,90
28,47,4,111,8,5,20,11,8,8,23,95,24,40,21,18,16,6,1,6,3,67,42,22,36,56,9,9,3,3,28,58,13,48,26,10,52,7,6,2,10,29,11,30,73,31,21,37,1,7,10,20,31,12,23,57,11,25,29,32,5,9,1,66,35,6,53,37,9,29,0,3,12,7,64,40,26,54,13,31,9,4,13,2,25,82,9,34,52,20,0,3,3,5,20,22,47,79,32,39
196,10,1,15,0,2,11,4,5,6,44,85,40,35,4,22,18,1,1,0,4,34,137,10,15,36,11,1,1,1,6,26,2,187,2,3,24,0,0,0,16,20,14,31,109,17,5,37,0,1,8,13,4,3,33,130,9,12,35,3,3,5,0,34,18,12,113,44,0,21,0,0,3,0,46,19,19,154,4,5,8,0,8,0,9,71,0,6,127,21,0,0,0,1,34,18,61,55,12,69
25,51,1,143,3,4,5,7,5,6,30,95,31,32,25,19,12,5,0,1,4,80,49,12,28,62,5,3,5,2,26,70,5,36,32,10,69,2,0,0,7,35,13,21,72,31,12,56,0,3,4,18,26,3,43,40,12,25,56,23,3,10,3,81,37,4,46,37,4,25,0,2,19,3,65,57,16,43,5,40,6,3,12,2,21,99,2,31,54,20,0,2,1,8,36,28,32,85,19,39
206,6,0,17,1,0,9,5,3,3,37,106,58,20,1,12,15,0,0,1,0,25,165,13,12,33,1,1,0,0,4,13,0,207,0,1,24,0,0,1,8,28,4,23,133,11,6,37,0,0,3,10,4,4,41,132,5,11,35,5,1,2,1,38,27,1,114,50,2,14,0,0,4,0,55,20,9,156,1,5,0,0,2,0,10,63,1,9,143,22,0,0,0,0,23,14,58,55,6,94
20,53,0,157,1,1,6,4,3,5,28,109,42,20,25,12,11,0,2,1,3,95,41,8,25,71,5,0,2,0,28,83,4,32,23,1,78,1,0,0,2,27,9,28,83,18,16,67,0,0,3,8,36,4,43,59,4,32,46,15,2,7,3,60,42,3,56,46,3,28,0,3,11,2,76,44,27,53,4,30,2,4,9,0,29,105,3,28,47,23,0,0,0,4,33,18,29,97,25,44
220,7,0,12,0,0,5,4,0,2,34,128,41,32,3,4,8,0,0,0,0,32,180,4,8,25,0,1,0,0,2,11,0,217,0,1,19,0,0,0,3,15,2,30,168,7,1,23,0,1,0,5,3,4,41,167,4,4,21,1,0,2,0,29,22,2,139,40,3,13,0,0,1,0,40,13,10,182,1,3,1,0,3,0,6,66,0,4,158,12,0,0,0,0,29,9,52,83,3,74
15,48,0,174,2,0,6,2,1,2,31,88,42,31,27,16,15,0,0,0,2,90,34,7,31,82,3,1,0,0,22,87,2,27,16,4,91,1,0,0,2,27,15,23,60,19,6,95,0,3,3,13,35,0,43,32,6,29,74,15,0,3,0,82,33,1,61,44,2,24,0,1,7,1,81,63,21,49,2,25,1,0,6,0,22,115,3,27,58,18,0,1,0,2,32,30,33,90,21,41
226,2,0,12,2,0,6,0,1,1,25,144,52,22,1,1,5,0,0,0,0,39,188,7,5,11,0,0,0,0,1,11,0,223,0,0,15,0,0,0,1,12,0,28,192,1,4,12,0,0,0,4,1,1,40,181,3,3,15,2,0,0,0,37,21,1,155,31,0,5,0,0,2,0,38,11,3,195,0,1,0,0,3,0,3,60,0,7,158,19,0,0,0,0,19,5,47,73,2,104
15,47,0,184,0,0,0,3,0,1,35,93,43,24,29,15,10,1,0,0,1,102,39,8,15,85,0,0,0,0,17,105,0,26,17,1,84,0,0,0,2,45,7,26,45,17,9,99,0,0,2,11,29,2,48,27,9,30,73,19,0,3,3,86,41,1,58,37,1,20,0,0,2,0,95,54,25,42,1,31,0,0,2,0,18,139,0,23,55,13,0,0,0,0,27,20,28,127,21,27
236,2,0,7,1,0,3,0,1,0,15,165,40,18,2,0,10,0,0,0,0,27,195,4,10,14,0,0,0,0,0,11,0,232,0,0,7,0,0,0,2,18,1,19,185,4,2,19,0,0,0,1,2,0,40,187,2,3,12,3,0,0,0,25,18,0,167,37,0,3,0,0,0,0,36,3,1,210,0,0,1,0,0,0,2,80,0,7,150,10,0,0,0,0,27,4,46,92,1,80
11,39,0,195,1,0,3,1,0,0,48,73,40,36,29,14,10,0,0,0,1,106,35,7,11,87,2,0,1,0,22,102,1,16,9,0,100,0,0,0,0,36,6,33,50,9,13,103,0,0,1,3,29,2,60,40,3,15,89,8,0,1,0,101,33,1,43,47,1,23,0,1,0,0,107,65,15,36,1,25,0,1,3,0,13,134,1,10,74,14,0,0,0,0,26,23,34,111,11,45
244,0,0,3,0,0,2,1,0,0,9,181,48,8,0,2,2,0,0,0,0,29,197,1,3,20,0,0,0,0,0,3,0,243,0,0,4,0,0,0,0,14,0,25,205,1,0,5,0,0,0,1,2,1,36,194,0,4,11,1,0,0,0,26,24,0,161,35,0,4,0,0,0,0,39,1,3,207,0,0,0,0,0,0,0,64,0,4,175,7,0,0,0,0,14,9,38,96,0,93
3,35,0,208,2,0,0,0,0,2,38,62,61,48,30,6,5,0,0,0,0,122,36,3,15,74,0,0,0,0,23,105,0,7,13,0,102,0,0,0,0,42,4,35,34,17,5,113,0,0,1,6,29,0,63,37,2,12,91,9,0,2,0,80,50,0,53,54,0,11,0,0,0,0,105,58,13,39,0,35,0,0,3,0,11,145,0,25,53,13,0,0,0,0,28,15,24,122,9,52
246,0,0,4,0,0,0,0,0,0,15,178,48,9,0,0,0,0,0,0,0,38,196,0,4,12,0,0,0,0,0,4,0,241,0,0,5,0,0,0,0,12,0,12,217,0,1,8,0,0,0,1,0,0,40,195,1,4,9,0,0,0,0,15,14,0,182,38,0,1,0,0,0,0,33,2,0,215,0,0,0,0,0,0,2,49,0,1,197,1,0,0,0,0,14,1,48,109,0,78
4,34,0,212,0,0,0,0,0,0,49,69,67,38,16,9,2,0,0,0,0,118,42,2,12,76,0,0,0,0,11,117,0,8,11,0,103,0,0,0,0,39,1,30,30,12,5,133,0,0,0,4,22,1,74,41,2,12,90,4,0,0,0,85,49,0,48,54,0,14,0,0,0,0,124,53,13,34,0,26,0,0,0,0,8,160,0,18,45,19,0,0,0,0,41,10,20,109,11,59
244,0,0,5,0,0,0,0,1,0,7,195,44,4,0,0,0,0,0,0,0,37,200,0,1,12,0,0,0,0,0,0,0,248,0,0,2,0,0,0,0,9,0,4,231,1,0,5,0,0,0,0,0,0,21,222,0,3,3,1,0,0,0,17,14,0,183,34,0,2,0,0,0,0,24,2,0,224,0,0,0,0,0,0,0,68,0,2,178,2,0,0,0,0,9,1,39,111,2,88
5,22,0,222,0,0,0,0,0,1,41,54,91,39,18,4,3,0,0,0,0,124,42,1,8,75,0,0,0,0,6,118,0,2,15,0,109,0,0,0,0,46,4,36,18,8,6,132,0,0,0,3,12,0,91,22,0,11,106,5,0,0,0,88,54,0,42,52,0,14,0,0,0,0,141,53,3,26,0,27,0,0,0,0,4,160,0,14,68,4,0,0,0,0,33,10,30,110,6,61
18,3,1,1,1,1,0,0,1,1,5,7,3,4,1,3,2,0,2,0,1,2,4,3,4,5,1,1,6,0,4,2,1,8,3,1,4,0,2,2,0,0,4,5,3,4,2,1,4,4,0,2,4,2,2,3,2,1,9,2,2,3,1,2,2,5,5,1,0,6,0,1,0,3,5,2,5,3,1,7,1,0,0,0,0,5,2,3,11,5,0,0,0,0,1,2,2,5,10,7
1,9,2,8,1,1,1,1,2,1,2,1,7,7,3,4,1,2,0,0,1,3,4,1,5,3,0,5,3,2,3,4,4,4,1,4,3,2,0,2,0,2,2,2,3,6,3,5,2,2,1,2,2,2,1,11,0,2,5,1,1,2,3,3,2,0,9,4,0,3,1,0,0,2,4,4,3,5,5,3,0,1,0,0,1,6,1,2,8,8,1,0,0,1,0,2,4,7,5,7
179,30,14,14,0,6,0,2,4,1,24,81,24,58,24,34,1,1,2,1,8,14,56,9,48,59,3,14,36,3,31,30,6,86,13,18,43,2,7,14,0,3,20,29,60,44,10,30,28,26,0,14,33,4,14,84,5,9,74,13,2,33,1,33,12,25,81,13,0,50,0,7,0,26,21,11,70,40,12,63,3,0,0,1,0,31,5,14,138,58,0,1,0,0,0,11,15,61,77,85
23,90,17,102,4,4,4,0,2,4,26,56,54,48,24,17,7,4,13,1,2,29,41,10,36,51,7,46,24,4,26,31,19,56,34,11,49,11,6,7,0,8,23,7,44,37,33,43,35,20,1,15,20,7,19,86,9,29,50,14,7,19,10,36,36,9,56,28,3,46,2,4,1,24,29,29,47,53,28,33,1,1,0,2,2,55,7,20,75,87,0,0,0,2,7,7,23,45,79,87
177,39,8,21,0,5,0,0,0,0,22,96,26,65,16,23,0,0,2,0,1,23,77,4,35,68,0,17,23,2,16,30,5,113,25,14,36,2,1,8,0,0,13,22,87,49,9,24,20,26,0,6,25,2,10,99,4,9,84,11,3,36,0,30,10,10,106,13,0,42,0,10,0,18,27,8,65,41,7,74,0,0,0,0,0,17,0,20,162,51,0,0,0,0,0,3,9,52,79,107
39,101,10,94,0,1,2,0,2,1,31,63,54,48,33,12,2,0,6,1,5,33,43,1,51,49,3,29,31,5,31,31,13,55,41,7,58,4,6,4,0,3,25,15,51,41,23,44,36,12,0,10,30,4,20,90,5,27,54,10,6,17,7,49,33,11,48,19,2,58,0,2,1,24,28,22,67,66,14,26,0,0,0,1,0,52,3,17,74,103,0,0,0,0,2,13,16,53,96,70
209,20,6,14,0,1,0,0,0,0,15,124,25,51,19,16,0,0,0,0,1,15,79,1,40,76,1,14,23,0,20,31,3,121,18,10,42,1,1,3,0,0,7,14,94,42,8,28,30,27,0,12,16,0,7,110,5,4,89,7,0,22,0,22,30,6,114,8,1,47,0,0,0,6,17,6,69,49,10,93,0,0,0,0,0,15,0,7,184,44,0,0,0,0,0,2,4,46,85,113
22,105,6,115,0,1,0,0,1,0,15,70,60,50,36,17,2,0,0,0,0,23,79,0,40,61,0,21,24,2,25,35,3,76,35,6,61,5,2,2,0,1,24,10,60,50,9,52,25,19,0,4,30,3,21,86,4,21,67,14,1,21,5,50,31,6,65,16,0,55,0,1,0,19,33,25,59,58,15,40,0,0,0,0,0,60,2,19,57,112,0,0,0,0,1,5,9,56,106,73
220,14,2,14,0,0,0,0,0,0,4,140,20,60,17,9,0,0,0,0,0,14,93,0,54,75,0,5,9,0,7,30,1,145,16,6,43,0,0,2,0,0,13,7,118,24,7,39,23,19,0,5,13,0,14,130,1,4,77,6,0,28,0,25,21,7,145,3,0,21,0,1,0,6,14,7,96,62,4,60,0,0,0,0,0,8,0,2,208,32,0,0,0,0,0,1,0,61,84,104
16,114,7,110,0,2,1,0,0,0,20,65,66,51,39,8,1,0,0,0,1,29,78,1,42,56,0,24,19,0,29,41,4,54,34,2,73,7,0,6,0,1,17,12,47,51,16,65,24,17,0,5,28,0,12,87,2,18,90,8,1,11,2,44,35,6,48,15,1,87,0,0,0,13,32,15,57,64,8,61,0,0,0,0,0,50,0,16,38,146,0,0,0,0,0,7,7,55,109,72
226,15,3,6,0,0,0,0,0,0,5,153,13,63,11,5,0,0,0,0,0,8,102,0,47,80,0,6,7,0,2,29,1,161,14,3,37,0,0,3,0,0,7,5,112,35,11,42,18,20,0,6,15,0,1,148,2,2,74,2,0,21,0,22,18,8,145,4,0,32,0,0,0,1,10,10,101,48,2,78,0,0,0,0,0,10,0,2,204,34,0,0,0,0,0,1,0,43,93,113
10,107,5,128,0,0,0,0,0,0,21,59,54,61,48,7,0,0,0,0,1,27,79,1,46,54,0,16,26,0,28,50,2,51,26,1,88,3,1,0,0,1,14,13,67,61,10,46,18,20,0,5,24,1,19,79,4,12,103,3,0,10,2,52,34,4,57,11,0,80,0,2,0,17,24,23,63,59,10,52,0,0,0,0,0,47,0,9,42,152,0,0,0,0,0,1,2,61,112,74
233,11,0,6,0,0,0,0,0,0,2,169,22,43,12,2,0,0,0,0,0,8,116,0,39,80,0,5,2,0,3,28,1,169,10,1,37,0,0,1,0,0,5,3,134,24,11,38,18,17,0,3,6,0,5,142,1,2,91,0,0,12,0,29,14,4,170,2,0,19,0,0,0,2,5,3,94,59,2,85,0,0,0,0,0,4,0,0,222,24,0,0,0,0,0,0,1,42,92,115
7,110,4,129,0,0,0,0,0,0,6,57,64,67,46,10,0,0,0,0,0,16,79,1,58,69,0,13,14,0,18,41,2,51,35,2,98,2,0,1,0,0,10,4,52,65,12,76,14,17,0,1,24,0,16,95,3,7,100,4,0,19,0,52,31,4,44,10,0,90,0,0,0,7,24,15,71,57,9,67,0,0,0,0,0,43,0,4,28,175,0,0,0,0,0,4,1,74,104,67
232,13,0,5,0,0,0,0,0,0,5,172,13,50,9,1,0,0,0,0,0,6,93,0,47,93,0,5,6,0,2,32,0,169,16,2,29,0,0,0,0,0,2,1,127,31,4,50,18,17,0,2,13,0,3,157,2,1,72,0,0,11,0,19,24,3,167,0,0,26,0,0,0,1,5,3,92,55,1,93,0,0,0,0,0,2,0,0,231,17,0,0,0,0,0,0,0,42,93,115
9,108,2,130,0,1,0,0,0,0,11,60,64,78,34,3,0,0,0,0,0,18,96,0,46,57,0,16,17,0,12,49,1,57,35,1,93,2,0,0,0,0,10,9,60,54,5,70,28,14,0,2,28,0,13,83,0,10,113,1,0,8,2,55,38,6,56,11,0,74,0,0,0,9,23,13,82,56,3,64,0,0,0,0,0,55,0,6,19,170,0,0,0,0,0,1,0,52,121,76
241,7,0,2,0,0,0,0,0,0,2,179,14,46,8,1,0,0,0,0,0,1,115,0,34,93,0,5,2,0,0,19,0,185,16,2,28,0,0,0,0,0,4,0,136,32,6,45,16,11,0,3,4,0,2,155,0,2,84,0,0,11,0,14,15,0,188,1,0,21,0,0,0,0,7,5,92,45,2,99,0,0,0,0,0,0,0,0,238,12,0,0,0,0,0,0,0,36,90,124
6,108,1,135,0,0,0,0,0,0,5,55,68,88,30,4,0,0,0,0,0,14,93,0,54,68,0,10,11,0,11,64,1,37,30,1,106,0,0,0,0,0,9,1,55,59,4,83,23,16,0,1,25,0,10,91,0,2,120,1,0,11,0,57,32,1,38,6,0,105,0,0,0,5,25,13,78,65,4,60,0,0,0,0,0,35,0,2,12,201,0,0,0,0,0,0,0,46,120,84
241,6,0,3,0,0,0,0,0,0,2,182,5,55,6,0,0,0,0,0,0,2,125,0,35,86,0,0,2,0,1,25,1,186,7,0,30,0,0,0,0,0,5,1,150,26,3,44,17,4,0,0,2,0,1,155,0,0,92,0,0,6,0,10,11,0,210,2,0,11,0,0,0,0,4,2,111,39,0,94,0,0,0,0,0,0,0,0,237,13,0,0,0,0,0,0,0,31,106,113
6,125,0,119,0,0,0,0,0,0,8,56,52,93,39,2,0,0,0,0,0,14,97,0,57,73,0,5,4,0,7,53,0,44,23,0,122,0,0,1,0,0,9,3,59,63,4,88,11,13,0,0,21,0,10,93,0,11,115,0,0,4,0,61,41,1,28,14,0,101,0,0,0,6,20,5,75,74,2,68,0,0,0,0,0,31,0,5,13,201,0,0,0,0,0,0,0,56,109,85
21,2,0,2,0,0,0,1,0,1,5,3,1,4,3,3,4,0,2,2,3,4,4,3,2,5,2,1,2,1,2,5,3,6,1,1,6,0,2,1,2,3,2,1,1,2,3,10,1,2,2,0,3,2,2,9,0,6,2,1,1,1,0,9,3,0,6,4,0,3,0,0,0,2,2,4,2,9,5,3,2,3,0,1,1,8,2,1,7,2,0,1,2,1,3,0,2,4,7,7
2,10,1,6,3,1,2,0,0,2,2,7,7,1,1,3,2,4,0,0,0,6,3,3,4,3,3,2,3,0,6,4,1,3,3,2,6,2,0,0,1,2,1,2,4,3,5,5,2,2,0,5,1,1,3,3,1,3,6,4,3,3,1,3,1,1,4,8,1,2,1,1,1,1,4,3,3,7,1,5,1,3,1,0,4,3,2,4,5,4,0,0,0,0,4,6,5,6,2,4
230,4,0,9,4,0,0,0,0,3,28,68,20,39,22,18,24,18,12,1,7,73,30,28,15,59,18,8,11,1,38,31,12,70,9,3,71,3,10,3,3,27,7,11,24,24,35,105,7,7,7,18,17,7,14,95,1,64,18,9,1,3,0,66,10,3,93,58,2,14,0,0,2,2,14,23,14,150,27,18,5,21,2,3,13,90,5,20,65,26,0,1,16,0,24,14,16,67,49,63
10,153,1,62,2,5,9,0,0,8,28,46,33,31,34,22,19,23,13,1,18,38,61,25,20,37,13,6,24,8,28,38,8,61,23,6,70,10,3,3,4,15,9,6,70,23,42,50,18,13,2,11,25,8,46,49,2,28,56,23,20,14,0,45,41,4,56,47,4,19,0,2,5,4,46,20,47,62,25,39,7,17,13,1,29,50,7,24,70,32,0,1,5,4,22,33,20,68,38,59
242,5,0,2,0,0,0,0,0,1,19,76,20,46,34,13,13,24,5,0,4,88,30,14,18,64,18,9,3,2,44,30,6,71,7,3,80,1,8,0,1,19,2,17,33,9,39,120,5,5,0,18,21,2,18,121,0,46,20,4,0,2,0,61,10,0,103,67,1,6,0,0,0,2,14,17,6,191,12,8,0,13,3,1,14,110,3,21,67,18,0,0,12,0,25,8,11,66,51,77
4,165,0,72,1,2,4,0,0,2,20,49,41,35,39,23,22,15,5,1,14,36,71,24,26,36,12,12,15,4,27,41,11,68,18,6,72,3,2,2,2,16,7,10,58,18,66,42,11,20,3,11,34,3,37,59,2,43,38,20,10,14,0,49,41,0,68,52,0,16,0,1,1,4,60,17,34,38,30,65,2,14,13,1,34,58,0,20,78,30,0,3,3,6,29,30,24,80,30,45
244,3,0,2,1,0,0,0,0,0,14,92,11,40,36,10,11,30,6,0,3,98,32,19,12,60,22,4,0,0,42,31,1,78,15,1,79,2,1,0,0,22,4,3,49,14,38,118,2,0,2,11,11,3,11,137,0,62,13,0,0,7,0,51,15,0,102,73,0,2,0,0,0,0,12,10,3,209,12,4,0,9,2,0,12,108,2,36,63,18,0,0,5,0,22,5,9,98,34,77
4,194,0,50,1,0,0,0,0,1,24,56,27,33,36,32,25,14,2,1,9,42,86,22,21,40,10,3,15,2,21,44,4,70,18,1,88,2,0,2,0,8,8,9,89,18,48,47,10,13,2,5,40,1,46,53,0,35,60,8,10,11,0,34,48,0,72,66,1,8,0,0,1,2,65,30,41,28,33,50,0,9,10,1,34,56,8,20,87,25,0,0,0,1,30,24,18,76,39,62
249,1,0,0,0,0,0,0,0,0,4,113,18,38,32,10,11,22,2,0,2,104,43,13,8,69,11,0,0,0,47,20,2,79,11,1,88,0,2,0,1,16,2,5,62,7,41,115,1,0,0,5,10,0,11,147,0,55,19,3,0,4,0,49,14,0,109,72,0,2,0,0,0,0,1,9,5,230,4,1,0,9,1,0,11,118,3,30,71,7,0,0,3,0,16,2,10,104,40,75
1,198,0,49,0,0,1,0,0,1,16,53,27,37,61,22,19,10,5,0,2,40,107,20,16,41,8,4,12,0,28,37,1,68,14,2,97,2,0,1,0,13,6,6,74,25,64,52,6,4,0,8,44,0,23,62,0,41,61,11,1,8,0,52,50,0,73,60,2,4,0,0,0,1,70,26,37,20,32,64,1,7,10,1,31,68,1,15,93,23,0,0,1,1,29,17,17,78,23,84
250,0,0,0,0,0,0,0,0,0,8,113,9,31,33,18,14,24,0,0,1,100,40,11,5,82,9,2,0,0,39,17,0,98,9,0,86,1,0,0,0,5,1,2,72,5,41,123,1,0,0,7,6,0,10,182,0,37,7,1,0,2,0,38,7,0,127,76,0,0,0,0,0,0,0,5,1,241,3,0,0,3,1,0,7,126,0,35,68,10,0,0,2,0,15,9,9,125,30,60
0,204,0,45,0,0,1,0,0,0,13,62,29,40,51,15,21,16,3,0,4,40,109,14,25,39,7,4,8,0,20,31,1,77,11,1,106,3,0,0,0,12,4,9,81,20,64,51,4,5,0,12,40,2,56,42,0,36,59,3,0,4,0,48,59,0,74,60,0,5,0,0,0,0,78,24,49,7,31,61,0,10,2,0,23,70,0,9,106,30,0,0,2,0,26,15,13,70,31,93
250,0,0,0,0,0,0,0,0,0,3,134,9,43,24,11,9,17,0,0,0,119,43,9,3,71,5,0,0,0,36,19,0,92,7,0,96,0,0,0,0,8,0,1,71,1,33,136,0,0,0,2,8,0,5,198,0,25,12,0,0,0,0,38,9,0,146,57,0,0,0,0,0,0,1,2,1,242,2,2,0,5,0,0,7,139,0,24,67,8,0,0,0,0,13,5,2,123,30,77
0,205,0,45,0,0,0,0,0,0,11,53,28,47,67,15,11,16,2,0,4,40,124,18,18,35,6,2,3,0,31,37,1,76,9,0,95,0,1,0,0,10,3,6,80,13,72,55,5,6,0,13,45,0,37,35,0,40,78,2,0,0,0,50,48,0,69,81,0,2,0,0,0,0,91,30,50,8,16,55,0,9,7,0,30,71,1,16,103,13,0,0,1,0,29,13,13,80,32,82
250,0,0,0,0,0,0,0,0,0,3,149,4,37,22,11,6,18,0,0,0,107,43,14,5,71,10,0,0,0,37,15,0,85,6,0,107,0,0,0,0,2,0,0,77,1,37,133,0,0,0,1,2,0,8,197,0,35,7,0,0,0,0,26,6,0,160,58,0,0,0,0,0,0,0,1,0,246,2,1,0,1,0,0,8,138,0,37,56,10,0,0,0,0,8,5,3,150,14,70
0,219,0,31,0,0,0,0,0,0,10,58,29,38,78,5,16,16,0,0,3,54,116,16,19,29,8,2,3,0,28,37,0,83,10,0,92,0,0,0,0,14,2,4,78,11,70,64,6,1,0,3,42,0,40,38,0,54,69,4,0,0,0,65,41,0,62,80,0,2,0,0,0,0,82,38,42,4,16,68,0,6,2,0,24,66,1,27,107,17,0,0,0,0,29,9,8,66,36,102
250,0,0,0,0,0,0,0,0,0,2,153,7,35,26,10,5,12,0,0,0,126,30,2,10,77,4,1,0,0,21,11,0,118,4,0,96,0,0,0,0,1,0,0,82,2,33,132,0,0,0,0,0,0,3,210,0,30,7,0,0,0,0,23,6,0,155,66,0,0,0,0,0,0,0,0,0,250,0,0,0,0,0,0,7,144,0,38,57,4,0,0,0,0,11,1,1,151,22,64
0,227,0,23,0,0,0,0,0,0,4,51,23,50,90,11,15,6,0,0,0,34,150,16,9,32,2,4,3,0,23,24,0,81,5,0,117,0,0,0,0,13,1,2,85,8,67,72,1,1,0,3,43,0,51,31,0,47,74,1,0,0,0,57,53,0,62,78,0,0,0,0,0,0,93,29,49,0,7,72,0,0,2,0,23,65,0,19,126,15,0,0,0,0,35,10,6,81,18,100
250,0,0,0,0,0,0,0,0,0,1,154,3,30,35,8,5,14,0,0,0,120,48,3,4,75,0,0,0,0,25,7,0,117,0,0,101,0,0,0,0,0,0,0,72,0,15,163,0,0,0,0,0,0,1,216,0,26,7,0,0,0,0,26,7,0,170,47,0,0,0,0,0,0,0,0,0,250,0,0,0,0,0,0,6,166,0,34,39,5,0,0,0,0,6,4,0,156,12,72
0,238,0,12,0,0,0,0,0,0,6,48,25,52,90,6,10,13,0,0,0,49,138,7,16,36,0,0,4,0,22,22,0,81,1,0,124,0,0,0,0,5,1,2,87,9,94,52,0,0,0,2,45,0,59,23,0,44,76,1,0,0,0,49,42,0,62,97,0,0,0,0,0,0,93,28,42,0,8,79,0,1,0,0,24,54,0,24,138,9,0,0,0,0,31,8,0,76,24,111
18,1,2,3,1,0,1,1,0,0,5,6,5,2,0,5,1,2,0,1,1,3,12,2,2,5,2,0,0,0,3,2,2,9,3,0,7,0,0,1,0,1,5,1,4,5,6,2,2,1,3,2,3,0,2,4,4,5,2,2,2,2,1,2,2,1,8,2,1,6,2,2,3,1,0,6,2,3,3,5,0,0,1,0,0,11,1,4,5,5,2,0,2,2,0,4,1,2,6,8
4,8,1,10,0,3,0,0,0,1,3,7,3,4,0,7,3,0,0,0,1,8,7,1,1,5,0,2,0,2,2,0,2,8,2,4,8,1,0,0,1,4,1,3,4,5,0,5,2,2,1,2,2,2,4,5,4,3,2,2,0,1,3,4,3,3,6,3,2,2,0,2,0,2,3,8,1,5,2,4,0,1,0,1,2,8,2,3,8,2,0,2,0,0,5,8,2,5,3,2
200,10,4,25,4,4,2,0,0,1,36,81,33,24,8,51,8,4,3,2,2,15,155,19,12,34,10,0,3,0,9,16,14,97,12,12,77,3,0,10,0,15,37,10,55,50,42,24,5,12,12,16,32,3,6,71,36,36,14,24,8,7,6,21,25,2,121,12,3,45,2,14,4,13,16,87,19,48,16,31,0,0,5,0,1,107,5,22,73,37,4,2,2,8,10,55,2,22,58,87
24,71,4,129,6,10,2,2,1,1,27,71,39,37,15,26,21,2,12,0,5,60,43,15,19,93,7,1,4,3,23,21,22,50,29,18,69,10,1,7,3,27,30,18,48,30,28,31,17,18,8,22,20,11,35,36,33,33,36,16,3,11,9,60,25,8,37,31,15,51,4,11,13,11,32,60,19,45,24,31,0,2,11,2,7,83,6,18,75,46,1,1,1,7,21,50,10,48,61,50
214,7,0,25,1,3,0,0,0,0,34,96,34,25,9,42,6,1,3,0,1,17,177,13,5,32,5,0,0,0,2,13,11,123,17,7,73,0,0,4,0,12,45,7,63,36,41,30,1,15,4,14,25,3,12,87,37,40,13,15,1,2,2,29,32,2,135,2,3,42,1,7,4,8,10,96,20,62,13,29,0,0,0,0,1,114,0,11,80,44,1,0,0,6,9,45,1,11,68,109
28,77,1,139,0,3,1,0,0,1,26,76,50,33,21,27,12,0,4,1,2,61,46,7,17,108,6,0,3,0,24,29,12,53,24,16,81,5,0,6,0,18,31,16,55,45,29,34,11,11,4,12,14,11,48,48,15,31,46,21,7,6,6,52,30,3,56,27,11,52,2,7,5,12,37,59,27,52,25,24,0,0,5,0,4,81,1,12,115,32,1,2,0,4,19,46,8,51,65,54
230,4,1,15,0,0,0,0,0,0,24,128,25,23,4,41,4,0,1,0,0,11,206,9,4,18,1,0,1,0,0,9,10,127,9,1,93,0,0,1,0,6,41,6,72,45,34,32,3,11,2,12,17,3,8,119,30,37,10,12,1,4,0,20,19,1,162,1,0,42,0,4,2,2,14,125,20,43,14,26,0,0,0,0,0,128,0,8,80,34,2,0,0,3,8,43,1,13,67,113
16,64,3,163,3,1,0,0,0,0,32,64,58,40,18,30,6,0,2,0,1,73,28,6,13,122,6,0,1,0,15,23,7,62,29,11,86,10,0,7,0,13,21,13,62,38,40,34,9,20,3,13,25,6,57,35,20,38,36,17,2,4,0,62,39,1,52,31,7,52,0,1,2,9,37,51,8,78,22,42,0,0,2,0,6,85,2,8,121,26,0,2,0,4,10,48,3,60,79,44
237,1,0,10,1,1,0,0,0,0,12,156,21,16,5,38,2,0,0,0,0,2,222,3,4,19,0,0,0,0,0,9,10,126,5,3,97,0,0,0,0,5,36,3,89,34,40,34,0,9,1,6,16,1,21,130,20,34,6,15,0,2,0,30,16,0,153,2,0,47,0,3,1,4,23,130,11,54,5,19,0,0,0,0,0,141,0,2,82,25,1,0,0,1,3,48,0,16,64,117
10,71,1,165,1,2,0,0,0,0,26,56,70,49,12,30,4,0,2,1,0,63,21,9,13,142,0,0,1,1,8,25,18,78,28,11,80,2,0,0,0,13,31,12,71,34,30,38,4,17,1,13,24,7,57,35,21,39,37,16,1,3,0,53,39,1,62,29,2,60,0,3,5,6,38,64,16,72,15,31,0,0,8,0,3,79,0,6,120,34,0,0,0,2,2,43,1,52,91,59
241,2,0,7,0,0,0,0,0,0,14,167,24,17,3,23,2,0,0,0,0,0,240,2,0,8,0,0,0,0,0,12,9,135,4,2,88,0,0,0,0,3,40,4,87,36,46,27,1,6,0,6,17,3,17,149,18,22,2,16,0,1,0,20,12,0,191,0,0,26,0,0,0,1,11,152,9,61,2,14,0,0,0,0,0,149,0,3,84,14,0,0,0,0,1,55,0,5,76,113
9,50,0,190,1,0,0,0,0,0,13,50,64,63,17,38,4,0,1,0,0,52,7,3,9,178,1,0,0,0,6,36,4,73,22,9,96,3,0,1,0,9,19,10,88,34,45,28,5,12,1,12,20,6,73,31,22,47,29,9,0,1,0,78,34,0,50,16,2,69,0,4,0,2,35,64,5,89,19,32,0,0,0,0,1,86,0,6,128,29,0,0,0,1,8,48,0,50,95,48
244,1,0,5,0,0,0,0,0,0,16,172,20,17,2,22,1,0,0,0,0,0,239,0,2,8,1,0,0,0,0,2,3,170,3,2,70,0,0,0,0,1,34,5,118,25,39,23,1,4,0,2,8,4,14,158,21,32,2,9,0,0,0,21,11,0,187,1,0,30,0,2,0,2,12,161,2,59,1,11,0,0,0,0,0,157,0,0,82,11,0,0,0,1,3,40,0,6,89,111
5,60,0,185,0,0,0,0,0,0,26,57,69,62,16,16,4,0,0,0,0,55,7,0,9,177,1,0,1,0,2,39,6,64,23,4,111,0,0,1,0,8,19,10,73,52,54,22,0,12,1,5,12,4,67,39,16,51,38,17,0,2,1,72,52,0,50,14,2,57,0,6,0,1,32,66,6,91,15,33,0,0,1,0,2,76,0,5,129,37,0,0,0,0,7,64,0,32,97,50
247,0,0,3,0,0,0,0,0,0,5,191,26,10,0,18,0,0,0,0,0,0,243,1,1,5,0,0,0,0,0,1,2,165,4,1,77,0,0,0,0,1,33,3,116,38,33,24,0,2,0,0,9,0,12,175,10,28,3,13,0,0,0,15,3,0,208,0,0,24,0,0,0,1,4,174,3,55,0,13,0,0,0,0,0,155,0,1,83,11,0,0,0,0,0,45,0,5,85,115
3,47,0,200,0,0,0,0,0,0,19,40,70,75,14,32,0,0,0,0,0,38,7,1,3,201,0,0,0,0,5,33,4,72,19,0,117,0,0,0,0,5,31,4,82,52,41,25,1,9,0,2,17,2,90,39,12,41,35,12,0,0,0,72,54,0,33,19,1,71,0,0,0,0,37,54,8,100,17,34,0,0,0,0,0,82,0,1,143,24,0,0,0,0,1,50,0,49,97,53
250,0,0,0,0,0,0,0,0,0,2,207,20,6,1,14,0,0,0,0,0,0,248,0,0,2,0,0,0,0,0,1,0,173,2,1,73,0,0,0,0,0,30,6,156,12,27,15,0,4,0,3,1,1,11,186,16,24,2,6,0,0,0,7,4,0,228,0,0,11,0,0,0,0,6,186,3,40,2,13,0,0,0,0,0,157,0,0,83,10,0,0,0,0,0,36,0,2,77,135
0,39,0,211,0,0,0,0,0,0,20,35,85,76,9,23,2,0,0,0,0,47,2,1,4,196,0,0,0,0,1,34,5,65,10,1,132,1,0,1,0,5,36,6,53,63,56,23,1,7,0,1,16,0,96,31,8,48,40,10,0,0,0,72,77,0,19,9,0,73,0,2,0,1,35,47,3,122,9,31,0,0,0,0,0,77,0,5,141,27,0,0,0,0,4,38,0,39,112,57
250,0,0,0,0,0,0,0,0,0,2,215,13,5,0,15,0,0,0,0,0,0,249,0,0,1,0,0,0,0,0,1,2,164,3,1,79,0,0,0,0,0,25,0,140,34,28,20,0,3,0,0,5,1,9,199,9,21,2,4,0,0,0,4,5,0,220,0,0,21,0,0,0,2,3,186,2,46,0,11,0,0,0,0,0,161,0,0,82,7,0,0,0,0,1,17,0,4,84,144
0,41,0,209,0,0,0,0,0,0,8,25,101,81,6,29,0,0,0,0,0,40,1,0,2,207,0,0,0,0,0,28,3,69,26,3,121,0,0,0,0,3,30,3,76,41,60,32,0,5,0,2,11,1,109,23,12,44,41,7,0,0,0,89,63,0,26,11,0,61,0,2,0,1,39,50,4,115,8,31,0,0,0,0,0,81,0,1,154,14,0,0,0,0,1,46,0,29,118,56
14,3,0,1,2,0,4,0,2,1,2,6,4,3,0,4,4,1,2,1,1,2,5,4,1,6,1,3,4,0,5,1,3,5,1,1,8,2,1,0,1,3,3,3,1,4,3,5,4,0,0,1,3,2,1,9,1,1,6,3,0,1,4,3,2,1,7,4,2,3,1,1,3,1,3,1,5,3,7,2,1,2,0,1,3,3,1,5,9,2,1,0,1,1,1,2,3,3,6,9
3,1,1,17,0,1,1,1,1,1,1,2,3,8,2,5,2,2,2,0,0,3,4,2,3,3,2,6,3,1,3,1,1,13,2,1,1,2,1,2,0,2,4,3,6,1,3,3,1,4,1,1,3,1,4,5,0,6,6,0,0,5,3,2,1,2,6,3,1,4,0,2,1,4,2,3,5,5,0,5,0,0,2,2,2,4,1,4,7,5,0,0,0,2,0,3,2,10,6,4
176,11,1,36,8,0,13,3,2,0,13,82,44,30,7,27,39,2,5,1,0,16,88,19,12,44,8,30,33,0,41,6,14,63,4,4,105,7,6,0,3,20,28,21,30,11,45,65,22,5,0,8,48,9,11,62,1,18,67,26,0,9,37,14,11,4,95,47,10,23,2,1,17,16,31,9,55,60,45,14,0,2,1,13,18,21,5,46,139,5,1,2,1,13,1,9,37,31,65,90
26,13,6,169,2,1,17,7,4,5,21,45,45,45,18,39,25,6,5,1,1,22,29,25,43,64,14,24,27,1,20,15,13,132,7,4,35,7,7,10,2,22,16,29,53,33,34,37,10,14,1,14,13,3,25,101,6,24,58,5,0,31,13,42,18,22,34,45,16,29,1,4,8,39,26,25,26,62,26,33,1,7,8,6,20,77,13,31,42,45,2,0,3,11,4,15,25,65,52,73
199,5,1,35,3,0,4,3,0,0,10,105,52,19,3,23,36,2,0,0,0,12,109,16,25,37,5,24,22,0,21,4,8,102,0,2,103,4,6,0,0,19,28,14,34,13,62,63,15,2,0,4,71,2,7,63,4,16,77,6,0,3,28,21,6,1,125,43,8,15,0,1,11,13,33,12,65,59,49,7,0,0,0,9,8,17,8,45,158,5,0,0,1,6,0,2,31,45,60,105
30,6,1,192,5,0,12,3,1,0,23,45,50,49,14,33,21,7,7,1,0,9,38,15,34,101,13,19,21,0,30,20,11,115,2,2,55,8,5,2,1,12,18,26,58,33,32,42,14,14,1,12,16,3,14,129,0,16,52,7,0,28,15,46,11,19,51,48,9,23,1,2,13,31,46,27,28,49,22,31,0,1,5,5,14,90,10,47,31,47,0,0,0,7,2,16,30,56,70,69
225,2,0,15,3,0,4,1,0,0,4,117,57,13,2,29,26,1,1,0,0,5,111,22,26,42,5,19,20,0,17,2,5,120,1,3,101,1,0,0,0,12,18,9,35,14,67,83,8,4,0,3,52,1,4,91,0,17,79,3,0,9,23,9,5,3,119,54,12,16,0,1,5,9,29,6,70,68,60,2,0,0,0,5,7,17,1,35,180,5,0,0,0,4,0,3,33,40,48,122
13,7,0,221,0,0,7,0,2,0,11,41,72,51,26,37,8,0,4,0,0,18,39,12,34,101,4,17,25,0,24,9,3,121,2,0,85,3,3,0,0,16,14,31,54,17,43,52,14,9,0,2,26,1,14,129,1,12,62,3,0,18,9,48,11,16,46,54,13,35,1,1,9,38,38,25,39,46,30,23,0,0,0,2,8,100,2,51,38,49,0,0,2,4,0,9,22,63,71,79
227,0,0,19,0,0,4,0,0,0,2,135,58,19,1,12,23,0,0,0,0,4,109,10,38,39,6,26,18,0,7,3,3,141,0,0,94,2,0,0,0,14,13,5,47,7,70,87,6,1,0,3,50,1,2,108,0,11,72,3,0,9,21,7,5,4,158,33,6,7,0,0,3,9,40,8,84,59,44,3,0,0,0,0,1,9,2,34,203,1,0,0,0,0,0,2,23,37,45,143
16,0,0,229,1,0,4,0,0,0,10,59,72,55,19,21,10,0,4,0,0,6,31,14,38,114,11,17,19,0,20,6,1,102,0,2,114,3,1,1,0,21,22,27,55,17,36,51,6,15,0,5,25,0,14,125,0,12,68,1,0,15,14,64,12,6,39,73,11,16,0,1,10,32,41,20,37,61,27,21,0,0,0,1,13,77,1,61,31,66,0,0,0,3,0,2,26,78,74,67
233,0,0,16,0,0,1,0,0,0,3,149,57,10,1,15,14,0,1,0,0,2,128,4,35,43,1,15,22,0,6,1,1,138,0,0,104,0,0,0,0,9,12,8,37,9,70,101,4,0,0,1,39,0,2,138,0,4,65,1,0,4,15,6,4,5,176,36,1,3,0,0,3,5,41,1,89,57,52,2,0,0,0,0,0,6,0,28,215,1,0,0,0,0,0,1,20,41,47,141
13,5,0,228,0,0,4,0,0,0,10,52,91,41,22,21,10,0,3,0,0,4,32,8,33,134,5,21,13,0,21,9,3,110,1,0,104,1,1,0,0,12,12,19,67,19,53,62,3,3,0,1,50,1,3,103,0,10,80,2,0,14,9,50,10,7,30,92,8,30,0,0,6,33,50,13,32,73,27,16,0,0,0,0,4,94,1,70,25,56,0,0,0,1,0,5,26,73,71,74
242,0,0,7,0,0,1,0,0,0,0,162,55,9,0,12,12,0,0,0,0,0,144,7,38,39,0,9,13,0,3,0,0,148,0,0,99,0,0,0,0,6,15,6,39,2,79,96,6,1,0,0,44,0,0,135,0,6,65,0,0,2,17,6,1,2,178,40,2,2,0,0,5,3,40,4,71,75,49,3,0,0,0,0,2,2,0,21,224,1,0,0,0,0,0,0,18,36,44,152
7,0,0,243,0,0,0,0,0,0,4,51,117,42,13,15,8,0,0,0,0,11,34,7,28,145,3,9,13,0,15,8,1,101,0,0,123,2,0,0,0,16,14,16,69,12,59,56,2,6,0,1,55,0,8,110,0,6,69,1,0,12,14,57,10,7,37,92,5,16,0,0,4,22,39,13,53,82,21,16,0,0,0,0,5,100,0,77,12,56,0,0,0,0,0,1,16,67,94,72
242,0,0,8,0,0,0,0,0,0,0,159,70,7,1,6,7,0,0,0,0,0,145,7,36,44,1,14,3,0,1,0,0,161,0,0,88,0,0,0,0,4,8,6,45,5,72,105,4,1,0,0,41,0,0,138,0,6,65,0,0,2,9,7,2,1,191,33,3,2,0,0,0,4,49,3,64,78,49,3,0,0,0,0,0,1,0,25,224,0,0,0,0,0,0,0,22,23,36,169
8,0,0,241,0,0,1,0,0,0,1,50,103,55,18,14,8,0,1,0,0,3,41,3,38,140,2,13,10,0,14,8,1,89,0,0,138,0,0,0,0,12,12,18,70,25,51,58,3,1,0,0,44,0,1,111,0,4,90,0,0,10,13,44,4,7,38,111,2,21,0,0,2,15,51,7,53,92,25,5,0,0,0,0,5,109,1,65,21,49,0,0,0,0,0,0,27,71,93,59
247,0,0,3,0,0,0,0,0,0,0,175,51,8,1,5,10,0,0,0,0,1,143,2,39,49,0,9,7,0,0,0,0,149,0,0,101,0,0,0,0,4,9,3,38,1,69,125,1,0,0,0,29,0,0,149,0,1,71,0,0,1,5,5,1,1,211,24,0,2,0,0,2,4,32,2,92,90,28,0,0,0,0,0,0,4,0,7,239,0,0,0,0,0,0,0,14,19,32,185
3,0,0,247,0,0,0,0,0,0,2,51,128,46,9,11,3,0,0,0,0,7,41,1,27,153,3,13,5,0,11,3,2,100,0,0,134,0,0,0,0,7,6,12,89,9,62,60,4,1,0,0,50,0,2,101,0,1,96,0,0,9,16,45,1,2,32,134,3,8,0,0,0,31,45,6,45,85,29,9,0,0,0,0,2,96,0,88,9,55,0,0,0,0,0,0,26,72,107,45
247,0,0,3,0,0,0,0,0,0,0,174,61,7,0,3,5,0,0,0,0,1,169,0,27,43,0,3,7,0,0,0,0,166,0,0,84,0,0,0,0,5,8,1,45,1,79,111,0,0,0,0,38,0,0,157,0,2,53,0,0,0,9,3,1,0,210,27,0,0,0,0,0,2,39,2,88,90,29,0,0,0,0,0,0,0,0,13,237,0,0,0,0,0,0,0,13,19,26,192
3,0,0,247,0,0,0,0,0,0,1,57,136,39,5,8,4,0,0,0,0,4,36,4,35,155,0,8,8,0,7,2,2,84,0,1,154,0,0,0,0,8,12,17,86,5,59,61,1,1,0,0,47,0,0,93,0,4,106,0,0,2,12,50,2,2,30,135,1,16,0,0,1,18,54,7,52,88,25,5,0,0,0,0,2,119,0,66,11,52,0,0,0,0,0,0,28,71,103,48
17,5,0,3,0,0,0,0,1,1,4,5,1,11,2,1,2,0,1,0,1,2,10,1,6,4,0,3,0,0,6,2,1,5,4,0,5,2,1,1,1,4,1,1,3,3,5,3,4,2,0,1,5,1,3,4,3,1,8,1,1,2,1,4,3,0,8,5,1,2,2,1,1,1,3,2,3,7,4,3,1,1,2,4,4,2,0,1,9,3,0,1,1,1,2,1,5,2,5,9
6,8,2,9,0,1,1,0,0,0,3,11,4,3,0,1,2,1,1,1,1,5,6,0,4,3,0,3,5,0,2,4,3,6,5,1,2,3,0,1,0,2,2,7,4,1,0,3,4,4,1,3,4,1,5,4,1,4,4,0,1,1,3,5,2,1,8,1,1,4,1,4,3,0,6,3,1,4,4,1,2,2,2,0,3,8,0,4,2,4,1,0,2,4,3,0,2,5,5,5
205,24,0,20,0,0,0,0,1,0,37,95,9,82,10,1,10,0,6,0,3,35,101,2,47,40,0,13,9,0,28,17,2,84,61,8,39,7,0,4,3,18,15,41,44,21,38,29,23,18,2,8,45,5,42,46,5,13,82,2,1,12,6,67,21,2,98,20,2,21,2,13,8,5,34,11,17,92,49,19,13,7,6,15,27,25,7,10,105,35,0,5,0,3,17,7,50,35,56,77
29,105,0,112,2,1,1,0,0,0,40,73,41,62,15,4,9,0,3,3,6,39,51,4,48,53,1,23,25,0,24,31,8,70,45,3,31,26,5,7,2,15,11,46,53,19,32,39,18,15,0,9,31,5,39,76,12,28,42,8,3,20,9,61,38,2,58,36,5,18,2,8,12,17,79,13,11,45,34,29,9,10,3,14,34,84,5,21,37,33,1,6,4,16,17,7,18,48,53,80
221,17,0,12,0,0,0,0,0,0,15,116,4,94,10,0,7,0,4,0,0,30,117,0,48,41,0,11,3,0,11,20,0,100,71,3,39,3,0,3,0,16,11,51,64,23,25,25,15,20,0,2,44,5,38,49,2,9,101,0,0,7,2,67,20,0,137,9,0,8,0,6,4,3,49,5,12,102,55,14,4,7,1,7,33,41,12,6,125,14,0,2,0,1,12,3,43,31,69,89
26,105,0,115,2,1,1,0,0,0,47,65,40,58,19,5,14,0,1,1,2,38,52,4,45,67,1,24,17,0,23,16,5,72,56,5,48,21,1,3,1,24,19,32,64,17,28,32,18,15,1,6,27,5,43,94,4,32,34,4,2,12,3,83,39,2,49,42,1,17,0,4,7,10,75,16,13,52,39,34,5,6,3,12,45,89,6,8,37,39,1,2,1,8,24,11,16,57,46,84
235,11,0,4,0,0,0,0,0,0,26,124,1,95,4,0,0,0,0,0,0,30,122,0,45,43,0,4,6,0,15,15,0,116,75,1,27,1,0,0,0,11,18,33,104,12,31,15,17,9,0,2,34,1,29,65,3,4,112,0,0,2,0,63,29,1,134,13,0,8,0,3,1,7,62,2,14,111,44,6,6,2,1,12,28,24,8,5,134,30,0,0,0,0,4,4,41,30,64,107
14,121,0,115,0,0,0,0,0,0,39,72,39,80,10,0,10,0,0,0,2,44,56,0,49,70,0,12,17,0,26,38,1,67,50,5,48,14,0,1,1,23,16,37,66,11,33,38,16,9,0,1,32,4,40,98,1,27,44,3,1,3,3,82,44,0,67,38,0,12,0,6,2,6,87,8,12,65,35,29,4,11,1,13,41,89,10,11,38,32,0,0,0,4,22,13,36,63,39,73
244,6,0,0,0,0,0,0,0,0,16,113,1,116,3,0,1,0,0,0,0,22,144,0,38,42,0,2,2,0,7,9,0,129,76,0,27,2,0,0,0,8,8,27,127,7,36,21,12,4,0,0,37,0,39,64,0,9,101,0,0,1,0,78,19,0,137,8,0,7,0,0,0,2,63,3,11,119,48,4,2,6,0,5,34,28,5,2,147,21,0,0,0,0,4,1,43,32,55,115
4,116,0,130,0,0,0,0,0,0,37,94,35,66,11,3,4,0,0,0,1,47,52,1,48,79,0,7,15,0,16,33,2,63,72,3,46,15,0,0,0,14,13,38,55,13,25,64,13,15,0,1,31,6,51,100,0,17,42,2,0,10,1,86,53,0,56,33,0,11,0,2,0,6,73,3,15,78,51,22,0,9,2,2,42,106,7,5,38,39,0,0,0,2,11,7,20,77,41,92
245,5,0,0,0,0,0,0,0,0,14,124,0,111,0,0,0,0,1,0,0,12,150,0,47,39,0,1,1,0,9,4,0,140,73,0,19,5,0,0,0,6,9,35,130,10,28,12,14,6,0,0,36,2,30,85,1,2,94,0,0,2,0,87,19,0,138,1,0,3,0,0,0,0,65,0,4,122,54,5,1,5,0,5,37,22,0,4,152,24,0,0,0,0,4,1,33,36,42,134
5,119,0,126,0,0,0,0,0,0,34,94,28,78,9,0,6,0,1,0,0,51,53,0,49,84,0,8,5,0,18,31,0,69,82,0,40,10,0,0,0,13,11,39,71,18,31,47,11,9,0,4,23,1,55,120,0,9,38,0,0,3,1,98,42,0,79,21,0,6,0,1,0,1,73,2,24,82,42,25,2,7,1,1,44,103,6,16,32,38,0,0,0,3,11,5,29,72,55,75
250,0,0,0,0,0,0,0,0,0,5,130,0,115,0,0,0,0,0,0,0,17,169,0,36,28,0,0,0,0,4,5,0,153,80,0,8,0,0,0,0,1,6,23,164,7,25,15,6,3,0,0,26,1,24,99,1,3,96,0,0,0,0,74,12,0,161,3,0,0,0,0,0,0,69,0,10,130,39,2,1,2,0,2,37,25,1,1,153,28,0,0,0,0,5,0,30,29,49,137
0,126,0,124,0,0,0,0,0,0,19,100,20,102,3,0,6,0,0,0,0,52,52,0,28,106,0,4,8,0,14,29,0,62,89,1,42,13,0,0,0,9,20,43,58,22,25,54,9,10,0,0,24,1,56,100,0,19,50,0,0,0,0,110,41,0,64,30,0,5,0,1,0,2,76,1,11,81,53,25,0,7,0,7,40,116,1,7,38,34,0,0,0,1,13,2,29,75,51,79
248,2,0,0,0,0,0,0,0,0,2,143,0,105,0,0,0,0,0,0,0,6,167,0,37,40,0,0,0,0,2,1,0,168,70,0,9,0,0,0,0,1,2,25,188,4,15,7,4,4,0,0,20,0,19,92,0,2,117,0,0,0,0,71,16,0,160,3,0,0,0,0,0,0,55,0,4,161,29,1,0,2,0,2,39,29,0,2,161,15,0,0,0,0,1,0,25,25,53,146
2,132,0,116,0,0,0,0,0,0,21,93,17,112,5,1,1,0,0,0,0,55,50,0,38,99,0,3,5,0,13,19,0,64,97,0,50,7,0,0,0,15,12,36,43,38,28,55,17,6,0,0,28,0,42,124,0,16,40,0,0,0,0,111,48,0,66,24,0,1,0,0,0,3,97,1,20,59,58,12,0,4,0,2,37,113,3,5,38,48,0,0,0,0,11,2,32,70,65,70
250,0,0,0,0,0,0,0,0,0,4,133,0,113,0,0,0,0,0,0,0,11,178,0,37,23,0,0,1,0,1,5,0,155,78,0,11,0,0,0,0,2,4,19,189,4,16,12,1,3,0,0,19,0,19,111,0,2,99,0,0,0,0,74,9,0,164,3,0,0,0,0,0,0,62,0,4,148,35,1,0,1,0,2,37,13,1,0,182,14,0,0,0,0,2,0,29,18,41,160
0,133,0,117,0,0,0,0,0,0,20,100,23,105,0,0,2,0,0,0,0,45,41,0,49,112,0,1,2,0,8,24,0,73,96,0,45,4,0,0,0,7,16,44,41,23,34,67,12,6,0,0,25,0,46,119,0,8,52,0,0,2,0,111,39,0,68,26,0,4,0,0,0,1,83,1,14,73,57,21,1,4,0,1,42,122,1,2,28,49,0,0,0,0,2,3,37,86,51,71
250,0,0,0,0,0,0,0,0,0,3,145,0,102,0,0,0,0,0,0,0,10,181,0,34,25,0,0,0,0,0,2,0,165,70,0,13,0,0,0,0,0,3,20,207,2,12,5,1,0,0,0,14,0,27,116,0,2,91,0,0,0,0,67,11,0,172,0,0,0,0,0,0,0,51,0,3,163,31,2,0,0,0,0,41,27,0,0,176,6,0,0,0,0,1,1,20,14,38,176
0,137,0,113,0,0,0,0,0,0,16,97,13,122,2,0,0,0,0,0,0,51,44,0,45,107,0,2,1,0,5,14,0,69,132,0,29,1,0,0,0,17,12,46,33,24,36,62,18,2,0,0,16,0,51,113,1,5,64,0,0,0,0,143,27,0,63,15,0,2,0,0,0,0,85,0,11,66,67,21,0,2,0,0,37,144,0,7,29,31,0,0,0,0,5,1,23,94,69,58
17,3,1,2,0,0,2,0,1,1,2,6,5,7,0,2,3,1,0,1,1,3,10,0,1,3,3,2,1,3,4,2,2,9,1,1,5,1,1,1,1,2,7,3,1,5,4,2,1,1,0,4,2,0,3,7,0,4,6,1,0,3,1,6,0,1,9,2,1,4,0,1,0,3,7,2,5,3,4,2,0,1,1,1,3,2,3,4,8,4,0,0,3,1,3,2,2,1,5,10
1,4,2,14,0,2,0,1,2,1,5,3,2,5,2,4,3,0,1,2,0,6,4,2,5,4,2,1,2,1,2,4,2,6,1,2,6,2,1,1,2,0,6,2,4,5,3,1,1,3,2,2,2,0,2,5,2,1,4,7,3,2,4,2,3,1,3,2,2,5,0,3,0,2,3,4,3,7,2,3,1,1,2,2,1,5,2,1,4,8,1,1,0,1,1,1,6,4,6,6
165,32,0,34,0,0,16,2,1,0,20,74,41,69,2,10,22,5,0,7,0,35,120,2,8,31,25,7,7,15,22,7,15,100,16,3,66,7,3,11,4,6,75,19,18,51,45,8,6,18,0,19,33,0,20,76,1,25,46,30,0,7,11,46,19,8,104,16,7,32,0,2,0,7,48,23,42,65,28,35,0,6,8,7,16,25,16,23,110,39,1,0,12,5,13,18,31,18,53,99
27,30,11,160,1,2,9,1,5,4,17,56,34,37,6,42,49,4,2,3,0,65,57,5,26,52,20,8,12,5,19,23,17,66,30,7,64,5,5,14,2,14,42,25,38,36,46,20,17,10,3,8,25,1,32,72,5,22,48,34,4,10,15,57,30,12,40,36,18,28,1,7,5,24,40,14,23,60,40,36,0,6,13,8,11,35,20,29,44,84,0,3,8,5,19,24,28,40,65,58
165,25,1,52,0,0,7,0,0,0,13,87,41,73,0,10,22,1,0,3,0,32,157,3,5,20,19,2,5,7,14,2,5,134,12,0,74,3,0,6,1,4,69,14,24,56,57,7,7,11,0,11,40,1,17,109,0,16,34,22,0,4,2,36,24,6,139,5,2,32,0,0,0,1,47,21,24,92,22,43,0,1,2,3,15,20,15,12,151,31,0,0,4,2,8,24,38,23,52,99
29,36,2,157,2,0,22,0,2,0,20,57,47,46,6,31,42,0,0,1,0,79,37,9,15,76,13,2,11,8,24,21,11,79,24,1,76,8,0,6,0,8,50,24,41,34,43,19,7,24,0,17,41,0,39,61,1,20,42,29,2,7,8,82,27,7,34,40,12,31,0,6,1,24,52,19,23,64,33,28,0,4,2,2,15,47,8,35,47,90,0,0,10,4,20,26,36,31,64,59
167,22,0,57,0,0,4,0,0,0,14,105,41,77,0,5,8,0,0,0,0,35,149,1,15,19,21,0,3,7,5,2,7,145,12,3,73,3,0,0,0,1,77,14,24,68,48,8,2,8,0,4,29,0,17,127,0,15,36,22,0,1,1,36,25,5,155,9,4,14,0,0,0,1,36,19,26,93,22,53,0,1,3,0,9,29,12,3,168,25,0,0,0,2,4,27,25,23,44,125
28,33,0,171,0,0,17,0,1,0,17,65,43,49,6,26,42,1,1,0,0,70,38,6,15,90,8,4,12,7,15,20,10,70,32,5,90,4,1,3,1,6,50,18,47,46,32,18,13,19,0,7,40,0,38,72,0,19,55,19,1,7,8,80,28,10,33,41,7,35,0,3,0,24,52,23,26,54,36,32,0,1,6,0,13,57,8,32,36,97,0,0,7,3,17,12,39,37,82,53
169,23,0,56,0,0,2,0,0,0,5,127,27,74,0,5,12,0,0,0,0,17,194,0,5,20,8,1,2,3,6,0,6,138,9,1,89,0,0,1,0,2,92,11,26,60,51,5,1,2,0,2,32,0,16,143,0,8,34,15,0,1,2,29,17,2,171,9,2,17,0,0,0,0,27,6,15,103,23,76,0,0,1,0,9,17,5,9,186,23,0,0,2,0,6,9,29,22,49,133
40,33,1,168,0,0,7,0,1,0,17,61,43,62,4,20,42,1,0,0,0,88,18,7,13,114,4,1,3,2,12,18,9,91,17,2,97,2,0,2,0,5,59,16,50,62,29,8,8,13,0,8,54,0,32,65,0,9,71,11,0,6,2,96,26,6,35,37,7,35,0,0,0,27,65,20,19,63,20,36,0,3,2,0,15,64,7,37,35,87,0,0,1,0,15,21,26,31,96,60
172,20,0,57,0,0,1,0,0,0,10,115,39,78,0,2,6,0,0,0,0,16,190,2,6,27,5,0,2,2,0,1,3,166,1,0,79,0,0,0,0,1,90,7,21,76,44,5,1,5,0,2,34,0,10,165,0,5,26,8,0,0,2,48,20,4,159,7,1,9,0,0,0,0,33,11,7,102,18,79,0,0,0,0,6,28,4,7,189,16,0,0,0,0,7,18,21,20,40,144
33,28,0,177,0,0,12,0,0,0,13,70,47,50,1,22,47,0,0,0,0,96,21,5,6,109,4,2,5,2,13,16,3,77,17,0,121,0,1,2,0,4,54,10,54,55,34,10,9,20,0,4,64,0,33,66,0,9,63,11,0,3,2,90,22,6,44,43,2,38,0,0,0,17,83,24,24,53,23,26,0,0,2,0,12,63,7,34,41,91,0,0,1,1,6,20,44,37,96,45
168,10,0,71,0,0,1,0,0,0,0,124,25,94,0,0,7,0,0,0,0,25,184,1,2,33,4,0,1,0,0,1,1,156,4,0,88,0,0,0,0,0,88,7,28,64,56,6,0,1,0,0,21,0,8,170,0,4,36,11,0,0,0,33,15,2,181,5,0,14,0,0,0,0,24,1,11,120,12,82,0,0,0,0,10,12,4,7,201,16,0,0,1,0,7,12,26,12,35,157
48,37,0,159,0,0,6,0,0,0,23,73,42,69,1,8,33,1,0,0,0,101,32,2,11,99,0,0,3,2,3,9,2,84,19,1,127,2,0,3,0,4,68,10,50,54,38,12,3,11,0,2,49,0,47,54,0,11,74,13,0,0,3,108,16,6,41,43,6,27,0,0,0,16,85,21,31,52,12,33,0,1,1,0,13,63,6,43,24,99,0,0,1,0,9,13,37,28,112,50
193,5,0,52,0,0,0,0,0,0,1,151,17,76,0,0,5,0,0,0,0,23,200,0,2,20,4,0,0,1,0,1,1,161,3,0,84,0,0,0,0,0,85,5,27,74,54,3,0,2,0,0,12,0,10,186,0,5,29,8,0,0,0,35,19,2,183,5,1,5,0,0,0,0,13,4,14,123,11,85,0,0,0,0,6,10,0,2,215,17,0,0,0,0,3,14,29,5,33,166
43,16,0,188,0,0,3,0,0,0,13,63,63,79,1,7,24,0,0,0,0,91,30,2,12,112,1,0,2,0,8,9,0,84,19,0,128,1,0,1,0,2,62,18,52,54,39,9,7,7,0,3,75,0,38,40,0,5,76,13,0,1,1,95,30,4,41,42,2,34,0,0,0,8,91,26,28,54,19,24,0,0,1,0,8,65,1,35,27,113,0,0,0,0,7,8,28,33,122,52
187,1,0,62,0,0,0,0,0,0,3,152,24,70,0,0,1,0,0,0,0,20,198,0,1,28,1,0,1,1,0,0,0,176,4,0,70,0,0,0,0,0,92,1,23,80,53,0,0,1,0,0,12,0,10,196,0,1,26,5,0,0,0,24,19,1,192,9,0,5,0,0,0,0,19,1,4,141,7,78,0,0,0,0,3,9,3,3,224,8,0,0,0,0,2,8,17,9,28,186
45,21,0,178,0,0,6,0,0,0,8,72,58,84,0,10,18,0,0,0,0,95,30,1,8,114,2,0,0,0,6,4,2,72,12,1,153,0,0,0,0,1,81,8,52,54,30,6,7,11,0,1,77,0,48,42,0,10,64,8,0,0,3,110,20,2,25,37,2,51,0,0,0,4,115,11,24,56,14,26,0,0,0,0,4,72,0,41,18,115,0,0,0,0,6,12,20,28,146,38
185,3,0,62,0,0,0,0,0,0,0,165,21,61,0,0,3,0,0,0,0,15,202,1,0,27,5,0,0,0,0,0,0,166,1,0,83,0,0,0,0,1,90,4,22,83,49,0,0,1,0,0,15,0,4,213,0,1,16,1,0,0,0,25,8,0,207,4,0,6,0,0,0,0,8,1,4,142,5,90,0,0,0,0,2,5,2,3,231,7,0,0,0,0,1,10,14,6,32,187
46,20,0,183,0,0,1,0,0,0,14,65,58,94,0,5,14,0,0,0,0,110,30,0,7,103,0,0,0,0,3,7,0,83,9,0,148,0,0,0,0,0,84,13,48,61,28,5,4,7,0,3,84,0,41,30,0,6,83,3,0,1,1,138,16,2,24,34,1,33,0,0,0,3,122,7,20,48,19,31,0,0,0,0,3,72,0,40,14,121,0,0,1,0,2,5,26,24,149,43
17,3,0,2,1,2,1,0,0,1,10,7,1,1,3,2,3,0,0,0,1,6,6,0,5,5,1,2,1,0,7,2,1,8,3,3,1,1,0,1,7,2,3,1,1,5,4,1,0,3,2,2,7,1,1,10,1,0,1,2,4,3,2,5,1,2,7,1,0,2,1,1,5,2,3,2,4,3,3,3,1,1,2,1,4,7,0,0,2,9,1,1,1,0,4,5,7,1,3,4
2,5,2,10,3,2,1,1,1,0,2,3,4,10,2,3,1,1,1,0,0,3,8,0,3,6,3,1,3,0,3,4,5,6,5,0,1,1,0,2,1,2,2,3,6,5,3,1,1,3,0,4,8,2,1,4,3,4,0,1,1,2,1,7,7,1,4,1,1,2,0,3,0,6,3,7,3,1,2,2,1,3,3,0,1,6,1,1,11,0,1,0,3,1,2,5,3,3,6,3
176,29,0,23,11,8,1,0,0,2,78,86,14,28,21,16,6,0,1,0,0,44,80,1,39,66,10,5,5,0,63,39,22,65,23,13,11,8,1,5,23,22,19,26,32,73,35,7,1,12,5,22,75,4,10,93,22,2,14,3,28,26,7,48,35,11,74,8,3,10,0,5,30,18,61,36,36,7,21,36,10,6,12,1,28,89,1,1,47,55,0,0,4,0,45,71,39,18,26,47
24,74,7,113,8,15,5,1,0,3,27,55,25,69,30,19,17,4,4,0,3,34,72,2,41,57,16,12,13,0,23,42,29,58,45,8,31,6,2,6,12,28,19,31,50,35,19,25,18,13,1,14,46,16,59,65,18,21,4,6,7,15,20,60,43,11,54,23,4,13,0,8,16,19,55,49,32,27,16,28,1,16,15,1,26,47,1,5,95,43,3,1,11,7,28,41,27,36,51,45
199,29,0,18,3,1,0,0,0,0,69,91,18,32,18,18,4,0,0,0,0,50,94,0,39,52,11,1,3,0,66,54,19,55,32,10,11,3,0,0,28,21,17,29,40,76,26,5,1,7,1,8,77,2,13,131,13,4,1,0,7,23,7,50,58,7,87,2,2,7,0,0,21,9,75,42,44,10,9,40,0,8,13,0,20,118,0,2,47,42,0,0,1,0,40,74,35,10,27,63
22,77,2,135,7,6,1,0,0,0,29,71,40,65,23,10,8,2,2,0,2,36,64,0,50,78,7,6,7,0,33,39,18,74,41,12,24,7,0,2,12,28,24,32,78,30,25,7,9,5,0,11,58,2,72,58,8,14,27,0,12,16,13,65,48,15,55,20,3,3,0,2,17,14,60,51,31,33,19,23,1,4,17,1,35,43,2,5,101,41,0,2,6,0,39,46,23,30,61,43
209,22,0,16,0,3,0,0,0,0,53,118,14,35,13,12,5,0,0,0,0,37,104,0,44,59,4,0,2,0,52,39,13,93,37,9,5,2,0,0,14,29,14,20,65,70,30,4,0,4,1,7,66,0,12,152,11,1,0,0,8,26,3,60,47,2,99,4,0,1,0,0,18,10,95,44,40,2,11,30,2,4,10,0,13,113,0,0,63,45,0,0,0,0,43,84,44,8,19,52
20,87,7,124,7,4,1,0,0,0,41,65,40,68,25,7,4,0,0,0,0,49,74,0,40,68,10,4,5,0,36,36,26,73,48,10,18,2,0,1,3,33,24,26,77,42,18,10,11,6,0,11,62,3,84,51,7,12,19,1,12,18,13,77,48,10,49,14,2,7,0,5,23,13,66,54,26,24,19,20,3,7,15,0,24,56,1,2,107,35,0,0,4,1,45,45,28,22,51,54
215,23,0,10,0,2,0,0,0,0,52,127,6,46,12,7,0,0,0,0,0,29,113,0,47,58,3,0,0,0,59,59,10,71,39,5,6,1,0,0,18,31,13,19,64,80,23,2,0,0,1,4,57,0,20,161,7,0,0,0,3,14,2,66,55,3,104,2,1,0,0,0,13,4,102,47,43,4,6,31,0,1,4,0,12,123,0,0,69,41,0,0,0,0,46,75,36,10,21,62
21,99,2,124,2,2,0,0,0,0,39,69,31,68,33,6,3,1,0,0,0,42,69,0,38,89,6,3,3,0,40,32,21,80,42,10,22,2,0,1,7,26,24,34,88,31,22,8,6,4,0,13,82,2,64,48,9,12,19,1,7,27,10,67,61,8,49,10,0,11,0,1,18,9,59,57,50,27,11,18,0,3,8,0,29,63,0,3,111,33,0,0,5,1,42,55,22,28,53,44
226,16,0,7,1,0,0,0,0,0,58,143,4,31,8,5,1,0,0,0,0,35,124,0,29,61,1,0,0,0,57,46,4,96,41,4,2,0,0,0,11,33,4,20,84,73,24,0,0,1,0,2,63,0,10,166,9,0,0,0,3,8,7,69,50,0,110,2,1,0,0,0,10,2,118,34,43,3,3,37,0,1,3,0,10,154,0,0,54,28,0,0,0,0,33,81,27,3,28,78
15,127,2,103,0,3,0,0,0,0,57,62,44,61,20,6,0,0,0,0,0,44,69,0,41,88,4,1,3,0,36,36,22,79,41,6,28,2,0,0,14,23,20,27,93,46,16,8,2,1,0,8,94,1,75,52,7,2,11,0,7,10,14,72,70,4,57,7,0,9,0,1,10,2,54,76,50,24,8,25,0,3,12,0,21,45,0,0,138,31,0,0,0,0,37,48,28,23,56,58
238,9,0,3,0,0,0,0,0,0,49,164,2,29,4,2,0,0,0,0,0,33,113,0,44,60,0,0,0,0,48,66,9,89,36,0,2,0,0,0,11,19,10,15,105,74,13,0,0,3,0,2,64,0,10,171,3,0,0,0,2,12,2,84,58,0,92,0,0,0,0,0,12,2,138,39,29,2,7,21,0,0,1,0,2,160,0,0,69,18,0,0,1,0,37,78,25,6,11,92
11,123,0,113,2,1,0,0,0,0,57,44,48,66,28,6,1,0,0,0,0,46,78,0,37,85,3,1,0,0,37,56,29,66,48,2,11,1,0,0,8,30,11,27,90,51,24,8,1,0,0,9,93,0,86,51,2,2,7,0,2,20,11,84,45,4,78,4,0,2,0,0,12,9,52,68,52,27,7,23,0,2,15,0,13,56,0,0,138,26,0,0,1,0,42,52,29,18,53,55
236,8,0,6,0,0,0,0,0,0,43,164,1,37,5,0,0,0,0,0,0,32,129,0,39,48,2,0,0,0,41,56,6,109,34,0,4,0,0,0,7,29,9,15,106,60,23,0,0,1,0,1,66,0,6,176,1,0,0,0,0,5,1,78,45,0,120,1,0,0,0,0,8,1,127,46,41,2,2,23,0,0,0,0,4,165,0,0,59,22,0,0,0,0,39,83,19,7,12,90
9,132,1,108,0,0,0,0,0,0,44,59,56,63,23,4,1,0,0,0,0,54,71,0,31,92,2,0,0,0,48,48,18,67,49,6,13,1,0,0,7,33,14,20,89,63,21,2,1,0,0,3,86,0,104,46,6,1,3,1,1,13,5,77,73,3,69,7,0,2,0,0,13,2,67,72,54,17,7,18,0,0,12,0,29,50,0,0,141,18,0,0,1,0,41,50,28,16,60,54
246,3,0,1,0,0,0,0,0,0,42,181,0,23,3,1,0,0,0,0,0,25,136,0,30,59,0,0,0,0,48,47,4,123,28,0,0,0,0,0,4,33,7,7,108,82,9,0,0,0,0,1,52,0,6,184,7,0,0,0,0,5,1,66,47,0,131,0,0,0,0,0,1,0,142,48,35,2,0,22,0,1,0,0,3,161,0,0,77,8,0,0,1,0,42,92,22,5,12,76
3,137,0,110,0,0,0,0,0,0,51,50,53,78,16,1,1,0,0,0,0,49,63,0,37,101,0,0,0,0,50,57,13,63,49,4,14,0,0,0,2,31,8,20,112,59,16,1,0,1,0,4,110,0,88,44,3,0,1,0,0,13,4,84,84,2,60,2,0,1,0,0,8,1,65,79,50,25,4,18,0,2,3,0,22,62,0,0,134,27,0,0,2,0,46,51,32,8,49,62
243,3,0,4,0,0,0,0,0,0,53,176,0,17,3,1,0,0,0,0,0,25,158,0,29,38,0,0,0,0,44,63,3,126,13,0,1,0,0,0,5,24,3,8,137,68,5,0,0,0,0,0,49,0,4,197,0,0,0,0,0,2,1,79,55,0,113,0,0,0,0,0,1,0,148,53,27,2,1,18,0,0,0,0,1,174,0,0,65,10,0,0,0,0,39,81,23,2,7,98
7,146,0,97,0,0,0,0,0,0,61,51,38,81,18,1,0,0,0,0,0,42,61,0,33,114,0,0,0,0,51,58,9,68,53,0,11,0,0,0,2,37,6,15,93,81,16,0,0,0,0,1,125,0,79,40,2,2,1,0,2,12,4,88,59,1,83,0,0,1,0,0,9,3,63,84,58,17,1,15,0,0,8,0,15,58,0,0,155,14,0,0,1,0,49,56,32,11,46,55
19,5,2,1,0,0,0,0,0,0,3,5,9,2,2,0,3,2,0,1,0,3,11,4,3,2,2,2,0,0,2,3,1,7,1,0,9,3,1,0,2,3,7,2,3,4,2,3,0,1,0,3,3,1,3,9,1,4,3,0,2,3,1,1,5,2,4,6,0,3,0,1,3,1,1,5,5,3,2,6,0,2,3,0,1,6,1,4,9,1,0,1,3,0,0,6,1,9,1,6
3,8,3,9,2,0,1,0,1,0,2,6,3,7,2,4,1,2,0,0,2,6,4,3,4,2,4,2,0,0,1,0,2,7,6,0,6,3,0,2,1,4,1,4,5,3,2,5,1,1,1,1,3,1,5,5,1,6,3,1,1,0,3,2,0,1,6,7,3,4,0,0,5,2,7,3,1,6,2,1,0,2,2,1,4,7,1,4,0,6,1,3,4,0,2,5,2,2,5,3
214,24,5,5,2,0,0,0,0,0,20,68,77,39,15,4,18,7,0,2,2,25,135,38,23,3,13,11,0,0,3,10,8,80,7,0,119,23,0,0,3,28,35,21,65,33,13,44,5,3,1,20,41,1,28,102,1,35,19,2,6,21,11,7,27,4,67,97,0,10,0,1,19,1,31,33,38,51,16,60,0,5,12,1,17,63,1,53,72,26,0,4,16,0,1,57,3,65,27,77
10,130,15,88,5,0,0,0,2,0,16,79,33,41,32,10,24,14,0,1,2,97,30,29,45,11,26,9,1,0,13,16,8,66,37,1,77,22,2,8,3,23,31,10,71,23,21,45,11,12,3,15,38,1,31,73,8,34,36,11,3,9,12,22,51,13,49,38,8,45,0,1,20,9,39,38,23,71,16,33,0,5,16,4,24,54,11,36,50,50,0,6,24,0,17,47,6,66,30,54
228,20,2,0,0,0,0,0,0,0,20,83,72,35,13,1,21,3,0,2,0,16,166,30,16,1,11,10,0,0,1,3,5,87,9,0,132,13,0,0,0,23,37,10,89,35,11,40,5,0,0,18,25,0,27,135,1,31,12,1,2,12,11,3,26,1,91,94,0,10,0,0,8,1,26,30,34,81,10,60,0,0,3,1,12,43,0,83,84,24,0,1,9,0,1,56,0,70,30,83
13,146,7,83,1,0,0,0,0,0,20,86,35,44,25,6,22,10,0,2,0,132,22,16,42,9,20,9,0,0,16,5,5,81,33,1,84,23,1,1,1,36,25,13,84,26,13,32,13,7,1,19,60,1,35,56,1,23,48,6,1,11,6,14,54,8,37,69,5,45,0,0,19,5,41,32,14,75,17,47,0,3,8,2,20,51,8,49,44,65,0,3,10,0,18,43,1,69,32,74
236,11,1,2,0,0,0,0,0,0,10,118,73,27,8,1,12,1,0,0,0,30,168,24,19,0,7,2,0,0,0,4,0,76,5,0,151,14,0,0,0,18,18,10,113,29,12,42,8,0,1,8,29,0,18,164,0,23,7,0,0,8,8,7,24,0,90,104,0,9,0,0,9,1,27,36,30,73,7,67,0,2,2,1,11,54,0,64,89,27,0,0,6,0,1,57,0,76,30,80
8,151,2,86,3,0,0,0,0,0,17,73,49,60,30,3,12,5,0,1,0,129,44,12,36,9,12,8,0,0,3,5,5,96,42,0,77,21,0,1,0,25,32,11,90,24,11,49,8,0,0,5,70,0,31,53,0,33,55,3,0,5,8,15,49,4,72,65,3,29,0,0,16,4,40,28,18,78,16,50,0,4,9,2,15,57,2,45,57,59,0,0,8,0,8,33,1,87,34,79
245,5,0,0,0,0,0,0,0,0,9,124,67,28,11,1,10,0,0,0,0,17,190,19,15,1,6,2,0,0,0,1,2,77,2,0,161,7,0,0,0,16,15,9,149,22,9,29,1,0,0,4,31,0,20,171,0,21,3,0,0,5,2,3,27,0,107,102,0,4,0,0,5,0,22,18,30,97,10,68,0,0,1,0,8,47,0,77,95,22,0,0,5,0,1,37,0,95,31,81
4,165,0,81,0,0,0,0,0,0,6,83,69,52,26,0,13,1,0,0,0,161,25,15,27,8,8,6,0,0,1,7,1,101,46,0,75,18,0,1,0,33,19,0,71,44,8,68,7,0,0,8,83,0,36,59,0,24,39,1,0,5,2,6,58,3,56,84,0,36,0,0,6,1,39,24,15,89,7,69,0,1,3,0,24,66,1,47,53,55,0,0,8,0,3,38,0,90,23,88
244,6,0,0,0,0,0,0,0,0,0,142,73,17,5,0,11,2,0,0,0,15,208,13,12,0,2,0,0,0,0,1,0,67,1,0,179,2,0,0,0,12,13,7,155,16,5,38,4,0,0,1,20,0,23,182,0,21,3,0,0,3,5,1,20,0,103,116,0,2,0,0,7,0,21,14,22,107,9,70,0,0,0,0,7,59,0,82,88,14,0,0,5,0,0,44,0,94,20,87
4,167,1,78,0,0,0,0,0,0,9,85,76,56,13,3,7,1,0,0,0,173,24,16,26,5,6,0,0,0,1,4,0,131,29,0,65,20,0,0,0,25,28,7,75,47,7,59,2,0,0,7,71,0,51,46,0,27,48,0,0,1,2,5,57,2,80,77,1,25,0,0,10,0,43,19,18,84,10,66,0,0,0,0,13,53,1,57,73,53,0,0,10,0,5,35,0,101,20,79
247,3,0,0,0,0,0,0,0,0,3,163,56,18,2,0,8,0,0,0,0,13,214,17,4,0,2,0,0,0,0,0,1,69,0,0,178,2,0,0,0,8,9,1,183,19,4,25,1,0,0,4,21,0,14,200,0,11,0,0,0,1,0,1,13,0,111,124,0,0,0,0,4,0,18,19,16,109,6,78,0,0,2,0,5,46,0,79,97,21,0,0,3,0,0,49,0,93,13,92
3,195,0,52,0,0,0,0,0,0,9,65,86,67,17,0,6,0,0,0,0,184,22,13,23,4,3,1,0,0,1,0,0,142,23,0,68,16,0,0,0,39,26,4,50,46,5,78,2,0,0,2,85,0,45,40,0,24,53,1,0,2,3,1,57,1,76,86,0,24,0,0,7,0,39,22,17,95,8,62,0,0,3,0,5,67,1,54,67,53,0,0,5,0,3,21,0,104,29,88
248,2,0,0,0,0,0,0,0,0,2,174,51,17,1,0,5,0,0,0,0,13,227,5,5,0,0,0,0,0,0,0,0,51,2,0,196,1,0,0,0,8,6,0,206,13,1,16,0,0,0,2,15,0,12,210,0,11,0,0,0,0,3,1,12,0,104,130,0,0,0,0,0,0,20,20,18,119,1,72,0,0,0,0,3,44,0,89,102,12,0,0,0,0,0,41,0,106,9,94
2,186,0,62,0,0,0,0,0,0,4,67,89,67,15,1,7,0,0,0,0,205,18,6,17,2,2,0,0,0,0,1,0,153,30,0,53,13,0,0,0,37,19,3,38,51,5,90,7,0,0,4,81,0,59,31,0,25,50,0,0,1,1,1,45,0,92,86,0,24,0,0,5,0,41,20,16,91,10,67,0,0,1,0,8,60,0,55,55,71,0,0,4,0,3,34,0,87,32,90
249,1,0,0,0,0,0,0,0,0,1,182,47,15,4,0,1,0,0,0,0,6,240,2,2,0,0,0,0,0,0,0,0,45,1,0,203,1,0,0,0,9,2,0,200,13,1,25,0,0,0,0,8,0,8,230,0,4,0,0,0,1,0,0,9,0,120,120,0,0,0,0,2,0,16,14,11,136,2,69,0,0,0,0,2,45,0,90,105,8,0,0,0,0,0,38,0,110,2,100
1,197,0,52,0,0,0,0,0,0,2,59,110,68,8,0,2,1,0,0,0,211,7,6,21,2,3,0,0,0,0,0,0,170,26,0,46,8,0,0,0,26,24,0,48,63,2,86,1,0,0,2,108,0,50,18,0,22,50,0,0,1,0,2,54,2,80,98,0,13,0,0,2,0,45,13,9,88,5,88,0,0,1,0,11,76,0,59,58,45,0,0,2,0,0,29,0,99,23,97
250,0,0,0,0,0,0,0,0,0,0,185,52,11,2,0,0,0,0,0,0,8,234,6,2,0,0,0,0,0,0,0,0,48,0,0,202,0,0,0,0,5,1,0,222,13,0,9,0,0,0,0,2,0,10,230,0,8,0,0,0,0,0,0,4,0,111,135,0,0,0,0,0,0,8,10,10,151,1,70,0,0,0,0,2,46,0,90,103,9,0,0,0,0,0,29,0,118,10,93
0,199,0,51,0,0,0,0,0,0,2,59,109,62,14,0,4,0,0,0,0,218,13,4,13,1,1,0,0,0,0,0,0,178,21,0,48,3,0,0,0,36,20,2,25,67,4,94,2,0,0,0,105,0,65,15,0,22,43,0,0,0,0,1,52,0,98,84,0,15,0,0,1,0,38,9,16,87,4,95,0,0,0,0,9,69,0,59,66,47,0,0,1,0,1,35,0,89,24,100
23,2,0,1,0,0,0,0,0,1,4,5,6,5,0,1,4,1,0,1,0,2,15,2,3,0,4,1,0,0,4,1,2,8,2,1,6,1,0,2,1,1,4,2,1,3,12,3,0,0,3,4,3,0,0,6,1,0,5,5,2,2,1,3,1,0,15,1,1,1,3,1,2,1,1,3,3,5,3,5,1,0,2,1,1,2,2,1,9,8,0,1,3,1,1,1,9,3,2,6
0,10,1,12,0,1,1,2,0,0,1,8,3,6,3,3,2,0,0,1,1,10,3,0,3,4,1,3,0,2,2,6,3,8,2,0,2,1,1,2,0,4,1,4,3,3,2,5,3,2,1,4,4,1,0,8,4,1,0,4,2,4,0,7,5,1,3,2,0,3,0,3,1,1,3,4,6,3,5,1,0,0,2,1,3,7,1,4,4,5,0,0,2,1,3,1,4,3,3,10
211,17,0,9,3,1,3,1,0,5,31,67,54,53,12,4,27,0,0,2,0,24,180,3,18,0,17,8,0,0,42,15,8,105,15,0,53,8,1,3,2,13,19,20,28,19,120,24,4,1,5,27,32,1,3,90,23,2,29,38,7,18,3,51,5,5,152,2,1,6,3,3,17,9,36,24,61,21,32,44,1,0,10,2,18,20,4,8,91,96,1,4,10,0,9,5,108,31,6,76
16,93,5,124,4,2,3,1,0,2,14,75,35,59,31,13,20,1,2,0,1,131,27,7,23,32,16,7,6,0,30,37,8,83,15,1,57,9,4,6,1,29,18,42,25,12,49,50,5,19,9,12,47,7,10,66,17,9,44,29,11,34,9,72,23,4,49,23,6,19,3,12,16,12,36,30,33,48,33,27,0,0,7,2,24,57,14,24,83,39,0,2,9,6,19,6,58,41,31,78
234,10,0,3,1,0,2,0,0,0,15,90,62,52,15,1,14,0,0,1,0,20,202,0,6,0,20,2,0,0,23,9,4,155,7,0,45,4,0,3,2,15,19,15,24,13,141,20,0,1,2,12,25,1,9,125,27,0,29,20,3,13,2,33,0,1,192,0,0,6,0,3,16,5,36,16,78,32,21,43,0,0,2,0,15,29,1,5,103,95,0,1,7,0,1,7,108,31,9,86
3,100,0,138,2,1,5,0,0,1,14,64,44,57,33,16,17,0,1,4,0,162,30,2,8,34,7,4,3,0,40,39,2,59,15,0,82,9,3,1,2,26,21,46,45,7,41,51,2,9,1,12,45,2,16,68,11,9,56,30,5,34,7,92,27,2,39,25,1,18,0,7,15,11,43,28,40,42,27,37,0,0,5,2,20,50,10,20,87,56,0,2,5,0,18,13,51,57,26,78
235,13,0,2,0,0,0,0,0,0,11,101,53,57,9,0,19,0,0,0,0,9,235,0,4,0,2,0,0,0,15,6,3,173,3,0,48,1,0,1,0,11,13,6,18,6,166,28,0,2,0,13,17,0,5,156,15,1,26,17,0,7,1,31,0,0,211,0,0,0,1,1,15,3,40,21,71,27,23,48,0,0,2,0,12,17,1,4,121,93,0,0,2,0,3,3,106,25,3,108
9,111,1,126,1,1,1,0,0,0,16,72,41,73,26,9,12,0,0,1,0,183,7,0,16,36,7,0,1,0,34,36,2,59,10,0,100,8,0,1,0,17,24,48,54,9,44,42,3,9,0,9,75,0,18,57,6,8,63,14,4,32,6,115,23,1,27,24,0,18,1,7,15,6,45,26,40,43,29,38,0,0,3,0,12,68,5,19,86,57,0,1,11,1,13,7,66,62,9,80
245,5,0,0,0,0,0,0,0,0,10,95,51,73,9,0,12,0,0,0,0,5,242,0,2,0,1,0,0,0,11,6,0,191,3,0,38,1,0,0,0,8,10,4,18,2,189,18,0,1,1,9,26,0,2,181,7,0,12,12,0,3,1,28,0,0,217,1,0,0,0,1,12,3,33,26,94,28,16,37,0,0,0,0,9,29,0,2,113,97,0,0,0,0,1,2,114,15,3,115
3,105,0,142,0,0,0,0,0,0,8,76,40,61,31,10,23,0,0,1,0,205,6,0,9,29,1,0,0,0,34,28,1,46,9,0,130,2,0,0,0,15,17,52,64,6,31,62,0,3,0,2,89,1,17,48,13,1,54,25,1,19,4,139,32,2,28,15,0,10,0,1,9,6,60,27,35,50,20,42,0,0,1,1,12,65,4,9,99,59,0,0,5,2,9,5,93,39,9,88
246,3,0,1,0,0,0,0,0,0,6,96,58,70,11,0,9,0,0,0,0,3,244,0,1,0,2,0,0,0,11,3,0,209,5,0,22,0,0,0,0,3,4,5,20,3,201,13,0,1,0,6,15,0,0,196,7,0,9,17,0,3,0,23,0,0,224,0,0,0,0,2,7,2,53,25,74,29,15,43,0,0,0,0,5,20,0,2,124,99,0,0,0,0,0,0,125,18,0,107
3,101,0,146,0,0,0,0,0,0,9,83,46,56,27,7,22,0,0,0,0,221,5,0,4,18,1,1,0,0,41,26,0,33,8,0,140,2,0,0,0,10,19,58,73,3,31,55,0,1,0,3,91,0,18,39,13,7,64,15,0,13,1,168,26,0,23,12,0,7,0,1,12,3,51,25,41,55,19,43,0,0,1,0,4,66,5,8,101,65,0,1,2,0,3,1,79,51,5,108
247,3,0,0,0,0,0,0,0,0,5,108,47,70,10,0,10,0,0,0,0,0,247,0,1,0,2,0,0,0,8,1,0,215,1,0,25,0,0,0,0,2,4,3,13,2,218,8,0,0,0,1,7,0,1,218,10,0,8,5,0,1,0,24,0,0,225,0,0,0,0,0,3,1,49,29,87,28,14,39,0,0,0,0,1,13,0,2,145,89,0,0,0,0,0,0,127,2,1,120
3,105,0,142,0,0,0,0,0,0,8,79,62,60,23,3,15,0,0,0,0,221,3,0,5,21,0,0,0,0,28,30,0,31,7,0,153,1,0,0,0,14,25,44,79,1,20,64,0,3,0,1,101,0,12,24,11,4,79,18,1,15,1,161,27,0,23,17,0,5,0,1,9,3,55,18,39,53,18,54,0,0,1,0,6,70,2,11,92,68,0,0,2,0,4,2,79,58,3,102
249,1,0,0,0,0,0,0,0,0,3,125,43,65,10,0,4,0,0,0,0,0,250,0,0,0,0,0,0,0,5,1,0,210,0,0,34,0,0,0,0,4,3,2,8,2,226,5,0,0,0,1,9,0,1,229,2,0,3,5,0,0,0,16,0,0,234,0,0,0,0,0,7,0,69,25,77,21,7,44,0,0,0,0,3,10,0,0,144,93,0,0,0,0,0,0,103,8,0,139
1,115,0,134,0,0,0,0,0,0,4,78,59,68,30,3,8,0,0,0,0,230,0,0,3,15,2,0,0,0,33,19,0,37,3,0,158,0,0,0,0,11,18,48,100,2,13,57,0,1,0,0,92,0,14,19,11,2,85,27,0,11,1,170,37,0,15,12,0,4,0,0,12,1,69,26,44,49,9,40,0,0,1,0,4,69,1,6,97,72,0,0,2,0,1,2,110,42,2,91
250,0,0,0,0,0,0,0,0,0,1,123,40,78,4,0,4,0,0,0,0,0,250,0,0,0,0,0,0,0,0,0,0,237,0,0,13,0,0,0,0,3,3,0,13,0,224,7,0,0,0,2,9,0,0,231,1,0,5,2,0,0,0,6,0,0,244,0,0,0,0,0,6,0,70,21,83,16,6,48,0,0,0,0,1,14,0,1,137,97,0,0,0,0,0,0,107,2,0,141
0,107,0,143,0,0,0,0,0,0,7,75,56,68,30,2,12,0,0,0,0,237,0,0,4,9,0,0,0,0,30,28,0,11,6,0,175,0,0,0,0,4,15,43,110,2,16,59,0,1,0,2,109,0,10,16,11,3,88,11,0,9,1,192,30,0,6,11,0,1,0,0,11,0,69,13,44,55,11,47,0,0,0,0,1,62,0,9,102,76,0,0,0,0,3,0,118,25,3,101
250,0,0,0,0,0,0,0,0,0,0,128,42,74,5,0,1,0,0,0,0,1,249,0,0,0,0,0,0,0,2,0,0,236,0,0,12,0,0,0,0,0,0,1,4,0,241,4,0,0,0,0,5,0,1,239,1,0,2,2,0,0,0,9,0,0,241,0,0,0,0,0,3,0,66,19,81,24,1,56,0,0,0,0,2,14,0,0,146,88,0,0,0,0,0,0,107,3,0,140
0,103,0,147,0,0,0,0,0,0,3,87,41,72,31,1,15,0,0,0,0,240,1,0,0,9,0,0,0,0,33,17,0,14,0,0,186,0,0,0,0,4,12,43,108,0,8,75,0,0,0,0,136,0,16,9,7,0,73,9,0,9,0,191,25,0,9,14,0,2,0,0,5,0,72,15,56,55,10,37,0,0,0,0,2,56,0,1,98,93,0,0,1,0,0,0,122,28,2,97
19,2,0,1,1,0,2,0,1,1,5,12,2,2,1,0,3,1,0,1,1,7,9,1,7,0,2,0,0,0,8,3,0,7,2,0,6,0,0,1,2,0,1,1,4,2,4,11,0,2,1,4,2,1,1,7,0,8,2,1,1,4,0,2,2,0,8,4,1,5,0,3,0,0,4,1,4,8,2,5,2,3,1,0,2,2,2,2,7,6,0,0,1,0,1,0,6,8,5,6
3,6,1,14,0,0,1,2,0,0,3,7,2,4,3,4,3,0,1,0,0,8,11,2,2,0,1,2,1,0,1,5,0,10,2,0,6,1,0,2,2,2,1,2,5,2,1,3,4,5,2,1,5,0,8,3,3,1,2,2,0,3,0,10,2,0,1,6,2,3,0,1,5,1,3,3,3,5,3,3,0,3,2,1,4,7,1,1,4,4,0,0,1,3,4,3,2,3,2,9
221,5,1,13,0,0,5,1,1,3,26,160,5,15,17,4,16,2,0,5,0,59,135,3,45,0,6,1,1,0,48,26,0,85,12,0,75,2,0,2,7,4,5,4,43,9,24,127,1,26,2,27,33,5,26,64,3,76,12,2,0,42,0,32,18,0,89,34,4,31,0,15,6,0,38,13,29,73,8,68,2,12,7,2,21,30,24,29,77,46,0,0,1,2,5,7,52,78,17,88
13,105,0,115,1,1,10,1,3,1,52,50,45,31,31,17,18,4,2,0,2,115,75,4,34,0,5,6,6,3,19,45,0,96,17,0,61,4,0,8,0,15,5,6,79,13,26,70,10,26,4,13,33,6,53,59,12,29,15,26,1,25,0,67,22,2,47,46,7,33,0,4,12,3,50,27,36,81,10,27,4,8,10,3,25,39,9,45,44,63,0,0,3,9,29,14,39,58,20,78
238,2,0,10,0,0,0,0,0,0,24,192,0,6,14,4,10,0,0,0,0,63,145,2,37,0,3,0,0,0,28,35,0,106,3,0,78,0,0,0,2,2,1,2,31,0,11,184,0,17,0,17,29,2,42,91,1,63,2,3,0,20,0,36,11,0,125,31,4,23,0,7,3,0,36,10,32,100,3,59,0,9,4,0,16,34,23,27,99,38,0,0,0,0,7,11,49,76,8,99
7,92,0,145,0,0,4,1,1,0,52,36,59,38,39,8,14,2,2,0,0,122,89,2,31,0,0,3,3,0,25,38,1,96,12,0,73,2,0,3,1,10,3,2,95,18,33,49,5,34,1,14,37,3,50,63,1,44,18,19,2,21,1,66,21,0,48,54,3,34,0,0,4,0,48,23,36,83,6,50,1,5,9,2,21,44,9,44,40,75,0,0,3,6,16,13,33,75,18,86
245,1,0,4,0,0,0,0,0,0,24,207,0,2,10,3,4,0,0,0,0,71,167,0,12,0,0,0,0,0,20,16,0,120,5,0,88,0,0,1,0,0,1,1,26,1,16,196,0,9,0,18,27,1,30,106,0,68,0,0,0,21,0,31,14,0,142,23,0,19,0,1,1,0,29,11,26,115,0,67,0,3,2,0,8,42,20,33,92,50,0,0,0,0,5,5,48,69,2,121
4,104,0,140,0,0,1,0,1,0,65,25,45,43,53,7,11,1,0,0,0,143,78,0,26,1,1,0,1,0,24,41,0,100,7,1,76,0,0,1,0,3,1,1,117,7,26,49,3,43,0,11,53,1,57,67,2,36,12,11,1,24,0,79,25,0,42,57,3,19,0,1,2,0,48,16,49,80,7,47,0,2,11,2,15,37,7,70,41,65,0,0,0,11,13,7,45,73,23,78
249,0,0,1,0,0,0,0,0,0,8,222,1,5,10,0,3,1,0,0,0,57,180,0,13,0,0,0,0,0,27,13,0,136,0,0,74,0,0,0,0,0,0,0,26,1,2,218,0,3,0,11,24,1,32,112,0,70,0,0,1,17,0,19,12,0,161,24,0,16,0,5,0,0,17,2,32,115,1,78,0,5,2,1,12,28,14,31,112,45,0,0,0,0,5,4,43,83,3,112
1,103,0,146,0,0,0,0,0,0,55,23,47,47,63,7,8,0,0,0,0,169,66,0,12,2,0,0,1,0,17,47,0,97,5,0,84,0,0,0,0,0,0,0,142,5,28,28,1,46,0,11,50,0,42,77,2,51,11,6,0,17,0,91,23,0,34,51,0,34,0,1,3,0,51,11,40,91,2,51,0,5,3,0,12,30,14,67,47,72,0,0,0,3,9,7,48,72,7,104
249,0,0,1,0,0,0,0,0,0,8,227,0,3,7,1,4,0,0,0,0,50,187,0,13,0,0,0,0,0,17,10,0,147,2,0,74,0,0,0,0,0,0,0,25,0,4,218,0,3,0,7,18,0,23,132,0,70,0,0,0,13,0,26,15,0,173,15,0,8,0,1,2,0,24,1,24,136,0,62,0,5,1,0,7,35,10,36,118,38,0,0,0,0,2,2,36,81,2,127
1,87,0,162,0,0,0,0,0,0,64,19,55,53,51,4,4,0,0,0,0,176,62,0,12,0,0,0,0,0,36,26,0,88,4,0,96,0,0,0,0,0,0,0,165,5,24,32,0,24,1,16,44,1,43,68,2,61,10,4,0,12,0,99,28,0,40,51,1,19,0,1,3,0,42,17,41,85,1,60,0,0,4,1,15,49,9,59,45,68,0,0,0,1,7,7,40,93,14,88
250,0,0,0,0,0,0,0,0,0,7,239,0,0,3,0,1,0,0,0,0,38,206,0,6,0,0,0,0,0,12,7,0,171,0,0,60,0,0,0,0,0,0,0,12,0,1,236,0,1,0,3,18,0,25,139,0,65,0,0,0,17,0,21,4,0,184,19,0,5,0,1,0,0,21,2,12,141,0,73,0,0,1,0,5,30,8,39,131,36,0,0,0,0,1,0,26,84,1,138
0,86,0,164,0,0,0,0,0,0,84,10,46,43,61,1,5,0,0,0,0,192,43,0,15,0,0,0,0,0,33,40,0,74,5,0,98,0,0,0,0,0,0,0,187,3,20,14,0,26,0,10,49,0,51,75,0,60,5,0,0,7,0,108,33,0,39,46,0,17,0,0,0,0,53,16,54,80,0,47,0,0,4,0,6,47,6,58,48,81,0,0,0,1,4,6,34,105,9,91
250,0,0,0,0,0,0,0,0,0,2,246,0,1,1,0,0,0,0,0,0,42,204,0,4,0,0,0,0,0,7,6,0,170,3,0,64,0,0,0,0,0,0,0,9,0,0,241,0,0,0,4,18,0,20,148,0,60,0,0,0,7,0,17,9,0,199,11,0,7,0,0,0,0,16,0,15,156,0,63,0,0,0,0,3,39,4,27,140,37,0,0,0,0,0,2,30,73,0,145
0,86,0,164,0,0,0,0,0,0,67,3,47,61,70,0,2,0,0,0,0,200,45,0,5,0,0,0,0,0,15,41,0,76,6,0,112,0,0,0,0,0,0,0,184,0,24,9,0,33,0,9,51,0,52,64,0,66,7,1,0,11,0,98,20,0,28,72,1,20,0,0,0,0,43,11,40,78,0,78,0,1,0,0,9,41,2,63,51,83,0,0,0,0,2,2,43,111,4,88
250,0,0,0,0,0,0,0,0,0,1,248,0,1,0,0,0,0,0,0,0,18,232,0,0,0,0,0,0,0,8,9,0,178,0,0,55,0,0,0,0,0,0,0,6,0,0,244,0,0,0,3,8,0,27,164,0,48,0,0,0,8,0,19,5,0,206,10,0,2,0,0,0,0,11,0,17,161,0,61,0,1,0,0,2,38,2,35,139,33,0,0,0,0,2,0,25,54,0,169
0,85,0,165,0,0,0,0,0,0,65,2,50,60,71,1,1,0,0,0,0,227,18,0,5,0,0,0,0,0,18,49,0,67,3,0,113,0,0,0,0,0,1,0,200,0,11,6,0,32,0,5,39,0,48,65,0,83,7,3,0,6,0,102,35,0,33,60,0,14,0,0,0,0,43,5,44,80,0,78,0,0,1,0,9,37,2,66,52,83,0,0,0,0,0,0,34,142,1,73
250,0,0,0,0,0,0,0,0,0,1,249,0,0,0,0,0,0,0,0,0,24,226,0,0,0,0,0,0,0,3,3,0,192,0,0,52,0,0,0,0,0,0,0,7,0,0,243,0,0,0,1,7,0,21,169,0,52,0,0,0,4,0,11,6,0,223,4,0,2,0,0,0,0,9,0,14,177,0,50,0,0,0,0,1,24,0,37,141,47,0,0,0,0,0,0,25,61,0,164
0,84,0,166,0,0,0,0,0,0,68,1,41,58,80,0,2,0,0,0,0,223,24,0,3,0,0,0,0,0,23,52,0,58,1,0,116,0,0,0,0,0,0,0,211,0,11,7,1,20,0,4,55,0,49,58,0,77,7,0,0,8,0,117,28,0,17,66,0,14,0,0,0,0,44,4,43,64,0,95,0,1,1,0,5,44,5,60,50,84,0,0,0,0,1,2,39,131,1,76
20,1,2,2,1,0,0,0,0,1,5,4,2,5,5,2,1,2,0,1,3,1,10,2,5,4,1,1,0,0,8,2,2,6,1,0,8,0,0,0,1,3,3,4,6,1,4,1,3,1,2,0,2,3,1,9,3,3,2,2,0,0,4,1,2,3,7,5,0,5,2,0,4,1,2,4,4,6,1,3,1,2,4,3,2,3,0,1,7,4,1,0,1,1,2,4,2,3,3,10
2,7,1,12,0,3,1,0,1,0,1,8,4,4,2,2,3,1,2,0,2,6,2,1,2,8,3,3,0,0,1,3,2,13,3,0,1,4,0,0,1,3,1,4,5,5,2,2,1,3,0,0,5,1,5,7,2,3,4,0,2,0,3,2,7,0,4,4,2,3,0,2,3,2,7,2,0,3,4,4,0,1,3,3,3,8,4,1,0,4,0,0,1,2,4,5,2,2,8,3
220,8,3,13,4,0,0,0,2,0,44,73,19,45,33,10,16,2,4,4,23,22,100,20,40,33,4,7,1,0,53,8,12,113,12,1,49,2,0,0,1,30,20,32,94,2,35,10,20,6,6,2,15,9,24,120,13,47,5,9,1,0,20,25,25,10,74,57,2,36,5,2,29,11,43,27,30,48,14,41,1,5,34,11,35,44,7,12,70,31,1,0,3,5,13,29,5,41,33,120
10,71,2,137,13,12,1,1,3,0,25,71,28,41,39,12,22,6,2,4,6,53,45,19,31,65,7,18,3,3,38,23,8,86,32,0,52,11,0,0,3,28,26,43,40,37,25,30,9,9,6,0,40,3,63,35,11,34,49,9,1,3,11,27,55,17,44,54,10,28,0,2,23,15,52,28,12,58,26,34,3,3,26,10,34,69,20,17,33,35,1,0,4,0,10,48,18,41,80,48
235,8,0,5,2,0,0,0,0,0,30,102,20,46,28,8,13,1,1,1,8,38,100,11,46,35,5,6,1,0,36,11,12,132,11,0,47,1,0,0,0,29,10,30,111,11,33,15,10,1,7,0,11,7,33,124,12,46,7,3,0,0,17,22,30,7,91,50,0,33,0,0,25,10,47,30,18,63,9,48,0,1,23,15,32,53,3,13,68,42,0,0,0,3,5,21,4,45,32,140
5,81,0,157,3,4,0,0,0,0,23,70,40,40,41,12,19,3,2,0,4,58,56,21,38,59,2,12,0,0,50,19,7,73,28,1,68,4,0,0,1,30,26,42,59,21,24,32,10,5,2,1,42,3,73,26,7,46,42,8,0,0,20,33,52,13,40,58,5,29,0,0,14,8,57,42,22,59,18,30,0,2,19,11,45,78,10,17,41,27,1,0,4,0,20,49,9,40,79,48
243,5,0,2,0,0,0,0,0,0,31,117,12,56,25,4,4,0,1,0,8,32,137,8,29,33,2,1,0,0,28,7,4,177,8,0,26,0,0,0,0,14,8,31,140,6,28,17,5,1,3,0,5,2,34,138,5,60,2,1,0,0,9,14,40,7,100,52,0,28,0,0,24,6,57,21,17,76,6,43,0,2,16,6,32,44,3,8,87,52,0,0,0,0,8,30,1,43,30,138
6,79,0,161,4,0,0,0,0,0,37,68,42,46,38,6,13,0,0,0,5,60,49,18,42,66,4,5,1,0,54,14,3,56,31,0,91,1,0,0,0,38,19,42,43,23,23,49,7,6,2,0,44,3,66,30,6,50,43,6,0,0,9,31,61,8,43,61,6,31,1,1,11,4,71,40,19,64,13,26,0,2,23,9,31,86,12,17,42,28,0,0,0,0,12,41,4,56,81,56
247,1,0,2,0,0,0,0,0,0,28,134,8,46,23,5,6,0,0,0,5,33,140,7,33,26,2,4,0,0,28,6,3,186,8,0,19,0,0,0,0,17,2,45,143,4,23,9,7,0,1,0,3,2,41,140,3,58,2,0,0,0,8,13,44,1,108,49,1,26,0,0,24,4,56,24,11,78,3,50,0,0,7,2,38,66,1,6,91,39,0,0,0,0,6,21,1,46,14,162
3,80,0,166,0,0,0,0,1,0,27,66,41,54,43,8,11,0,0,0,2,69,45,15,38,74,0,6,1,0,49,24,5,52,28,0,92,0,0,0,0,34,26,49,51,16,22,48,4,0,1,0,32,0,85,16,4,57,46,9,0,0,9,21,48,7,59,55,2,49,0,1,14,5,77,30,15,59,15,34,0,1,15,5,32,85,6,25,50,31,0,0,0,1,13,38,3,47,100,48
248,1,0,1,0,0,0,0,0,0,16,163,8,40,22,1,0,0,0,0,2,34,153,2,29,29,0,1,0,0,18,2,1,195,3,0,31,0,0,0,0,16,2,34,166,1,17,11,3,0,0,0,2,0,27,171,2,45,3,0,0,0,9,11,43,4,116,40,0,27,0,0,15,3,65,19,10,89,2,47,0,0,8,1,45,76,1,4,77,38,0,0,0,0,4,13,1,28,12,192
2,86,0,162,0,0,0,0,0,0,24,68,46,54,49,5,4,0,0,0,2,63,51,10,35,85,1,3,0,0,56,16,3,48,28,0,99,0,0,0,0,36,22,55,42,25,22,44,4,0,0,0,32,1,93,17,2,60,42,3,0,0,5,24,55,5,56,70,2,33,0,0,19,5,66,33,16,64,13,34,0,0,18,4,43,81,10,10,51,33,0,0,0,1,7,39,4,74,97,28
250,0,0,0,0,0,0,0,0,0,9,175,5,44,15,2,0,0,0,0,2,33,148,5,32,30,0,0,0,0,14,1,1,218,3,0,13,0,0,0,0,7,3,29,169,0,24,15,3,0,0,0,1,1,30,167,0,49,2,0,0,0,3,12,40,3,125,49,0,18,0,0,20,0,62,29,6,89,1,43,0,0,7,1,38,80,1,5,87,31,0,0,0,0,3,21,0,37,13,176
0,82,0,168,0,0,0,0,0,0,28,49,37,74,55,4,2,1,0,0,1,65,65,9,28,81,1,0,0,0,52,8,0,28,26,0,136,0,0,0,0,34,17,62,43,19,18,51,5,1,0,0,29,0,106,16,3,51,44,1,0,0,5,21,54,3,56,73,1,37,0,0,19,3,82,32,13,69,6,26,0,0,20,3,27,90,5,20,55,30,0,0,0,0,6,48,1,56,94,45
250,0,0,0,0,0,0,0,0,0,7,181,4,36,20,1,1,0,0,0,1,27,181,1,18,21,0,1,0,0,7,3,0,225,1,0,14,0,0,0,0,6,1,19,195,1,18,9,1,0,0,0,1,0,34,165,0,49,1,0,0,0,2,3,45,0,147,35,0,18,0,0,18,0,54,27,9,96,3,43,0,0,3,0,35,80,0,1,95,36,0,0,0,0,0,8,0,26,19,197
0,88,0,162,0,0,0,0,0,0,37,52,44,61,53,3,0,0,0,0,1,75,43,4,37,90,0,0,0,0,55,14,1,23,40,0,117,0,0,0,0,35,24,59,35,27,20,48,2,0,0,0,21,0,98,19,0,80,30,2,0,0,3,23,54,2,45,83,1,39,0,0,12,0,79,30,9,70,12,38,0,1,22,1,43,97,2,15,45,24,0,0,0,0,2,43,0,58,114,33
250,0,0,0,0,0,0,0,0,0,4,207,0,32,7,0,0,0,0,0,1,20,181,1,25,22,0,0,0,0,2,0,0,239,1,0,8,0,0,0,0,8,0,18,208,2,7,7,0,0,0,0,1,0,29,166,0,54,0,0,0,0,3,8,40,2,143,45,0,9,0,0,13,0,57,17,9,114,2,38,0,0,4,2,39,74,0,3,98,30,0,0,0,0,1,7,0,29,21,192
0,61,0,189,0,0,0,0,0,0,30,33,43,69,73,0,2,0,0,0,0,62,46,2,43,96,0,1,0,0,68,8,1,11,27,0,135,0,0,0,0,36,21,69,29,28,26,41,0,0,0,0,14,0,114,20,0,69,33,0,0,0,4,18,58,2,56,81,0,31,0,0,17,1,89,31,11,64,3,34,0,0,10,2,34,96,1,12,49,46,0,0,0,0,1,41,0,65,102,41
250,0,0,0,0,0,0,0,0,0,6,211,0,23,8,1,1,0,0,0,1,23,190,0,22,14,0,0,0,0,2,0,0,239,0,0,9,0,0,0,0,1,0,16,223,0,7,3,0,0,0,0,0,0,40,167,1,42,0,0,0,0,0,2,47,0,157,29,0,15,0,0,16,0,68,25,3,92,0,46,0,0,0,0,36,82,0,4,105,23,0,0,0,0,0,22,0,21,9,198
0,65,0,185,0,0,0,0,0,0,31,28,54,78,57,2,0,0,0,0,0,76,41,0,32,101,0,0,0,0,67,8,0,11,20,0,144,0,0,0,0,33,20,61,21,32,16,66,1,0,0,0,24,0,97,21,0,87,21,0,0,0,2,20,62,2,44,79,0,41,0,0,18,0,84,42,5,66,2,33,0,0,13,0,34,111,1,12,44,35,0,0,0,0,2,29,0,82,98,39
23,2,0,1,0,0,1,0,0,0,2,10,6,3,2,0,2,1,1,0,2,2,9,4,5,2,1,0,1,1,4,7,2,7,3,0,1,1,0,2,0,0,4,2,6,1,3,5,4,2,1,5,8,2,1,2,0,2,4,2,1,2,2,2,5,0,7,3,0,5,0,0,2,2,4,3,4,5,2,5,0,0,2,0,1,3,2,1,10,8,0,0,2,0,1,4,5,3,3,9
3,12,0,12,0,0,0,0,0,0,2,6,5,3,4,4,2,1,0,0,0,10,5,3,2,4,2,1,0,0,1,3,3,7,2,1,7,2,1,0,0,3,0,1,7,1,4,3,3,5,1,1,6,1,5,5,1,2,4,1,0,2,3,7,3,0,6,3,1,2,1,0,1,2,3,2,4,6,3,5,0,2,2,2,0,2,3,2,6,8,0,1,1,2,3,2,3,4,5,6
235,4,0,11,0,0,0,0,0,0,5,115,51,20,20,11,16,5,6,1,5,51,120,24,28,6,9,2,2,3,18,57,3,108,14,0,33,3,7,7,0,0,19,3,87,4,35,54,23,25,4,39,61,10,17,27,5,16,47,24,15,24,8,26,36,0,91,33,0,17,0,0,4,4,42,30,21,64,10,75,0,0,8,0,5,19,9,5,137,67,0,0,6,1,15,13,35,29,45,106
9,109,0,127,2,0,3,0,0,0,11,63,66,20,33,22,24,7,3,1,6,100,47,22,23,35,8,5,3,1,31,53,21,64,18,6,37,6,5,9,0,15,20,14,47,20,26,55,25,28,5,27,52,10,15,56,6,18,33,28,6,9,6,49,34,2,52,37,1,54,0,2,12,15,28,23,40,76,10,44,0,2,9,4,7,63,4,5,71,85,0,0,5,7,17,13,29,29,71,79
250,0,0,0,0,0,0,0,0,0,3,144,42,10,22,12,12,3,2,0,2,69,137,17,16,5,4,0,0,0,8,48,5,143,13,0,25,0,4,4,0,0,10,1,104,2,31,53,12,37,1,33,80,3,18,29,3,16,46,21,7,11,1,30,38,0,123,25,1,14,0,0,4,2,25,24,17,80,3,95,0,0,2,0,3,14,2,2,178,49,0,0,0,0,8,12,23,24,52,131
0,110,0,140,0,0,0,0,0,0,9,51,66,27,41,19,28,5,3,1,2,111,54,23,16,31,9,2,1,1,33,73,19,57,12,3,46,2,3,2,0,14,15,8,51,16,24,70,23,29,5,32,33,6,24,64,5,17,37,27,8,6,4,49,32,0,46,36,0,69,1,1,4,11,28,21,38,82,5,59,0,0,8,2,3,81,2,4,59,91,0,1,4,1,10,8,40,26,84,76
249,1,0,0,0,0,0,0,0,0,0,162,44,9,21,2,9,3,0,0,0,76,141,16,13,2,2,0,0,0,6,53,3,161,5,1,16,2,3,0,0,0,3,0,108,1,22,65,16,35,0,35,83,2,10,31,0,13,51,25,2,12,2,47,30,0,123,23,0,11,0,0,0,1,31,18,13,86,2,99,0,0,1,0,1,16,4,0,177,51,0,0,1,0,5,6,15,19,42,162
1,111,0,138,0,0,0,0,0,0,4,51,101,15,46,10,18,4,1,0,1,111,68,9,17,33,9,1,0,1,37,71,14,50,21,0,54,1,1,1,0,9,15,4,51,13,21,87,20,30,3,27,48,7,12,82,4,10,35,22,9,11,1,34,43,0,53,30,0,69,0,2,3,2,41,17,42,89,4,50,0,1,3,1,5,75,1,1,64,99,0,0,3,1,7,12,33,35,105,54
250,0,0,0,0,0,0,0,0,0,0,180,50,2,11,4,3,0,0,0,0,81,156,3,8,1,1,0,0,0,5,60,2,151,6,0,23,0,0,3,0,0,6,1,121,0,23,49,13,37,0,28,70,2,8,41,1,9,68,23,0,2,1,51,38,0,134,12,0,12,0,0,0,1,30,15,10,77,1,116,0,0,0,0,2,10,0,0,204,34,0,0,0,0,3,2,17,11,34,183
0,112,0,138,0,0,0,0,0,0,3,50,116,13,46,10,9,1,2,0,1,128,78,7,9,26,0,1,0,0,22,71,13,64,14,0,61,2,1,2,0,7,15,2,54,4,20,102,14,32,0,24,52,2,14,93,3,15,31,16,11,5,0,34,41,0,57,47,1,54,0,0,0,2,46,23,39,93,4,43,0,0,2,1,1,88,0,3,44,111,0,0,0,0,9,5,45,42,104,45
250,0,0,0,0,0,0,0,0,0,0,185,41,5,10,3,6,0,0,0,0,76,155,7,11,0,1,0,0,0,0,53,0,170,4,1,22,0,0,0,0,0,5,0,128,1,10,71,8,27,0,28,80,1,13,31,1,11,69,16,0,2,0,53,28,0,146,13,0,8,0,0,0,1,13,10,6,98,1,121,0,0,0,0,0,3,0,0,219,28,0,0,0,0,4,1,7,15,43,180
0,101,0,149,0,0,0,0,0,0,4,49,108,15,60,9,5,0,0,0,1,145,72,7,6,16,1,2,0,0,23,97,6,59,11,0,51,1,0,2,0,4,13,0,55,8,15,108,13,34,0,21,34,2,18,108,1,8,40,18,5,10,0,44,50,0,61,34,0,46,0,1,0,0,51,18,43,83,1,53,0,0,2,0,0,88,0,2,29,129,0,0,0,0,9,6,39,37,109,50
250,0,0,0,0,0,0,0,0,0,0,208,30,1,9,1,1,0,0,0,0,65,176,2,6,0,1,0,0,0,1,61,0,162,3,1,20,1,1,0,0,0,2,0,150,0,8,63,4,23,0,19,83,0,13,35,1,3,83,13,0,0,0,51,23,0,154,13,0,9,0,0,0,0,27,8,2,95,0,118,0,0,0,0,0,2,0,0,222,26,0,0,0,0,1,0,4,4,33,208
0,96,0,154,0,0,0,0,0,0,0,31,136,10,62,5,6,0,0,0,0,149,60,8,4,26,3,0,0,0,9,90,6,69,10,0,63,0,1,2,0,0,14,1,56,8,25,110,16,20,0,28,37,1,21,95,0,9,38,21,4,1,0,47,42,0,67,46,0,43,0,0,2,1,33,32,39,73,1,69,0,0,0,0,0,94,0,0,28,128,0,0,0,0,2,3,37,31,139,38
250,0,0,0,0,0,0,0,0,0,0,209,35,0,3,0,3,0,0,0,0,60,188,1,1,0,0,0,0,0,1,35,0,205,0,0,9,0,0,0,0,0,0,0,142,0,8,77,4,19,0,16,96,0,5,54,0,3,68,8,0,0,0,52,18,0,157,11,0,12,0,0,0,0,17,5,3,93,0,132,0,0,0,0,0,3,0,0,230,17,0,0,0,0,0,0,1,8,18,223
0,95,0,155,0,0,0,0,0,0,1,39,149,5,50,1,5,0,0,0,0,169,56,4,7,13,1,0,0,0,18,110,2,37,11,0,71,0,1,0,0,2,4,0,65,6,13,125,6,29,0,22,48,0,14,104,0,7,40,15,2,5,0,54,52,0,68,25,0,44,0,0,0,0,42,16,26,101,0,65,0,0,0,0,0,85,0,0,20,145,0,0,0,0,2,5,32,42,148,21
250,0,0,0,0,0,0,0,0,0,0,206,28,1,9,2,4,0,0,0,0,50,198,0,2,0,0,0,0,0,1,44,1,197,2,0,5,0,0,0,0,0,1,0,151,0,11,73,3,11,0,8,80,0,7,50,0,6,94,5,0,0,0,47,17,0,173,6,0,7,0,0,0,0,11,4,2,103,0,130,0,0,0,0,0,0,0,0,237,13,0,0,0,0,0,2,2,5,14,227
0,95,0,155,0,0,0,0,0,0,0,40,159,8,41,2,0,0,0,0,0,181,48,3,2,15,1,0,0,0,16,127,1,43,6,0,57,0,0,0,0,2,11,0,65,2,13,126,2,29,0,21,37,0,15,126,0,3,36,12,0,3,0,53,62,0,66,35,0,31,0,0,1,0,57,13,35,76,0,68,0,0,0,0,0,74,0,0,13,163,0,0,0,0,3,0,34,31,162,20
250,0,0,0,0,0,0,0,0,0,0,223,21,0,6,0,0,0,0,0,0,50,197,1,2,0,0,0,0,0,0,51,0,185,1,0,13,0,0,0,0,0,0,0,155,0,2,76,2,15,0,7,106,0,13,40,0,3,76,5,0,0,0,46,17,0,177,6,0,4,0,0,0,0,7,1,1,87,0,154,0,0,0,0,0,0,0,0,241,9,0,0,0,0,0,0,0,4,25,221
0,101,0,149,0,0,0,0,0,0,0,23,160,4,60,1,2,0,0,0,0,190,49,0,8,3,0,0,0,0,7,130,0,62,6,0,45,0,0,0,0,0,7,0,66,1,17,137,3,19,0,10,40,0,17,141,0,10,25,7,0,1,0,60,57,0,61,26,0,45,0,0,0,0,51,10,30,93,0,66,0,0,0,0,0,60,0,0,9,181,0,0,0,0,5,3,34,52,130,26
17,2,0,2,1,2,0,1,1,1,3,9,4,3,3,1,2,2,0,0,1,1,13,0,2,6,3,0,0,1,6,4,2,7,1,1,2,2,1,1,2,3,2,4,4,2,4,4,0,2,0,0,3,2,1,8,3,7,2,1,2,2,0,5,3,1,4,8,1,1,0,1,2,3,4,1,1,12,1,2,0,1,2,0,2,6,2,3,10,1,0,0,1,1,2,2,4,6,3,8
3,6,3,9,1,1,0,3,0,1,0,7,4,6,2,4,3,0,0,1,0,5,5,3,2,8,0,3,1,0,7,4,2,6,1,1,1,4,0,1,3,3,2,2,5,5,2,0,2,3,0,4,3,1,6,5,0,3,2,3,1,2,2,5,2,1,8,2,1,3,1,3,4,2,3,2,1,3,3,5,0,1,1,0,5,9,1,3,4,3,0,1,1,2,3,4,3,1,5,7
201,9,3,16,5,3,0,4,1,8,9,126,32,23,33,8,12,7,0,0,3,24,134,3,9,57,8,1,0,11,66,69,6,71,6,5,14,9,1,3,13,45,11,39,46,19,32,29,4,12,0,6,26,6,28,87,23,61,3,10,11,24,0,55,13,6,78,45,9,9,0,17,15,17,17,15,14,106,16,33,0,7,1,0,22,85,9,27,87,12,0,0,5,4,17,14,27,51,46,86
17,79,13,107,11,9,0,5,4,5,21,64,40,40,31,22,19,9,0,4,1,54,60,7,23,74,12,5,5,9,37,54,37,59,16,2,21,13,3,8,13,34,20,38,60,23,18,15,5,24,1,15,26,10,46,55,23,41,18,15,15,38,9,38,37,9,51,19,2,32,1,14,19,13,42,17,11,42,24,67,0,3,9,1,40,83,4,31,53,26,0,1,3,6,28,28,25,43,32,84
234,5,0,6,1,2,0,0,1,1,3,157,26,19,34,2,9,0,0,0,0,27,158,0,5,53,2,0,0,5,47,83,7,94,6,1,6,5,0,1,4,61,13,40,60,21,23,17,1,10,0,2,26,1,18,107,20,68,2,6,6,26,2,57,5,3,98,39,5,9,0,12,19,4,12,7,11,133,7,45,0,2,3,0,14,116,2,13,91,9,0,0,0,1,19,7,30,44,32,117
7,97,3,129,3,4,0,1,2,4,18,60,54,61,32,12,10,3,0,0,2,78,67,2,10,77,7,1,1,5,54,59,22,50,19,2,23,14,2,5,12,35,10,50,71,29,13,16,4,10,0,2,32,3,47,58,20,63,11,14,12,32,7,44,45,6,53,27,5,19,0,12,13,18,54,22,7,40,10,74,0,3,3,0,28,95,2,25,75,19,0,1,2,4,18,24,37,51,44,69
233,4,0,7,2,2,0,0,0,2,0,176,28,13,31,0,2,0,0,0,0,11,178,0,4,50,4,0,0,3,45,84,7,95,10,0,5,4,0,0,3,55,8,50,69,19,23,18,0,5,0,4,18,2,32,123,8,59,1,3,4,27,2,45,7,2,128,28,2,5,0,9,11,9,7,8,16,133,16,41,0,1,1,0,13,125,1,13,90,6,0,0,0,0,13,7,18,44,31,137
10,107,1,118,9,3,1,1,0,0,10,52,59,61,42,8,15,3,0,0,0,82,53,4,10,93,0,2,2,4,50,58,22,64,14,0,30,10,1,1,11,48,14,44,66,26,15,16,4,6,0,3,27,2,52,52,29,58,13,14,2,35,4,63,30,5,61,26,3,21,0,6,9,9,54,26,12,45,17,72,0,0,4,0,26,98,1,20,86,15,0,0,1,0,19,14,32,63,51,70
246,1,0,2,0,0,0,0,0,1,0,199,18,12,19,1,1,0,0,0,0,15,192,0,4,36,0,0,0,3,42,77,2,121,3,0,3,2,0,0,2,52,7,44,74,27,24,11,0,9,0,1,20,0,11,130,10,77,0,1,1,28,1,35,13,1,136,29,1,5,0,4,12,10,4,4,13,146,11,46,0,0,1,0,8,132,1,12,91,5,0,0,1,0,7,6,10,42,30,154
4,94,1,144,5,2,0,0,0,0,14,39,74,66,49,0,5,3,0,0,0,85,49,1,11,100,3,0,1,0,55,74,15,57,15,0,27,2,1,4,3,42,14,35,84,26,19,13,1,13,0,6,47,0,36,58,25,59,9,10,6,40,6,59,15,3,62,40,2,17,0,3,8,8,50,31,20,45,20,65,0,0,4,0,26,98,0,27,85,10,0,0,0,1,14,14,29,66,59,67
245,0,0,2,3,0,0,0,0,0,0,213,14,1,19,1,2,0,0,0,0,10,201,0,1,37,1,0,0,0,39,95,0,112,2,0,1,1,0,0,0,73,9,45,86,9,21,5,1,1,0,0,20,0,12,121,6,90,1,0,1,23,1,42,12,0,143,23,0,5,0,4,3,5,2,8,1,173,10,44,0,0,0,0,4,135,0,9,101,1,0,0,0,0,3,1,7,32,41,166
3,95,0,149,2,1,0,0,0,0,9,27,82,69,54,2,7,0,0,0,0,86,44,0,12,107,0,0,0,1,56,60,9,82,8,0,29,5,0,1,3,45,10,61,73,28,12,15,0,3,0,4,39,0,51,79,14,47,5,11,3,52,2,67,26,1,56,32,0,11,0,2,3,5,47,18,18,37,22,98,0,0,5,0,17,103,0,19,97,9,0,0,0,0,9,12,25,73,60,71
250,0,0,0,0,0,0,0,0,0,0,217,13,4,16,0,0,0,0,0,0,3,216,0,1,29,1,0,0,0,32,85,0,130,2,0,1,0,0,0,0,65,2,40,106,11,17,4,0,5,0,1,7,0,13,150,5,73,1,0,0,18,1,34,7,1,167,22,0,0,0,0,5,3,2,6,3,166,10,55,0,0,0,0,4,156,0,3,87,0,0,0,0,0,2,0,5,25,24,194
0,108,0,140,2,0,0,0,0,0,6,29,81,74,51,1,8,0,0,0,0,102,32,1,5,108,2,0,0,0,54,82,5,73,9,0,23,4,0,0,3,49,7,43,84,30,13,15,1,5,0,6,58,1,46,53,15,58,7,6,0,65,1,64,23,1,50,38,0,8,0,2,5,5,31,15,14,54,29,95,0,0,0,0,16,89,0,22,120,3,0,0,0,0,6,14,45,81,59,45
250,0,0,0,0,0,0,0,0,0,0,237,6,0,7,0,0,0,0,0,0,1,225,0,0,24,0,0,0,0,32,82,0,135,0,0,1,0,0,0,0,70,3,41,120,5,6,2,0,3,0,0,6,0,13,136,6,89,0,0,0,10,0,31,4,0,186,19,0,0,0,2,0,2,3,0,2,195,5,41,0,0,0,0,4,152,0,1,93,0,0,0,0,0,1,0,5,23,19,202
0,105,0,145,0,0,0,0,0,0,3,10,96,70,65,1,5,0,0,0,0,81,24,0,7,137,1,0,0,0,39,100,3,80,4,0,21,3,0,0,2,46,11,61,74,31,13,11,0,1,0,2,64,0,54,63,11,49,4,3,1,41,2,76,31,0,44,50,0,5,0,3,2,1,42,28,12,28,22,112,0,0,0,0,16,95,0,13,121,5,0,0,0,0,13,6,33,91,68,39
250,0,0,0,0,0,0,0,0,0,0,235,10,0,5,0,0,0,0,0,0,2,231,0,1,16,0,0,0,0,24,83,0,143,0,0,0,0,0,0,0,60,0,38,137,4,10,1,0,0,0,0,12,0,12,138,4,84,0,0,0,5,0,29,3,0,196,17,0,0,0,0,0,1,1,3,1,197,4,43,0,0,0,0,1,158,0,2,89,0,0,0,0,0,1,1,3,23,11,211
0,112,0,138,0,0,0,0,0,0,4,14,98,64,66,2,2,0,0,0,0,95,19,0,3,133,0,0,0,0,60,94,1,70,5,0,20,0,0,0,0,54,9,65,60,31,12,15,0,4,0,1,61,0,54,60,12,52,3,7,0,55,0,80,21,0,41,50,0,3,0,1,3,4,39,18,12,30,28,115,0,0,0,0,9,88,0,18,135,0,0,0,0,0,5,6,32,95,78,34
250,0,0,0,0,0,0,0,0,0,0,243,4,0,3,0,0,0,0,0,0,1,226,0,0,23,0,0,0,0,18,92,0,140,0,0,0,0,0,0,0,60,1,45,135,3,5,1,0,0,0,0,6,0,6,166,2,70,0,0,0,8,0,24,1,0,209,8,0,0,0,0,0,0,1,1,0,206,1,41,0,0,0,0,0,167,0,0,83,0,0,0,0,0,0,0,1,20,7,222
0,108,0,142,0,0,0,0,0,0,0,7,103,70,69,1,0,0,0,0,0,56,24,0,1,169,0,0,0,0,50,111,1,78,1,0,9,0,0,0,0,60,2,66,59,33,16,8,0,6,0,0,65,0,55,50,8,64,3,5,0,44,0,102,19,0,36,48,0,1,0,0,4,1,33,14,3,37,18,140,0,0,0,0,14,82,0,9,142,3,0,0,0,0,9,5,22,99,88,27
17,2,1,5,0,0,1,1,0,0,3,6,3,4,2,0,3,5,1,0,1,5,11,2,3,3,1,0,0,1,6,7,0,4,1,0,5,1,1,2,1,3,3,1,4,1,1,7,6,0,0,2,3,0,5,3,2,2,5,5,0,5,2,1,3,0,12,3,0,1,0,1,0,2,6,0,2,8,3,5,1,2,2,1,6,2,4,2,6,1,0,0,1,1,3,1,3,7,3,8
3,9,2,6,3,0,1,0,2,1,2,4,4,4,6,1,6,0,0,0,0,6,5,0,1,5,6,3,1,0,3,4,1,8,4,0,3,1,2,1,0,5,3,1,9,3,0,2,0,4,1,2,5,0,5,3,0,6,3,2,1,2,1,8,4,2,2,3,2,2,0,1,0,2,5,2,3,7,1,6,2,1,1,2,2,4,0,1,5,9,0,0,0,0,4,1,1,9,4,8
178,23,1,33,11,0,3,0,1,0,17,85,30,53,26,0,24,13,2,0,1,48,146,7,13,12,13,5,2,3,41,56,2,65,14,0,45,9,8,10,0,16,19,8,88,4,3,75,34,3,0,12,21,0,58,42,0,33,49,35,0,23,2,47,30,0,129,16,2,1,0,2,0,15,48,3,21,89,26,46,1,6,3,9,62,16,15,11,92,35,0,0,0,1,25,7,12,55,38,112
35,86,4,100,10,1,7,5,2,0,13,63,33,56,45,3,23,8,6,0,2,76,48,1,33,48,25,3,12,2,24,58,5,66,24,0,46,18,2,7,0,25,26,8,77,18,10,53,19,14,0,11,20,0,36,64,6,33,45,35,4,21,5,94,20,5,47,30,5,19,0,6,0,9,53,21,32,70,19,40,1,19,6,9,33,33,9,51,54,35,0,0,1,3,16,11,24,66,43,86
198,24,0,24,4,0,0,0,0,0,6,106,14,64,31,1,20,7,1,0,0,44,161,3,15,11,11,2,2,1,32,51,3,79,17,0,53,7,5,3,0,11,17,5,113,4,2,78,18,2,0,6,11,0,69,64,0,19,56,25,0,20,0,49,27,0,141,13,0,0,0,0,0,11,53,4,15,133,7,27,1,6,1,3,72,21,7,13,92,34,0,0,0,0,14,4,5,43,35,149
34,107,2,95,4,0,2,4,2,0,10,61,46,59,47,0,21,5,1,0,0,92,48,1,41,48,13,3,4,0,25,57,4,71,32,0,47,11,1,2,0,25,31,8,72,15,9,52,25,13,0,12,25,0,39,70,4,29,50,21,3,16,6,100,22,1,57,31,5,9,0,3,1,9,50,10,49,61,13,54,2,18,7,8,30,39,5,52,62,27,0,0,0,0,11,4,5,83,69,78
213,20,0,17,0,0,0,0,0,0,3,125,21,68,23,0,7,3,0,0,0,35,178,0,20,7,10,0,0,0,21,59,0,100,10,0,55,2,2,1,0,12,10,0,128,4,1,83,12,0,0,4,16,0,77,59,0,14,55,25,0,8,0,47,20,0,168,6,0,1,0,0,0,4,55,3,18,137,3,30,0,2,0,1,61,4,4,23,123,32,0,0,0,0,7,2,9,44,24,164
24,118,0,105,1,0,2,0,0,0,13,68,47,62,45,1,12,2,0,0,0,123,36,1,28,49,10,3,0,0,24,54,3,76,29,0,51,9,1,3,0,27,39,8,73,13,5,61,19,5,0,12,14,0,39,83,0,21,56,25,0,10,3,118,30,1,51,26,0,11,0,2,0,9,58,9,33,71,8,60,0,12,4,4,34,44,4,51,48,49,0,0,0,0,16,8,10,99,53,64
221,12,0,16,1,0,0,0,0,0,5,141,9,55,28,0,12,0,0,0,0,32,199,0,15,2,2,0,0,0,11,71,0,94,15,0,58,1,0,0,0,7,14,1,151,1,0,63,12,1,0,2,2,0,86,68,0,16,52,24,0,6,0,48,14,0,180,2,0,0,0,0,0,1,55,1,5,157,5,26,0,2,0,3,69,5,2,9,140,20,0,0,0,0,6,0,1,40,18,185
14,112,0,122,2,0,0,0,0,0,1,58,52,75,54,1,9,0,0,0,0,124,30,1,22,65,4,3,1,0,28,57,0,89,25,0,47,4,0,0,0,23,36,9,62,12,2,88,17,1,0,5,21,0,40,80,0,24,60,20,0,6,2,122,30,0,47,36,0,7,0,0,0,1,60,9,47,67,6,60,0,11,3,3,41,47,3,54,35,53,0,0,0,0,18,0,10,104,66,52
232,11,0,7,0,0,0,0,0,0,1,140,12,54,37,0,5,1,0,0,0,23,210,0,11,3,2,0,1,0,14,75,0,106,13,0,40,1,1,0,0,2,6,0,176,0,0,61,5,0,0,1,3,0,83,80,0,20,54,9,0,3,0,37,15,0,192,3,0,0,0,0,0,0,45,1,14,166,6,18,0,0,0,0,75,2,0,9,141,23,0,0,0,0,4,0,0,32,14,200
13,125,0,109,3,0,0,0,0,0,3,66,44,73,48,0,14,2,0,0,0,143,32,1,20,51,1,1,1,0,18,77,1,74,33,0,45,2,0,0,0,17,28,8,57,8,2,113,16,1,0,2,17,0,51,77,0,15,68,20,0,4,1,150,26,0,45,19,0,5,0,0,0,0,77,3,33,63,10,64,0,4,1,0,43,42,1,69,48,42,0,0,0,0,6,1,7,122,67,47
236,10,0,4,0,0,0,0,0,0,0,167,3,56,21,0,3,0,0,0,0,14,226,0,7,1,2,0,0,0,5,67,0,118,11,0,46,1,2,0,0,2,9,0,162,1,0,73,3,0,0,0,3,0,80,88,0,17,50,12,0,3,0,48,6,0,193,0,0,0,0,0,0,0,44,0,5,193,0,8,0,0,0,0,74,1,2,5,154,14,0,0,0,0,1,0,0,20,8,221
10,130,0,109,1,0,0,0,0,0,1,53,47,74,67,0,8,0,0,0,0,153,16,0,16,62,3,0,0,0,15,69,0,77,38,0,48,2,1,0,0,17,22,5,74,10,0,114,8,0,0,2,16,0,56,79,0,15,70,12,0,5,0,157,20,0,47,18,0,3,0,0,0,0,103,4,34,45,8,56,0,6,0,3,47,38,2,52,53,49,0,0,0,0,8,1,6,123,84,28
236,6,0,8,0,0,0,0,0,0,0,165,2,54,26,0,3,0,0,0,0,21,223,0,5,0,1,0,0,0,2,79,0,133,9,0,27,0,0,0,0,0,3,0,175,0,0,67,5,0,0,0,2,0,78,92,0,8,59,11,0,2,0,35,6,0,207,0,0,0,0,0,0,0,30,0,5,207,2,6,0,0,0,0,76,0,0,8,146,20,0,0,0,0,3,0,0,13,5,229
11,126,0,113,0,0,0,0,0,0,0,62,38,83,64,0,3,0,0,0,0,159,24,0,10,56,1,0,0,0,7,78,0,90,17,0,58,0,0,0,0,14,24,6,66,10,1,119,10,0,0,2,6,0,67,81,0,21,65,8,0,3,0,169,25,0,34,19,0,0,0,0,0,0,100,2,35,33,2,78,0,6,0,1,45,29,1,71,53,44,0,0,0,0,7,0,3,142,77,21
244,1,0,5,0,0,0,0,0,0,0,171,0,52,26,0,1,0,0,0,0,20,226,0,4,0,0,0,0,0,5,80,0,123,7,0,35,0,0,0,0,0,3,0,195,0,0,49,3,0,0,0,1,0,79,109,0,1,57,3,0,0,0,43,5,0,202,0,0,0,0,0,0,0,41,0,1,203,0,5,0,0,0,0,63,0,0,3,170,14,0,0,0,0,2,0,0,9,0,239
5,128,0,117,0,0,0,0,0,0,0,54,23,89,78,0,6,0,0,0,0,163,20,0,8,59,0,0,0,0,13,75,0,91,27,0,43,1,0,0,0,15,20,0,53,7,0,150,5,0,0,1,11,0,62,92,0,10,68,6,0,3,0,175,18,0,41,13,0,0,0,0,0,0,105,1,31,41,5,67,0,1,0,0,68,25,1,64,40,51,0,0,0,0,6,0,2,149,82,11
243,3,0,4,0,0,0,0,0,0,0,175,0,48,26,0,1,0,0,0,0,14,234,0,2,0,0,0,0,0,2,71,0,142,6,0,29,0,0,0,0,0,3,0,201,0,0,46,0,0,0,0,1,0,98,104,0,8,36,3,0,0,0,26,2,0,222,0,0,0,0,0,0,0,29,0,2,212,1,6,0,0,0,0,85,0,0,4,151,10,0,0,0,0,1,0,0,8,0,241
4,147,0,99,0,0,0,0,0,0,1,56,44,81,68,0,0,0,0,0,0,180,16,0,9,45,0,0,0,0,4,90,0,75,18,0,62,1,0,0,0,12,26,2,47,4,0,157,2,0,0,0,6,0,74,89,0,4,70,7,0,0,0,191,18,0,27,13,0,1,0,0,0,0,124,3,26,36,2,59,0,2,0,0,66,24,1,65,52,40,0,0,0,0,4,0,0,129,108,9
17,3,0,3,1,1,0,1,0,1,2,6,5,5,0,5,2,1,1,0,1,4,8,0,5,7,1,0,0,1,8,4,4,6,0,2,1,0,0,2,0,4,2,3,4,2,1,8,0,3,1,1,3,1,1,6,1,7,5,1,0,2,1,2,1,4,8,5,2,2,0,1,1,3,2,4,3,7,3,3,1,4,0,0,4,6,2,2,6,2,0,0,0,2,0,3,2,9,3,8
2,5,0,15,1,1,0,1,1,1,4,6,4,2,1,3,2,2,1,2,1,3,8,4,1,2,2,2,3,1,2,6,2,9,2,0,2,1,2,1,1,2,2,4,5,3,4,4,1,1,0,2,2,0,6,6,1,4,3,3,0,2,2,3,2,4,3,6,0,5,2,0,1,1,4,2,6,7,1,3,0,0,2,0,1,7,2,5,5,5,2,1,0,1,1,4,2,6,4,6
172,21,0,41,8,4,1,2,1,0,17,84,42,27,12,49,7,3,9,0,0,41,85,4,29,61,20,6,1,3,43,57,28,83,15,9,5,3,0,7,0,20,21,31,44,20,16,79,1,18,5,5,11,6,27,87,8,61,36,4,0,10,9,17,21,16,104,46,4,23,0,3,10,16,27,38,44,69,15,28,0,9,4,0,15,68,10,31,85,28,1,0,1,8,3,19,13,94,23,88
28,47,1,151,8,5,4,2,2,2,17,60,55,30,23,31,8,9,13,4,4,39,74,24,20,45,6,19,8,11,45,62,30,61,23,3,10,9,5,2,1,20,18,17,80,21,38,45,4,6,2,7,20,6,53,56,10,45,34,17,0,14,18,27,20,16,50,67,11,27,0,5,14,22,48,27,38,42,19,35,1,2,7,2,16,67,7,47,56,45,0,3,1,6,8,12,20,65,49,86
183,30,0,31,3,2,0,0,1,0,15,120,29,19,13,40,7,2,4,1,0,47,91,3,28,63,7,9,1,1,25,73,25,101,16,2,5,2,0,1,0,15,10,26,64,13,14,100,0,8,0,3,9,4,43,86,5,56,43,1,0,4,7,12,16,10,140,41,2,18,0,0,9,12,33,38,64,61,13,20,0,6,3,0,13,68,9,25,96,30,0,0,0,5,2,4,12,105,24,98
39,35,0,168,6,1,0,1,0,0,14,54,63,51,28,24,6,4,6,0,0,38,89,12,20,60,5,15,7,4,27,80,35,68,16,3,15,5,1,0,0,18,15,19,84,21,39,41,1,12,0,2,26,7,57,66,8,29,48,7,0,5,12,34,24,20,43,78,3,31,0,2,14,33,54,28,26,50,14,29,0,3,7,2,12,74,1,38,81,32,1,1,0,4,8,15,19,75,41,86
192,22,0,34,1,1,0,0,0,0,3,126,30,28,14,42,6,1,0,0,0,40,112,0,23,66,5,3,0,1,11,71,23,131,12,1,1,0,0,0,0,9,15,22,77,18,15,91,0,3,0,4,3,4,43,111,2,49,33,1,0,2,2,8,23,8,146,40,0,21,0,0,7,13,31,34,58,81,4,22,0,4,1,0,6,60,2,26,124,27,0,0,0,1,0,8,12,109,13,107
35,31,0,179,2,1,0,1,1,0,12,51,71,45,36,21,1,5,7,1,0,46,88,4,14,71,2,12,8,5,26,96,26,60,20,0,19,2,1,0,0,12,16,21,90,17,34,52,2,6,0,3,25,6,54,60,1,35,60,6,0,4,11,32,19,15,47,100,3,19,0,2,5,12,63,33,30,58,15,32,0,4,3,0,5,84,4,43,70,37,0,0,0,3,6,9,10,107,34,81
206,10,0,32,2,0,0,0,0,0,9,138,33,17,17,34,2,0,0,0,0,38,121,2,12,67,7,3,0,0,22,84,10,123,9,1,1,0,0,0,0,5,13,18,77,15,23,97,0,2,0,2,4,1,56,123,0,40,24,0,0,0,6,7,15,5,160,40,0,17,0,0,2,10,35,29,66,78,5,25,0,3,0,0,2,68,3,28,121,25,0,0,0,0,0,3,3,114,13,117
31,29,0,189,0,0,0,1,0,0,18,57,65,37,39,26,2,2,4,0,0,44,89,4,27,72,4,6,2,2,28,97,25,76,12,0,11,1,0,0,0,13,17,12,103,20,25,57,1,2,0,3,22,0,59,50,2,50,61,3,0,4,3,34,23,13,48,93,2,30,0,0,10,17,58,34,28,61,12,30,0,1,1,0,5,94,2,24,75,48,0,0,0,1,4,14,9,91,35,96
214,10,0,26,0,0,0,0,0,0,1,158,29,19,10,33,0,0,0,0,0,31,145,0,10,59,2,3,0,0,10,81,9,142,5,0,3,0,0,0,0,8,14,13,94,7,13,98,1,2,0,1,5,1,40,127,0,43,33,0,0,0,2,5,14,5,171,41,0,12,0,0,0,5,29,26,72,101,5,12,0,0,0,0,2,75,0,24,135,14,0,0,0,0,0,3,4,119,6,118
24,34,0,192,0,0,0,0,0,0,11,48,89,42,41,11,3,1,4,0,0,51,85,0,17,91,3,3,0,0,21,118,27,56,21,1,5,1,0,0,0,15,12,15,95,16,20,72,2,3,0,0,26,4,50,66,6,44,52,2,0,1,5,26,18,7,49,124,1,19,0,0,5,8,81,25,34,62,3,32,0,0,4,0,8,88,0,39,69,42,0,0,0,0,2,7,12,93,32,104
223,8,0,19,0,0,0,0,0,0,0,176,22,14,11,26,1,0,0,0,0,35,131,0,6,75,2,1,0,0,7,81,4,154,2,0,2,0,0,0,0,6,13,14,98,9,12,97,0,1,0,1,0,1,44,142,0,45,17,0,0,1,1,3,6,3,193,39,0,4,0,0,0,6,31,19,71,108,2,13,0,0,0,0,1,71,1,21,143,13,0,0,0,0,0,0,4,115,7,124
18,18,0,214,0,0,0,0,0,0,8,38,100,42,34,25,0,0,3,0,0,44,98,1,15,88,0,3,0,1,8,137,15,75,11,0,4,0,0,0,0,17,9,16,95,21,17,75,0,0,0,0,16,0,57,57,4,45,68,3,0,0,4,27,26,8,40,123,0,22,0,0,1,8,66,36,41,68,5,25,0,0,1,0,0,105,2,33,70,39,0,0,0,0,0,6,7,110,21,106
228,7,0,15,0,0,0,0,0,0,0,197,17,10,6,20,0,0,0,0,0,14,157,0,7,72,0,0,0,0,2,89,4,151,3,0,1,0,0,0,0,8,8,11,101,12,5,105,0,0,0,0,0,0,38,153,0,33,26,0,0,0,0,2,10,2,185,43,0,8,0,0,0,2,29,24,73,114,0,8,0,0,0,0,0,72,0,25,138,15,0,0,0,0,0,0,1,119,6,124
15,16,0,219,0,0,0,0,0,0,10,32,109,41,39,18,1,0,0,0,0,59,80,0,15,91,0,4,1,0,9,131,13,78,14,0,5,0,0,0,0,9,17,9,104,15,26,70,0,0,0,0,17,0,63,64,1,37,68,0,0,0,3,22,21,5,50,135,0,14,0,0,4,9,73,31,44,61,6,22,0,0,1,0,1,107,1,28,76,36,0,0,0,1,0,3,3,104,22,117
231,3,0,16,0,0,0,0,0,0,0,193,18,12,7,20,0,0,0,0,0,22,167,0,2,59,0,0,0,0,2,77,1,169,1,0,0,0,0,0,0,6,9,7,105,7,8,108,0,0,0,0,0,0,41,163,0,24,22,0,0,0,0,0,4,2,208,34,0,2,0,0,0,2,20,17,79,124,1,7,0,0,0,0,0,61,1,17,165,6,0,0,0,0,0,0,0,136,5,109
15,12,0,223,0,0,0,0,0,0,4,35,104,49,45,12,0,0,1,0,0,53,82,0,8,107,0,0,0,0,8,154,7,71,7,0,3,0,0,0,0,7,4,6,113,14,13,93,0,0,0,0,11,0,58,55,0,56,70,0,0,0,1,20,22,3,32,151,0,21,0,0,1,11,85,31,29,69,0,24,0,0,1,0,0,125,0,28,67,29,0,0,0,0,1,6,2,97,16,128
234,4,0,12,0,0,0,0,0,0,0,204,15,6,4,21,0,0,0,0,0,12,176,0,5,57,0,0,0,0,6,74,1,169,0,0,0,0,0,0,0,4,3,2,120,5,5,111,0,0,0,0,0,0,46,169,0,19,16,0,0,0,0,0,6,1,225,16,0,2,0,0,0,0,26,23,70,124,3,4,0,0,0,0,0,57,0,11,173,9,0,0,0,0,0,0,1,137,0,112
12,15,0,223,0,0,0,0,0,0,5,31,128,50,27,9,0,0,0,0,0,61,69,0,10,109,0,1,0,0,9,157,7,69,7,0,1,0,0,0,0,5,4,10,115,11,14,91,0,0,0,0,9,0,66,52,0,49,74,0,0,0,2,22,13,3,20,178,0,12,0,0,1,11,79,31,41,62,0,25,0,0,0,0,0,127,0,43,53,27,0,0,0,0,0,2,1,100,17,130
14,4,1,4,0,1,2,0,0,1,1,11,4,4,2,1,2,0,1,1,0,7,9,2,1,6,0,1,0,1,1,7,0,8,0,2,3,2,3,1,0,4,0,3,5,4,5,4,2,0,0,3,2,1,1,7,1,5,7,0,0,3,1,2,0,2,12,4,2,1,0,4,0,3,2,4,3,4,3,4,1,2,1,1,3,2,0,2,9,6,1,0,1,1,1,3,2,6,8,4
3,8,1,9,1,0,1,2,1,1,1,6,5,8,1,3,0,1,1,1,0,4,8,1,5,4,2,1,2,0,1,2,3,8,4,1,5,2,0,1,3,3,0,3,3,4,0,10,0,1,1,5,4,0,2,5,0,2,5,3,0,4,0,5,2,3,4,5,1,3,0,1,4,2,4,0,4,5,3,4,0,1,1,0,4,8,1,5,4,3,0,2,2,1,2,5,3,5,1,6
148,41,0,50,1,2,4,1,2,1,1,138,42,26,1,17,13,3,6,3,1,54,103,9,20,57,1,5,0,0,16,65,1,94,12,7,32,9,9,5,2,22,12,34,38,38,21,74,9,0,1,31,26,0,2,101,2,35,48,4,0,35,16,18,3,8,110,36,3,21,0,11,7,17,19,22,26,59,36,53,0,6,2,2,21,23,2,24,127,43,1,1,7,8,3,16,13,58,95,48
48,64,13,95,4,4,16,4,1,1,9,39,65,57,14,29,11,12,10,4,2,48,59,11,47,51,2,10,17,3,7,39,26,69,38,2,37,21,7,4,6,23,19,19,52,32,17,68,11,3,7,10,32,3,13,80,4,53,29,19,0,24,6,65,24,14,47,34,5,31,0,6,10,21,15,24,28,63,28,55,0,6,7,2,24,83,1,44,38,45,2,9,4,6,20,42,15,42,35,75
168,38,0,43,0,1,0,0,0,0,2,149,37,24,3,21,6,6,2,0,0,57,105,4,17,63,1,3,0,0,6,63,0,134,9,1,23,11,1,2,1,26,14,26,42,20,25,92,4,0,0,20,20,0,5,114,0,40,45,6,0,45,10,10,9,3,136,23,0,14,0,8,3,17,11,22,24,80,31,54,0,2,2,0,7,31,0,27,148,33,0,5,0,5,5,12,10,55,114,44
53,76,4,106,1,0,9,0,1,0,1,50,104,47,8,20,5,4,9,2,0,46,85,12,31,45,3,9,19,0,16,53,14,60,37,0,54,9,5,2,1,27,14,22,59,38,25,56,8,0,1,6,36,0,7,86,2,52,46,14,0,34,4,78,23,9,45,39,0,18,0,3,7,12,24,26,31,65,26,56,0,3,3,0,17,83,0,50,39,55,0,3,4,5,11,54,18,34,39,82
184,28,0,37,0,0,1,0,0,0,0,178,40,20,0,10,1,1,0,0,0,49,134,2,14,48,0,3,0,0,0,74,0,139,12,1,16,5,2,1,1,18,14,16,54,22,21,104,0,0,0,13,15,0,1,156,0,34,31,0,0,25,7,7,8,0,166,31,0,6,0,4,2,15,11,19,19,88,23,69,0,0,0,0,11,15,0,19,160,45,0,0,0,1,2,15,10,38,121,63
45,82,2,112,0,2,7,0,0,0,7,46,118,52,5,12,5,1,4,0,0,60,77,8,38,58,1,4,4,0,19,52,10,57,45,0,58,5,2,2,1,16,17,22,77,42,13,57,4,1,1,6,39,0,11,71,0,50,66,6,0,31,8,73,23,6,41,48,0,20,0,6,2,3,28,23,38,75,27,48,0,3,0,0,10,100,1,46,52,38,0,0,3,2,10,52,7,51,53,72
200,22,0,28,0,0,0,0,0,0,0,189,37,8,0,7,3,5,1,0,0,43,147,0,9,50,0,1,0,0,0,56,1,159,18,0,13,2,1,0,0,25,12,20,66,11,10,106,0,0,0,3,15,0,1,182,0,23,24,2,0,30,3,7,9,4,172,16,0,9,0,0,1,7,8,8,26,100,24,76,0,1,0,0,3,19,0,9,191,27,0,0,0,0,3,13,8,39,128,59
36,103,0,108,0,0,3,0,0,0,3,44,118,54,7,12,5,3,4,0,0,57,74,4,33,73,1,3,5,0,6,94,10,52,39,1,44,3,0,1,1,19,13,17,83,40,19,55,3,0,0,9,47,0,10,56,0,47,77,4,0,28,8,82,14,4,39,62,0,13,0,3,2,9,16,23,41,82,21,53,0,0,0,0,8,99,0,65,32,46,0,1,1,2,8,42,9,60,37,90
203,14,0,32,0,0,1,0,0,0,0,213,21,9,0,4,3,0,0,0,0,31,160,0,11,48,0,0,0,0,0,53,0,172,13,0,7,3,1,1,0,11,10,15,77,15,4,118,0,0,0,4,6,0,0,208,0,11,21,0,0,28,1,10,7,0,187,14,0,3,0,1,0,3,3,11,18,124,24,66,0,0,0,0,8,7,0,18,188,29,0,0,0,0,0,2,2,49,147,50
36,81,0,128,0,0,5,0,0,0,2,22,146,57,4,9,5,2,3,0,0,72,82,2,28,65,0,0,1,0,9,91,4,51,26,0,64,4,1,0,0,16,16,10,95,36,16,57,4,0,0,1,62,0,9,33,0,66,79,0,0,24,7,114,17,0,35,38,0,15,0,4,1,5,16,24,38,58,29,75,0,0,0,0,8,100,0,47,41,54,0,0,0,2,5,49,7,48,40,99
218,16,0,16,0,0,0,0,0,0,0,225,18,4,0,1,2,0,0,0,0,33,184,0,6,27,0,0,0,0,0,66,0,162,13,1,7,1,0,0,0,14,7,10,75,12,10,122,0,0,0,3,2,0,0,207,0,13,25,0,0,18,1,0,4,0,207,19,0,1,0,1,1,2,1,4,11,138,24,68,0,0,0,0,6,7,0,13,209,15,0,0,0,1,0,9,2,30,143,65
23,91,0,134,0,0,2,0,0,0,0,23,172,46,3,4,1,0,1,0,0,67,60,2,30,91,0,0,0,0,6,104,2,62,26,0,46,4,0,0,0,17,12,12,118,17,13,59,2,0,0,2,71,0,8,39,0,39,89,2,0,25,4,111,17,0,34,53,0,6,0,1,0,2,16,29,35,68,19,80,0,1,0,0,2,104,0,62,22,59,0,0,0,0,4,45,9,63,39,90
227,11,0,12,0,0,0,0,0,0,0,217,23,8,0,1,0,1,0,0,0,30,193,0,2,25,0,0,0,0,0,68,0,173,5,0,2,1,1,0,0,10,9,12,89,6,4,120,0,0,0,1,4,0,0,220,0,14,11,0,0,14,0,2,2,0,223,7,0,2,0,0,0,2,3,6,14,133,13,79,0,0,0,0,1,9,0,4,226,10,0,0,0,0,0,4,1,33,166,46
20,95,0,135,0,0,0,0,0,0,0,26,163,51,0,5,5,0,0,0,0,62,54,1,20,113,0,0,0,0,1,120,1,57,38,0,33,0,0,0,0,23,8,13,101,29,13,62,1,0,0,4,58,0,9,28,0,47,103,1,0,30,3,113,18,0,19,60,0,7,0,0,1,1,19,14,38,75,26,76,0,0,0,0,2,120,0,56,13,59,0,0,0,0,2,59,3,53,38,95
228,7,0,15,0,0,0,0,0,0,0,235,15,0,0,0,0,0,0,0,0,29,193,0,3,25,0,0,0,0,0,59,0,180,3,0,8,0,0,0,0,12,4,8,86,8,4,128,0,0,0,1,3,0,0,230,0,7,9,0,0,8,0,0,1,0,231,9,0,1,0,0,0,1,0,5,11,141,11,81,0,0,0,0,2,4,0,13,219,12,0,0,0,0,0,1,2,36,155,56
21,91,0,137,0,0,1,0,0,0,0,14,200,33,0,3,0,0,0,0,0,65,52,1,32,100,0,0,0,0,0,130,1,53,22,0,43,1,0,0,0,17,9,4,124,18,12,65,1,0,0,1,70,0,2,20,0,44,113,0,0,33,3,109,25,1,13,56,0,10,0,0,0,2,6,14,22,85,20,101,0,0,0,0,6,112,0,56,20,56,0,0,0,0,3,49,2,61,43,92
234,5,0,11,0,0,0,0,0,0,0,231,18,1,0,0,0,0,0,0,0,18,207,0,1,24,0,0,0,0,0,65,0,183,0,0,2,0,0,0,0,3,1,4,91,7,1,143,0,0,0,0,1,0,0,241,0,6,2,0,0,5,0,1,3,0,236,5,0,0,0,0,0,0,0,1,9,156,4,80,0,0,0,0,0,5,0,5,236,4,0,0,0,0,0,2,1,32,168,47
15,97,0,138,0,0,0,0,0,0,0,18,190,41,0,1,0,0,0,0,0,92,41,0,26,91,0,0,0,0,0,128,0,55,32,0,35,0,0,0,0,5,6,4,132,18,4,81,0,0,0,1,52,0,5,9,0,40,143,0,0,42,2,118,15,0,14,54,0,5,0,0,0,1,8,15,40,75,21,90,0,0,0,0,2,135,0,60,11,42,0,0,0,0,0,45,0,55,44,106
