17,1,0,3,2,1,1,1,0,1,3,8,4,1,4,2,3,2,0,0,1,5,9,1,4,2,1,1,2,1,4,4,2,12,1,0,3,0,1,0,1,1,4,2,5,5,1,4,2,2,1,3,5,0,3,10,0,2,0,3,0,3,2,2,5,1,7,1,0,6,0,1,1,3,4,4,1,8,3,2,3,0,3,0,4,5,0,5,6,1,1,2,3,1,0,3,2,6,3,6
0,10,3,7,3,0,3,0,0,1,1,4,6,3,2,4,2,2,1,2,2,7,5,1,4,4,2,0,0,2,4,7,1,3,4,0,5,2,0,1,0,4,3,2,4,3,0,4,2,5,0,2,4,1,3,7,1,5,2,2,0,4,3,5,2,1,4,5,0,3,0,0,3,0,1,2,6,7,3,5,1,2,1,1,2,8,0,2,5,5,0,2,2,0,1,1,4,3,8,6
160,12,8,39,9,5,9,4,2,2,13,110,41,8,26,15,25,10,1,1,3,28,119,7,52,25,3,0,11,2,24,35,1,142,19,1,20,1,3,4,2,31,23,1,39,47,15,39,30,23,3,21,31,0,17,136,2,10,6,24,0,12,23,30,30,1,93,9,0,52,0,4,9,15,18,22,27,93,25,37,17,0,8,1,28,70,0,32,76,18,2,3,15,5,5,15,19,66,24,96
26,74,14,91,9,10,13,5,3,5,23,54,47,33,42,12,24,10,2,3,1,86,50,9,35,36,14,7,7,5,39,50,8,44,40,7,54,5,2,1,3,25,36,3,50,46,14,26,17,30,3,28,48,0,39,57,3,28,28,16,1,20,37,37,30,3,59,26,1,36,0,6,8,9,46,17,23,51,32,58,5,5,14,3,25,76,0,35,56,31,2,12,8,4,17,17,43,44,52,51
187,9,3,32,2,6,4,5,1,1,6,128,43,9,24,8,27,5,0,0,0,37,131,2,54,17,3,0,5,1,19,21,2,170,19,1,16,0,2,0,0,30,24,0,61,42,10,41,23,19,0,12,13,0,15,181,1,10,3,15,0,6,18,25,19,0,121,15,0,46,0,4,5,8,13,16,24,122,17,41,4,3,2,1,17,91,0,28,86,18,0,2,7,1,2,15,17,59,17,130
22,69,5,125,9,4,8,4,2,2,16,53,50,43,54,11,15,7,0,1,0,87,60,10,24,36,17,7,7,2,28,63,4,47,36,3,66,2,1,0,2,24,29,2,49,53,17,35,20,19,0,19,59,0,53,47,3,22,30,17,0,14,21,45,32,1,52,33,0,52,0,2,4,7,42,22,39,58,24,52,4,4,11,1,25,70,0,44,60,31,0,5,5,6,17,13,34,76,49,45
182,12,3,38,6,4,3,0,1,1,1,159,34,9,26,4,17,0,0,0,0,27,153,1,50,14,3,0,2,0,14,24,2,178,17,1,13,0,1,0,0,25,24,0,85,41,9,29,21,16,0,9,16,0,25,184,0,6,1,9,0,5,18,23,19,1,142,10,0,32,0,2,2,4,12,17,21,115,21,56,4,0,0,0,22,96,0,34,86,8,0,1,5,1,4,15,10,60,21,133
26,83,3,117,5,4,8,4,0,0,19,42,77,38,44,9,13,8,0,0,0,110,39,4,35,43,6,3,10,0,29,73,1,45,42,0,59,1,0,0,1,23,25,1,67,40,16,43,23,11,0,16,68,0,45,51,1,22,36,11,0,26,14,45,31,1,49,32,0,52,0,2,2,9,41,20,25,60,39,52,3,0,2,0,30,83,0,43,69,20,0,1,4,4,21,15,38,62,56,49
196,4,6,38,2,3,1,0,0,0,0,173,34,3,20,0,20,0,0,0,0,31,179,0,30,9,1,0,0,0,7,25,0,198,12,0,8,0,0,0,0,24,18,0,76,51,5,33,26,17,0,6,7,0,6,220,0,4,0,7,0,4,16,10,21,0,157,8,0,34,0,0,0,1,13,8,24,131,27,46,1,0,0,0,10,88,0,27,118,6,0,0,4,0,4,8,11,68,8,147
23,64,3,138,4,2,13,2,1,0,11,44,70,38,64,6,14,3,0,0,0,116,38,2,41,41,6,0,6,0,35,72,1,37,35,1,69,0,0,0,0,18,17,0,72,46,9,45,27,16,0,18,67,0,71,23,0,26,37,8,0,11,14,45,34,0,51,37,0,58,0,0,0,4,45,19,28,58,31,65,0,0,1,0,9,102,0,47,69,22,0,0,1,2,14,15,28,71,60,59
204,5,1,37,2,0,1,0,0,0,0,190,27,4,21,2,6,0,0,0,0,26,188,0,30,5,0,0,1,0,4,10,0,216,13,0,7,0,0,0,0,18,18,0,84,63,0,39,15,13,0,0,8,0,2,235,0,2,0,3,0,4,14,15,12,0,159,16,0,30,0,1,2,0,15,15,16,134,13,54,0,0,0,0,3,102,0,28,111,6,0,0,4,0,1,4,7,60,14,160
22,53,2,153,8,0,10,2,0,0,7,39,90,48,39,3,21,3,0,0,0,121,39,0,51,33,4,0,2,0,32,84,0,29,33,0,72,0,0,0,0,20,10,0,67,60,5,46,25,17,0,11,85,0,80,14,0,19,36,5,0,6,14,55,35,0,57,33,0,50,0,0,1,3,47,20,24,66,26,63,0,0,4,0,17,98,0,33,78,20,0,0,0,0,16,16,35,82,54,47
222,2,0,24,0,2,0,0,0,0,0,190,39,3,14,0,4,0,0,0,0,16,202,0,27,5,0,0,0,0,3,10,0,226,7,0,4,0,0,0,0,18,14,0,98,64,0,24,17,15,0,2,4,0,5,237,0,1,0,1,0,0,6,8,18,0,183,8,0,27,0,0,1,0,11,7,15,160,12,44,0,0,0,0,6,109,0,28,102,5,0,0,1,0,1,5,4,68,6,165
20,71,2,152,0,2,2,1,0,0,6,44,83,36,60,1,19,1,0,0,0,132,37,0,36,39,1,0,5,0,24,96,1,18,37,0,74,0,0,0,0,18,24,0,59,56,8,45,27,13,0,14,71,0,98,12,0,21,29,5,0,6,13,54,41,0,34,30,0,72,0,0,2,4,48,17,23,54,25,77,0,0,0,0,8,91,0,54,88,9,0,0,1,0,12,9,22,104,45,57
215,4,0,31,0,0,0,0,0,0,0,214,21,1,10,0,4,0,0,0,0,17,208,0,23,1,0,0,1,0,0,14,0,234,1,0,1,0,0,0,0,15,10,0,118,66,0,22,11,8,0,0,0,0,2,246,0,0,0,2,0,1,6,11,11,0,196,12,0,13,0,0,0,0,2,5,12,156,17,58,0,0,0,0,3,105,0,15,125,2,0,0,0,0,1,2,4,59,2,182
24,72,0,149,1,1,3,0,0,0,3,21,110,46,51,0,17,2,0,0,0,135,29,0,43,38,2,0,3,0,18,106,0,13,37,0,76,0,0,0,0,16,19,0,66,54,5,51,22,17,0,7,86,0,95,4,0,17,33,8,0,1,7,59,44,0,29,31,0,79,0,0,0,1,35,14,24,59,29,88,0,0,0,0,8,102,0,44,86,10,0,0,1,0,7,6,26,109,55,46
229,2,0,19,0,0,0,0,0,0,0,217,16,2,13,0,2,0,0,0,0,15,216,0,19,0,0,0,0,0,0,8,0,242,0,0,0,0,0,0,0,11,8,0,119,64,0,24,14,10,0,0,1,0,2,246,0,0,0,1,0,1,7,13,10,0,196,4,0,19,0,0,0,0,4,3,8,174,6,55,0,0,0,0,3,102,0,25,117,3,0,0,0,0,1,2,3,58,3,183
13,56,0,176,0,2,2,1,0,0,1,23,111,44,54,3,14,0,0,0,0,138,26,0,44,41,1,0,0,0,13,118,0,7,45,0,67,0,0,0,0,16,13,0,61,58,3,71,18,10,0,7,84,0,105,4,0,17,30,3,0,2,4,76,33,0,35,31,0,69,0,0,0,0,40,17,35,54,29,75,0,0,0,0,18,103,0,41,81,7,0,0,0,0,5,7,19,126,49,44
235,0,0,15,0,0,0,0,0,0,0,226,11,0,11,0,2,0,0,0,0,6,230,0,14,0,0,0,0,0,0,6,0,242,2,0,0,0,0,0,0,8,12,0,133,61,0,23,7,6,0,1,1,0,1,246,0,1,0,0,0,0,4,5,6,0,227,0,0,8,0,0,0,0,2,0,6,185,12,45,0,0,0,0,1,93,0,15,140,1,0,0,0,0,0,4,1,58,1,186
14,42,0,193,0,0,1,0,0,0,1,19,136,37,53,0,4,0,0,0,0,158,19,0,37,36,0,0,0,0,24,122,0,8,31,0,65,0,0,0,0,8,12,0,69,64,6,68,17,6,0,7,69,0,117,4,0,20,28,5,0,3,5,66,34,0,16,34,0,92,0,0,0,0,39,14,34,49,23,91,0,0,0,0,14,126,0,37,66,7,0,0,0,0,1,4,13,134,47,51
17,3,2,2,0,2,1,0,0,0,2,8,3,7,5,0,2,0,0,0,0,9,6,3,3,3,0,1,1,1,5,6,1,8,3,0,3,1,0,0,2,3,3,2,4,2,2,5,2,2,2,0,3,0,2,6,0,7,5,2,0,0,4,5,4,0,5,6,1,2,1,1,2,0,7,3,0,9,2,2,1,3,2,2,4,4,0,3,5,3,2,0,0,0,3,2,1,6,5,8
2,10,1,12,0,1,0,0,0,1,1,7,4,4,3,5,1,1,0,1,2,6,4,2,2,5,0,2,3,1,2,5,3,6,1,0,6,1,1,2,2,2,0,5,2,4,3,5,1,3,1,3,2,0,2,5,2,5,3,4,0,1,4,3,5,4,4,3,0,3,1,0,3,1,6,4,2,4,1,5,0,2,2,3,2,3,0,3,7,5,0,0,1,0,0,2,5,7,7,5
193,24,7,23,0,3,0,0,0,0,23,121,17,40,26,5,15,3,0,0,0,73,105,11,17,26,7,3,6,2,22,57,3,102,25,0,31,3,1,6,8,21,34,33,38,31,23,36,13,13,11,9,18,0,17,68,3,46,57,21,0,14,18,43,20,6,51,68,8,22,3,6,9,4,59,26,1,87,24,31,1,23,14,9,28,31,4,20,85,35,3,1,3,0,16,9,12,42,45,119
24,91,12,109,3,3,4,0,0,4,14,51,66,49,26,19,16,5,3,1,5,64,49,12,27,60,9,9,11,4,39,36,23,49,24,0,62,7,1,9,4,22,42,29,33,18,26,34,19,23,5,12,26,0,20,73,5,34,48,27,0,19,13,35,35,12,60,34,8,34,6,9,18,2,39,34,14,61,28,39,2,11,19,13,28,48,11,34,42,42,3,1,3,0,12,30,41,55,52,53
214,19,2,15,0,0,0,0,0,0,22,139,18,37,16,7,10,1,0,0,0,91,101,8,12,21,5,2,7,3,12,64,2,119,21,0,28,1,0,3,2,27,44,29,45,30,21,35,10,7,4,3,10,0,12,93,1,48,53,26,0,11,7,59,19,2,57,65,3,27,0,2,10,1,64,24,1,85,33,30,0,9,10,5,32,34,3,15,96,46,0,0,0,0,5,7,10,43,32,153
20,88,7,130,2,2,0,0,0,1,23,57,54,51,37,10,17,1,0,0,2,73,71,15,26,49,4,3,7,0,38,39,8,57,25,0,72,7,0,4,3,30,42,34,51,25,16,28,14,7,4,2,28,0,16,81,2,38,63,16,0,13,16,29,28,10,69,45,11,29,0,4,9,1,54,36,6,81,25,34,0,5,20,6,25,47,12,32,53,50,0,0,3,0,13,9,34,78,63,50
227,16,1,6,0,0,0,0,0,0,11,174,15,24,20,1,5,0,0,0,0,87,129,2,10,20,0,0,2,0,11,56,1,130,11,0,40,0,0,1,1,17,41,33,59,26,15,44,7,7,0,8,7,0,5,107,1,46,63,13,0,4,3,34,32,1,75,82,2,17,1,5,4,1,54,25,2,106,30,22,0,10,18,0,22,28,2,29,106,35,0,0,0,0,4,4,6,25,38,173
16,103,2,129,0,0,0,0,0,0,22,48,71,65,28,5,10,1,0,0,1,84,70,6,26,60,0,1,1,1,32,55,4,57,37,0,64,0,0,1,0,24,36,26,58,30,22,31,9,14,1,4,19,0,10,70,3,37,67,39,0,7,10,35,42,7,47,62,4,36,2,7,8,0,61,41,14,57,29,31,0,8,11,2,40,62,4,28,42,53,0,0,1,0,9,9,37,81,69,44
231,9,0,10,0,0,0,0,0,0,7,185,6,30,16,1,5,0,0,0,0,96,129,3,5,17,0,0,0,0,16,63,1,128,13,0,29,0,0,0,1,24,40,21,68,24,19,42,7,4,0,3,5,0,7,133,1,35,58,8,0,5,3,42,24,1,74,83,3,15,0,1,3,1,61,19,0,118,29,18,0,5,8,5,32,34,4,18,108,36,0,0,0,0,2,4,0,28,30,186
14,111,0,125,0,0,0,0,0,0,23,45,73,55,40,7,7,0,0,0,0,92,73,3,23,55,0,0,4,0,24,69,2,74,16,1,64,0,0,0,0,28,39,29,58,27,13,39,6,11,0,5,22,0,9,75,0,36,87,16,0,8,6,36,40,8,58,60,5,29,1,1,6,0,71,37,10,67,17,40,0,5,15,4,25,55,12,31,57,46,0,0,0,0,4,9,18,92,81,46
237,7,0,6,0,0,0,0,0,0,1,213,3,22,8,1,2,0,0,0,0,113,107,2,11,17,0,0,0,0,3,57,0,155,5,0,30,0,0,0,0,9,54,23,83,24,11,39,4,3,0,0,6,0,2,129,0,43,63,7,0,0,3,41,23,2,70,99,0,12,0,0,2,0,51,18,0,142,21,16,0,2,9,1,31,40,1,12,125,29,0,0,0,0,0,2,0,36,31,181
12,113,0,125,0,0,0,0,0,0,21,25,67,82,43,2,10,0,0,0,0,84,102,2,19,40,0,2,1,0,28,58,1,65,26,0,71,1,0,0,0,34,32,24,66,29,19,37,4,5,0,5,20,0,11,76,0,37,83,18,0,5,3,37,38,4,82,53,0,28,0,1,3,0,81,31,6,66,31,31,0,6,11,1,34,56,0,27,54,61,0,0,0,0,2,4,8,98,80,58
248,1,0,1,0,0,0,0,0,0,2,204,4,26,11,1,2,0,0,0,0,110,127,1,5,7,0,0,0,0,3,54,0,149,12,0,32,0,0,0,1,18,48,21,90,17,7,44,3,1,0,0,1,0,1,142,0,40,61,5,0,2,3,48,22,2,62,97,0,14,0,0,1,0,46,15,0,157,22,9,0,5,5,1,29,35,2,11,131,31,0,0,0,0,0,1,0,17,20,212
2,110,0,138,0,0,0,0,0,0,20,31,76,71,41,3,8,0,0,0,0,84,93,3,24,46,0,0,0,0,22,56,0,68,24,0,80,0,0,0,0,9,43,30,79,34,18,27,1,9,0,1,13,0,13,72,0,42,93,16,0,3,4,31,55,1,83,52,2,19,0,0,2,0,92,28,1,56,25,46,0,5,7,3,36,62,3,25,55,54,0,0,0,0,1,5,13,109,93,29
250,0,0,0,0,0,0,0,0,0,1,218,4,19,6,0,2,0,0,0,0,109,126,0,0,15,0,0,0,0,0,44,1,174,9,0,22,0,0,0,0,15,38,19,97,26,8,43,1,3,0,0,0,0,1,156,0,30,53,10,0,0,0,37,29,0,79,99,1,5,0,0,0,0,41,20,0,160,22,7,0,4,1,2,38,33,0,15,126,31,0,0,0,0,0,0,1,9,15,225
0,119,0,131,0,0,0,0,0,0,13,26,75,96,35,0,5,0,0,0,0,95,104,0,11,40,0,0,0,0,10,78,1,48,14,0,99,0,0,0,0,21,38,33,84,21,13,33,5,2,0,3,21,0,6,70,0,45,97,8,0,4,4,35,44,3,70,65,0,25,0,1,1,0,88,27,2,55,27,49,0,3,10,3,36,62,2,20,62,52,0,0,0,0,0,0,6,122,99,23
249,0,0,1,0,0,0,0,0,0,1,226,3,13,6,0,1,0,0,0,0,101,144,0,1,4,0,0,0,0,0,44,0,184,3,0,19,0,0,0,0,11,41,19,115,20,5,38,1,0,0,0,1,0,0,186,0,20,42,1,0,0,1,43,31,0,85,82,0,8,0,0,1,0,30,17,0,182,14,6,0,0,1,0,32,31,2,15,141,28,0,0,0,0,0,0,1,15,20,214
1,104,0,145,0,0,0,0,0,0,11,20,63,106,48,0,2,0,0,0,0,104,92,0,11,43,0,0,0,0,11,76,0,52,11,0,100,0,0,0,0,23,41,31,64,37,15,33,4,2,0,0,14,0,4,50,0,38,139,5,0,0,4,42,37,3,70,75,0,19,0,0,0,0,106,26,2,44,27,45,0,1,6,0,43,54,1,19,61,65,0,0,0,0,0,1,4,131,79,35
249,0,0,1,0,0,0,0,0,0,0,234,0,13,3,0,0,0,0,0,0,107,138,0,2,3,0,0,0,0,0,45,0,181,7,0,17,0,0,0,0,9,38,21,119,26,7,29,1,0,0,0,0,0,0,172,0,25,51,2,0,0,1,37,21,0,86,100,0,5,0,0,0,0,24,11,0,191,17,7,0,2,2,0,26,25,0,6,156,33,0,0,0,0,0,0,0,6,7,237
1,115,0,134,0,0,0,0,0,0,17,16,61,110,46,0,0,0,0,0,0,104,95,0,3,48,0,0,0,0,9,88,1,48,16,0,88,0,0,0,0,15,42,28,82,27,12,43,0,1,0,0,19,0,2,63,0,31,127,8,0,1,1,30,42,1,84,74,0,17,0,0,0,0,108,22,0,36,30,54,0,0,4,0,40,71,1,18,58,58,0,0,0,0,0,0,4,131,102,13
19,3,1,2,1,0,0,0,0,1,5,8,2,2,3,2,3,2,0,0,1,5,9,0,2,4,0,3,0,3,3,1,0,7,2,1,6,3,1,3,1,2,4,1,8,5,1,3,0,2,1,0,6,0,3,8,1,2,4,2,2,2,4,3,1,0,7,6,0,2,2,0,2,0,7,2,2,8,2,2,2,0,2,1,4,6,1,2,7,2,1,1,1,0,1,1,4,2,7,9
4,7,0,10,0,2,4,0,0,0,1,5,6,9,1,0,0,0,0,5,1,7,3,1,4,3,0,5,1,2,1,5,1,5,1,2,4,3,0,5,0,5,0,0,6,4,5,3,3,1,2,1,1,1,5,4,1,2,4,6,0,1,3,3,3,0,4,10,0,3,0,2,0,4,4,2,3,3,2,7,0,1,1,1,1,12,0,3,5,3,0,0,0,1,2,5,1,7,6,5
192,21,1,15,0,1,15,1,0,4,44,109,17,27,19,7,19,6,0,2,1,34,113,0,37,39,0,13,1,12,18,5,5,86,16,7,62,25,3,23,6,12,20,3,96,43,21,33,2,14,5,1,39,1,7,98,6,23,36,34,4,20,17,17,12,3,92,59,2,24,3,2,5,18,41,21,25,89,28,18,6,2,12,1,25,43,0,25,118,18,0,7,3,0,7,12,21,25,56,119
26,66,5,126,2,1,11,0,2,11,33,49,42,70,22,7,10,8,1,8,2,65,57,2,29,43,3,29,16,4,18,15,4,64,18,4,61,33,4,29,4,36,20,11,39,38,20,54,16,12,0,6,21,11,50,49,6,22,41,44,1,10,10,24,27,11,52,63,7,45,2,4,5,15,40,17,36,64,20,47,5,0,5,4,36,68,2,30,50,50,1,2,2,2,18,33,17,52,52,71
214,15,0,8,0,0,13,0,0,0,30,145,19,24,20,2,6,3,0,1,0,30,134,1,39,28,0,13,1,4,4,2,1,110,15,6,62,26,0,24,4,14,12,0,104,42,14,40,7,13,0,1,27,2,14,122,4,20,27,33,0,14,11,22,11,3,118,49,1,21,0,0,2,10,34,11,29,116,23,25,2,0,3,1,21,42,0,24,140,17,0,1,1,0,2,18,31,24,39,134
16,77,2,141,0,2,8,1,0,3,31,47,47,75,29,1,14,6,0,0,0,76,43,3,43,55,1,21,3,5,13,10,1,36,29,1,91,35,3,31,2,31,15,8,54,35,26,47,19,13,1,3,26,3,56,53,3,17,45,43,0,13,16,25,38,3,41,60,6,48,0,1,3,10,42,22,47,72,23,30,4,1,7,0,32,85,1,32,39,49,0,3,5,4,13,23,21,60,59,62
222,12,0,11,1,0,4,0,0,0,27,158,16,26,13,3,5,2,0,0,0,22,160,0,32,23,0,11,1,1,2,0,1,113,17,1,72,28,0,16,0,13,6,1,121,48,9,45,1,6,0,0,27,0,12,140,2,14,15,40,0,11,9,18,31,1,112,52,1,15,0,0,1,9,50,13,21,137,7,12,1,0,3,1,21,42,0,15,158,9,0,0,0,0,0,9,11,20,43,167
15,83,0,143,1,1,6,1,0,0,33,45,51,63,41,4,9,4,0,0,0,79,47,0,33,67,0,17,2,5,11,10,2,46,17,1,101,30,2,30,1,25,21,3,61,37,20,59,8,15,0,0,23,2,55,45,3,24,53,45,0,20,7,24,30,4,47,76,2,40,0,0,0,8,53,17,54,82,13,23,0,0,4,0,29,107,1,37,34,38,0,1,0,1,10,18,20,61,83,56
233,1,0,13,0,0,3,0,0,0,14,167,15,31,21,0,2,0,0,0,0,14,180,0,25,26,0,2,0,3,0,0,0,122,14,0,74,23,0,17,0,4,7,0,159,37,8,31,1,3,0,0,11,0,4,165,1,11,22,36,0,7,3,14,14,0,139,60,0,13,0,0,1,5,44,5,17,155,11,12,0,0,0,0,20,38,0,17,169,6,0,0,0,0,1,9,11,14,37,178
8,76,0,155,1,0,10,0,0,0,22,54,46,77,40,3,5,3,0,0,0,83,36,0,38,67,0,24,1,1,6,8,1,56,20,0,105,33,1,20,0,16,15,1,57,58,18,70,6,9,0,0,33,1,57,47,3,24,56,29,0,6,4,31,28,3,45,81,0,52,0,0,0,8,51,20,56,65,15,35,1,0,2,0,23,114,0,29,39,42,0,0,0,0,9,11,18,72,87,53
245,1,0,4,0,0,0,0,0,0,11,191,6,25,16,0,1,0,0,0,0,9,186,0,34,19,0,1,0,1,0,0,0,124,11,1,82,22,0,10,0,4,6,0,160,44,5,27,1,3,0,0,12,0,9,176,0,5,18,30,0,4,2,21,19,0,131,62,0,11,0,0,0,0,28,5,20,185,8,4,0,0,0,0,7,37,0,14,180,12,0,0,0,0,1,16,5,9,29,190
5,79,0,163,0,0,3,0,0,0,28,46,53,83,36,1,2,1,0,0,0,67,34,0,38,95,0,15,0,1,8,5,1,55,18,1,113,27,0,22,0,13,16,0,57,61,23,72,2,6,0,0,33,0,57,40,1,19,62,38,0,4,7,25,29,0,58,87,1,39,0,0,0,4,60,9,70,51,20,36,0,0,1,0,15,125,0,24,47,38,0,1,0,0,6,9,21,79,91,43
245,0,0,5,0,0,0,0,0,0,12,210,8,14,6,0,0,0,0,0,0,5,216,0,18,11,0,0,0,0,0,0,0,120,12,0,97,16,0,5,0,4,5,0,183,34,2,22,0,0,0,0,5,0,4,178,0,6,20,37,0,1,2,16,8,0,160,54,0,9,0,0,0,1,25,1,4,207,5,7,0,0,1,0,8,30,0,16,189,6,0,0,0,0,0,1,4,8,18,219
4,71,0,175,0,0,0,0,0,0,22,28,38,107,48,1,6,0,0,0,0,88,18,0,38,100,0,6,0,0,3,5,0,71,14,0,110,29,0,18,0,17,15,4,51,64,14,82,1,2,0,0,22,0,59,41,1,14,74,39,0,6,0,35,23,1,55,97,0,33,0,0,0,4,67,9,75,34,17,44,0,0,1,0,19,127,0,30,31,42,0,0,0,0,5,8,16,96,100,25
248,0,0,2,0,0,0,0,0,0,3,213,6,21,7,0,0,0,0,0,0,3,224,0,11,9,0,3,0,0,0,0,0,138,2,0,91,16,0,3,0,2,0,0,203,23,2,20,0,0,0,0,6,0,6,186,0,4,12,36,0,1,2,12,12,0,166,51,0,6,0,0,0,0,28,3,3,206,2,8,0,0,0,0,3,33,0,8,204,2,0,0,0,0,0,4,4,3,17,222
2,74,0,174,0,0,0,0,0,0,27,25,58,103,36,0,1,0,0,0,0,85,18,0,40,104,0,3,0,0,3,1,0,54,22,0,130,20,0,20,0,13,11,0,39,81,12,90,2,2,0,0,21,0,66,39,1,19,70,34,0,2,3,29,32,0,49,97,0,38,0,0,0,5,70,14,68,40,10,43,0,0,0,0,10,148,0,24,31,37,0,0,0,0,3,7,16,82,118,24
247,1,0,2,0,0,0,0,0,0,8,215,0,24,1,0,2,0,0,0,0,2,224,0,12,12,0,0,0,0,0,0,0,127,5,0,99,16,0,3,0,0,0,0,210,24,2,14,0,0,0,0,9,0,1,212,0,1,15,12,0,0,1,16,10,0,172,47,0,4,0,0,0,0,12,0,4,231,2,1,0,0,1,0,4,22,0,7,214,2,0,0,0,0,0,0,3,1,15,231
3,54,0,193,0,0,0,0,0,0,24,31,43,109,43,0,0,0,0,0,0,85,23,0,34,107,0,1,0,0,1,2,0,70,18,0,122,22,0,15,0,6,9,1,35,77,13,108,1,0,0,0,36,0,68,24,0,7,73,42,0,0,2,30,24,0,54,109,0,31,0,0,0,1,74,10,88,17,13,47,0,0,0,0,12,159,0,20,22,37,0,0,0,0,3,6,11,88,125,17
250,0,0,0,0,0,0,0,0,0,3,222,1,16,8,0,0,0,0,0,0,1,236,0,10,3,0,0,0,0,0,0,0,121,3,0,111,14,0,1,0,1,0,0,214,21,1,12,1,0,0,0,3,0,0,211,0,2,9,25,0,0,1,6,7,0,188,46,0,2,0,0,0,0,23,0,1,224,0,2,0,0,0,0,2,24,0,4,219,1,0,0,0,0,0,3,1,4,13,229
0,57,0,193,0,0,0,0,0,0,17,23,48,129,33,0,0,0,0,0,0,87,10,0,40,111,0,2,0,0,0,0,0,90,9,0,124,15,0,12,0,9,11,1,33,82,8,106,0,0,0,0,22,0,79,23,0,16,61,49,0,0,0,33,28,0,37,116,0,36,0,0,0,1,87,11,83,24,6,38,0,0,0,0,8,154,0,20,26,42,0,0,0,0,2,3,4,83,139,19
16,3,2,3,0,0,0,0,0,3,6,3,5,4,1,4,3,1,0,0,1,5,12,1,3,2,0,2,1,0,2,6,2,8,1,1,3,3,0,1,2,3,5,3,3,2,2,6,0,1,2,4,4,1,3,3,1,3,4,2,2,1,1,0,2,2,10,5,1,3,0,1,3,2,3,4,3,9,0,2,3,0,0,0,0,7,0,2,12,3,0,0,2,1,1,2,4,6,2,9
3,6,1,9,2,2,2,0,1,1,0,12,3,2,2,3,1,2,1,1,0,7,8,1,3,4,1,0,2,1,4,3,0,12,2,2,3,1,0,0,2,3,3,5,4,0,3,4,1,2,1,2,3,2,3,5,2,0,3,6,0,0,2,6,2,1,4,6,0,6,0,3,1,2,4,3,1,6,4,3,1,0,1,1,3,7,2,4,6,2,0,0,0,2,2,0,8,3,6,6
153,33,1,31,2,3,8,2,0,17,35,82,56,29,6,22,20,0,0,0,5,23,142,8,19,33,1,6,13,0,17,35,21,132,14,3,26,2,0,0,2,18,34,38,38,6,34,68,3,9,4,16,31,3,28,43,15,31,64,15,3,9,4,17,10,3,112,50,10,32,0,3,20,16,18,29,24,121,4,15,7,0,4,0,2,61,0,15,132,29,0,1,1,10,1,6,36,37,17,141
34,48,9,118,9,0,17,9,1,5,23,92,42,34,18,19,13,5,2,2,4,73,36,10,32,66,4,11,11,3,21,63,9,65,20,10,54,6,0,2,6,17,13,33,56,14,24,65,10,12,5,21,20,10,30,59,14,31,32,28,1,9,4,63,15,2,35,42,10,69,0,8,8,10,77,22,27,46,19,33,2,1,2,0,8,85,3,22,79,48,0,1,3,7,9,8,46,83,40,53
185,25,1,21,0,1,7,2,1,7,20,115,52,33,6,10,14,0,0,0,1,26,161,3,16,35,0,5,3,0,9,36,15,155,5,5,23,2,0,0,1,6,20,42,47,5,27,98,3,1,2,20,19,0,39,43,11,25,73,18,1,2,5,17,11,2,126,48,1,37,0,3,12,11,36,28,11,140,3,6,0,0,2,0,0,50,0,16,164,18,0,0,3,1,0,2,35,35,14,160
23,46,9,142,6,3,9,7,3,2,22,90,48,35,26,19,7,3,0,0,2,74,35,3,39,85,1,2,9,0,20,72,14,59,16,1,64,4,0,0,1,21,8,30,75,8,24,62,7,14,6,14,28,4,29,70,9,27,40,23,0,10,2,60,19,2,46,36,6,69,0,4,7,9,79,18,31,59,6,37,4,0,4,0,7,115,0,25,63,32,0,1,0,4,7,6,46,84,51,51
193,15,0,31,0,2,2,3,0,4,20,132,61,18,1,8,10,0,0,0,0,12,193,4,12,24,0,0,5,0,10,25,10,185,5,0,13,2,0,0,0,8,12,41,53,3,29,100,1,3,0,16,18,0,44,61,9,29,61,12,0,1,2,10,12,0,126,54,0,45,0,1,11,4,32,14,13,173,0,2,0,0,0,0,0,37,0,4,196,13,0,0,0,0,0,0,36,17,4,193
28,66,2,135,4,2,11,2,0,0,19,86,71,35,24,10,5,0,0,0,0,87,28,1,33,93,0,4,4,0,26,82,6,41,19,1,74,1,0,0,0,15,6,30,93,2,20,76,4,4,1,8,24,2,31,69,10,32,52,21,0,3,2,64,17,3,37,51,7,66,0,1,6,7,105,17,34,36,3,41,0,0,1,0,5,126,1,30,42,45,0,0,1,7,0,2,43,113,45,39
209,7,0,30,0,0,1,1,0,2,20,149,47,19,5,3,7,0,0,0,0,19,200,1,9,21,0,0,0,0,6,20,7,200,4,0,13,0,0,0,0,4,16,36,54,1,20,119,0,0,0,10,12,0,35,88,5,28,67,5,0,1,0,9,6,0,147,50,0,37,0,0,2,4,35,13,14,181,0,1,0,0,0,0,0,41,0,3,197,9,0,0,0,0,0,0,21,21,2,206
23,66,1,147,2,0,7,2,0,2,21,78,80,39,16,10,6,0,0,0,0,73,32,0,40,103,0,1,1,0,18,90,13,33,9,2,83,2,0,0,0,12,8,26,106,5,22,66,1,4,0,9,24,1,36,64,7,33,64,12,0,0,0,74,14,0,41,48,2,71,0,0,6,3,101,27,28,40,6,39,0,0,0,0,1,130,0,26,48,45,0,0,0,2,2,3,56,115,36,36
216,10,2,20,0,0,1,0,0,1,13,192,35,9,0,0,1,0,0,0,0,18,217,0,2,13,0,0,0,0,2,22,4,214,0,0,8,0,0,0,0,5,7,39,51,1,21,126,0,0,0,7,14,0,38,87,11,21,65,7,0,0,1,10,4,0,175,36,1,23,0,0,1,0,36,8,10,195,0,0,0,0,0,0,0,28,0,1,208,13,0,1,0,0,0,0,16,15,1,217
24,67,1,151,2,0,5,0,0,0,19,51,110,53,9,5,3,0,0,0,0,89,22,0,35,102,0,0,2,0,16,120,4,33,12,0,64,1,0,0,0,11,4,31,100,2,34,64,0,4,0,10,13,3,31,70,8,30,69,16,0,2,1,70,17,0,43,53,1,63,0,0,2,1,114,19,36,43,2,33,0,0,0,0,1,158,0,16,37,38,0,0,0,0,2,0,45,150,29,24
224,4,0,22,0,0,0,0,0,0,3,202,29,10,0,2,4,0,0,0,0,12,221,0,5,12,0,0,0,0,1,10,5,226,1,0,7,0,0,0,0,9,1,24,72,0,17,126,0,1,0,2,13,0,40,99,6,20,64,6,0,0,0,7,3,0,179,41,0,20,0,1,1,0,21,6,5,214,0,2,0,0,0,0,0,29,0,2,213,6,0,0,0,0,0,0,13,10,0,227
21,55,0,169,1,0,3,0,0,1,11,39,131,53,4,7,5,0,0,0,0,102,20,1,30,96,0,0,1,0,15,120,2,19,7,0,87,0,0,0,0,6,7,27,110,3,16,76,1,4,0,1,19,0,35,80,7,21,74,13,0,0,0,67,14,0,36,48,1,84,0,0,2,0,130,25,24,30,1,38,0,0,0,0,0,180,0,11,33,26,0,0,0,2,0,0,60,150,22,16
229,5,0,15,0,0,0,0,0,1,2,212,28,7,0,0,1,0,0,0,0,9,224,0,4,13,0,0,0,0,0,13,1,231,1,0,4,0,0,0,0,2,1,32,63,0,12,140,0,0,0,4,12,0,28,104,5,21,74,2,0,0,0,3,4,0,177,40,0,26,0,0,0,0,22,0,3,225,0,0,0,0,0,0,0,28,0,0,221,1,0,0,0,0,0,0,9,18,1,222
15,62,0,166,3,0,4,0,0,0,19,38,137,45,9,1,1,0,0,0,0,89,23,0,26,111,0,0,1,0,17,132,4,15,5,0,77,0,0,0,0,8,4,29,122,0,15,72,0,0,0,2,15,1,30,92,3,25,73,9,0,0,0,63,11,0,37,61,0,78,0,0,0,0,144,13,33,22,2,36,0,0,0,0,0,172,0,13,28,37,0,0,0,0,0,0,54,149,24,23
230,2,0,18,0,0,0,0,0,0,1,212,33,4,0,0,0,0,0,0,0,5,228,0,3,14,0,0,0,0,0,10,1,232,0,0,7,0,0,0,0,3,1,24,60,0,9,153,0,0,0,2,8,0,28,109,0,13,85,5,0,0,0,3,0,0,189,43,0,15,0,0,0,0,25,2,4,219,0,0,0,0,0,0,0,16,0,0,234,0,0,0,0,0,0,0,2,9,0,239
18,60,0,172,0,0,0,0,0,0,14,38,150,42,4,1,1,0,0,0,0,106,20,0,18,105,0,0,1,0,4,143,4,15,7,0,77,0,0,0,0,3,4,23,135,0,21,64,0,0,0,2,21,0,29,89,1,17,81,10,0,0,0,64,8,0,38,49,0,91,0,0,1,0,162,16,23,29,0,19,0,0,0,0,1,190,0,8,16,35,0,0,0,0,0,0,49,173,19,9
242,0,0,7,1,0,0,0,0,0,0,228,20,2,0,0,0,0,0,0,0,0,240,0,0,10,0,0,0,0,0,5,0,243,0,0,2,0,0,0,0,3,0,20,68,0,14,145,0,0,0,1,4,0,25,128,0,17,73,2,0,0,0,0,1,0,191,39,0,19,0,0,0,0,17,0,1,232,0,0,0,0,0,0,0,15,0,0,234,1,0,0,0,0,0,0,0,6,0,244
6,50,0,193,0,0,1,0,0,0,9,22,170,45,3,1,0,0,0,0,0,106,10,0,16,118,0,0,0,0,5,135,1,7,13,0,89,0,0,0,0,2,3,21,133,0,13,78,0,0,0,1,11,0,37,75,2,17,96,11,0,0,0,68,10,0,32,64,0,76,0,0,0,0,177,8,13,18,0,34,0,0,0,0,0,206,0,5,16,23,0,0,0,0,0,0,45,181,18,6
15,3,2,3,1,0,0,1,0,2,5,8,2,4,3,1,0,1,3,0,2,1,8,3,4,4,0,3,2,0,1,3,3,12,2,0,3,0,1,2,0,1,4,5,3,4,4,2,2,2,0,1,5,3,2,5,0,3,6,2,0,5,3,2,1,2,11,2,0,1,0,1,1,2,3,1,4,6,1,8,2,0,0,0,2,5,2,4,10,2,0,0,0,0,1,2,4,6,6,8
5,10,0,8,0,3,0,0,0,1,2,6,3,7,2,3,2,1,1,0,1,3,2,1,7,5,0,2,4,2,3,3,1,7,1,3,5,1,0,3,0,3,3,1,0,6,4,3,5,2,1,4,3,1,1,7,2,2,5,1,2,0,4,5,3,2,2,4,1,4,0,0,1,2,3,2,3,9,5,2,1,1,0,1,1,5,1,4,4,9,0,2,0,0,2,1,4,6,5,7
193,30,8,13,0,2,0,3,0,1,29,91,38,53,13,8,1,7,10,0,4,18,73,30,27,48,1,24,25,0,6,36,14,117,17,1,42,1,6,10,0,9,34,28,41,39,38,24,20,17,0,21,32,9,15,70,1,27,66,9,1,29,26,29,5,13,116,18,1,12,1,2,6,22,9,9,56,58,14,73,8,0,0,2,4,35,2,29,128,42,0,0,1,1,0,7,19,65,43,114
28,116,8,83,1,7,0,3,0,4,17,77,38,51,28,20,4,5,10,0,7,23,69,15,43,47,3,21,16,6,18,54,21,48,23,5,57,2,8,14,0,19,17,19,54,36,29,35,27,14,0,24,25,9,22,77,4,18,51,20,1,28,15,52,16,13,43,33,4,45,4,1,1,31,23,14,40,56,30,50,2,4,0,1,11,49,6,39,56,82,0,2,3,2,1,20,33,63,64,62
209,23,5,11,0,2,0,0,0,0,28,124,29,42,9,9,0,5,4,0,1,9,109,13,32,50,0,16,19,1,4,38,13,133,20,2,33,0,1,6,0,7,35,28,70,31,28,16,23,12,0,10,36,6,13,77,4,26,74,4,0,27,16,29,8,8,137,19,0,6,0,0,2,18,22,6,62,57,11,72,3,0,0,1,2,27,0,31,144,42,0,0,0,0,0,3,14,66,32,135
20,127,7,90,0,3,1,1,0,1,22,77,42,57,31,11,2,5,3,0,3,35,52,11,47,59,1,17,25,0,16,51,10,49,32,3,72,6,5,6,0,14,17,19,49,40,46,36,18,11,0,14,27,3,20,85,8,21,51,21,1,23,14,67,21,5,43,36,1,39,2,2,3,20,23,15,53,71,21,40,2,0,0,2,14,46,2,40,61,83,0,1,0,0,2,11,21,69,80,66
230,16,1,3,0,0,0,0,0,0,19,152,29,29,13,4,0,1,3,0,1,8,127,8,28,50,0,8,20,0,1,37,7,160,10,0,31,0,1,3,0,3,29,22,81,34,34,19,18,10,0,8,35,6,13,86,0,19,80,3,0,19,8,24,11,1,160,16,0,11,0,0,0,9,17,6,59,65,6,88,1,0,0,0,0,23,0,28,172,26,0,0,0,0,0,2,4,63,26,155
13,157,3,76,0,1,0,0,0,0,14,72,53,71,26,8,4,1,1,0,0,29,61,12,52,63,0,17,16,0,8,58,9,52,25,0,90,1,5,2,0,4,19,18,79,39,30,32,19,10,0,13,23,6,21,101,4,19,53,10,0,19,10,69,33,4,40,30,0,45,0,0,0,14,30,8,51,70,28,49,0,0,0,0,9,51,0,55,52,83,0,0,0,0,0,6,18,70,98,58
226,18,0,6,0,0,0,0,0,0,9,167,22,43,7,0,0,0,2,0,0,4,158,1,30,43,0,9,5,0,2,36,1,160,14,0,36,0,0,1,0,3,26,16,104,21,35,25,16,4,0,6,25,2,11,116,2,20,64,4,0,21,11,21,3,3,176,12,0,3,0,0,0,11,11,7,56,89,5,71,0,0,0,0,0,18,0,22,180,30,0,0,0,0,0,1,2,73,27,147
16,162,4,68,0,0,0,0,0,0,21,68,55,68,32,6,0,0,0,0,0,30,50,9,71,68,0,14,8,0,7,55,13,54,22,0,94,0,0,5,0,10,19,16,65,42,24,46,16,12,0,7,26,1,33,89,2,18,68,6,0,17,10,88,32,5,27,32,0,39,0,0,1,14,18,4,65,72,20,56,0,0,0,0,1,44,0,64,48,93,0,0,0,0,0,3,15,79,86,67
240,9,1,0,0,0,0,0,0,0,6,193,11,33,5,0,0,1,1,0,0,3,158,3,29,44,0,7,6,0,1,36,3,168,7,0,32,0,2,1,0,2,25,12,118,22,33,19,6,13,0,4,26,0,10,136,3,9,62,0,0,17,15,22,4,1,180,10,0,1,0,0,0,8,5,4,55,84,7,87,0,0,0,0,0,14,0,15,201,20,0,0,0,0,0,1,0,58,18,173
3,170,2,75,0,0,0,0,0,0,20,45,52,91,36,6,0,0,0,0,0,22,55,16,64,67,0,16,10,0,2,62,4,59,12,1,107,0,0,3,0,8,21,11,73,40,33,35,18,11,0,10,29,3,25,82,1,17,80,3,0,12,6,80,27,5,35,47,0,38,0,0,0,8,13,7,64,84,18,56,0,0,0,0,1,49,0,60,34,106,0,0,0,0,0,4,10,90,90,56
244,5,0,1,0,0,0,0,0,0,3,208,8,25,6,0,0,0,0,0,0,1,175,4,24,37,0,5,4,0,0,25,1,177,10,1,34,0,0,2,0,2,19,6,149,17,28,15,8,6,0,2,18,0,14,141,0,13,62,0,0,8,4,23,2,2,208,3,0,0,0,0,0,3,3,0,57,78,4,105,0,0,0,0,0,6,0,12,218,14,0,0,0,0,0,0,1,67,17,165
3,168,1,78,0,0,0,0,0,0,7,35,75,93,36,3,0,0,1,0,0,16,48,9,70,93,0,8,6,0,1,52,2,54,26,0,113,0,1,1,0,10,9,10,73,36,37,58,9,8,0,2,31,2,17,92,0,18,85,3,0,13,4,113,27,1,28,23,0,41,0,0,0,7,15,2,56,94,13,63,0,0,0,0,0,64,0,47,29,110,0,0,0,0,0,2,3,88,89,68
244,6,0,0,0,0,0,0,0,0,3,217,10,19,1,0,0,0,0,0,0,0,165,2,34,44,0,3,2,0,0,27,1,194,5,0,23,0,0,0,0,1,12,7,162,18,14,25,6,5,0,3,25,0,6,158,0,5,53,0,0,4,6,14,3,0,218,5,0,0,0,0,0,0,3,0,68,79,1,99,0,0,0,0,0,7,0,20,211,12,0,0,0,0,0,0,0,58,19,173
5,188,0,57,0,0,0,0,0,0,15,30,65,112,28,0,0,0,0,0,0,23,50,4,64,88,0,17,4,0,2,56,4,47,16,0,125,0,0,0,0,4,26,12,59,44,32,50,20,3,0,5,36,2,18,75,2,8,103,1,0,6,9,105,37,2,22,33,0,36,0,0,1,9,13,2,54,103,7,61,0,0,0,0,0,57,0,59,32,102,0,0,0,0,0,0,2,90,98,60
249,1,0,0,0,0,0,0,0,0,3,229,8,7,3,0,0,0,0,0,0,0,195,1,16,33,0,3,2,0,0,22,1,192,6,0,29,0,0,0,0,2,14,3,182,14,13,11,7,4,0,2,14,0,2,161,0,8,63,0,0,11,5,8,0,0,225,1,0,0,0,0,0,0,4,0,56,91,0,99,0,0,0,0,0,2,0,13,227,8,0,0,0,0,0,0,0,41,11,198
1,188,0,61,0,0,0,0,0,0,8,19,79,124,19,1,0,0,0,0,0,9,37,5,80,103,0,9,7,0,1,58,2,51,12,0,126,0,0,0,0,2,23,5,46,54,38,66,10,6,0,2,38,0,15,81,0,8,106,0,0,12,7,114,33,0,10,41,0,33,0,0,0,4,11,1,72,98,3,61,0,0,0,0,0,39,0,66,18,127,0,0,0,0,0,0,0,118,85,47
249,1,0,0,0,0,0,0,0,0,0,233,1,14,2,0,0,0,0,0,0,0,204,0,12,32,0,1,1,0,0,14,0,207,5,0,24,0,0,0,0,0,14,4,190,15,16,10,1,0,0,3,12,0,6,158,0,4,67,0,0,4,1,9,0,0,230,4,0,2,0,0,0,1,2,2,69,83,1,92,0,0,0,0,0,3,0,11,229,7,0,0,0,0,0,0,0,49,9,192
1,190,0,59,0,0,0,0,0,0,8,17,75,126,24,0,0,0,0,0,0,18,37,1,78,113,0,1,2,0,0,67,0,37,9,0,137,0,0,0,0,7,28,7,42,42,37,76,9,2,0,0,25,0,17,89,0,15,104,0,0,3,4,129,33,0,15,35,0,31,0,0,0,6,9,0,72,94,7,62,0,0,0,0,0,48,0,56,20,126,0,0,0,0,0,0,0,101,100,49
20,2,2,1,1,0,1,0,0,0,4,7,1,1,4,2,3,3,1,1,2,2,6,5,1,7,0,0,3,1,0,5,5,10,0,1,2,1,2,1,1,2,4,1,1,5,4,5,4,0,0,2,4,1,1,6,0,5,5,3,1,2,0,7,2,1,8,5,0,1,0,1,2,0,6,5,1,7,3,2,2,3,3,0,2,4,1,3,8,1,1,2,5,0,1,1,1,5,4,7
2,10,0,11,0,2,0,0,1,1,2,8,5,1,4,3,1,1,2,0,1,7,3,1,3,6,3,2,1,0,5,6,3,2,3,1,6,0,0,1,1,1,4,0,4,4,3,7,1,2,3,2,1,1,2,6,0,5,3,4,1,1,2,5,8,2,2,2,3,1,0,2,2,4,5,3,3,3,1,4,0,3,2,0,2,5,0,7,4,4,0,1,3,3,1,4,3,3,5,4
233,3,3,4,0,3,3,0,1,0,16,119,29,12,17,20,17,12,5,3,5,49,84,23,12,52,6,6,11,2,8,63,26,104,8,0,29,2,8,2,0,17,25,7,27,43,32,62,18,19,0,19,23,0,28,71,0,34,62,13,2,9,0,76,16,5,94,34,1,13,0,8,13,6,54,34,11,72,23,29,1,28,16,0,9,74,2,23,75,22,1,9,28,3,22,10,6,37,40,94
9,124,4,102,3,2,2,0,1,3,32,50,62,21,35,19,13,11,6,1,6,60,59,16,25,40,7,14,22,1,10,68,19,62,22,1,59,3,5,1,5,10,22,7,55,32,23,54,24,18,6,23,23,4,28,70,2,36,38,20,6,7,6,59,44,7,70,34,9,8,0,7,10,15,45,33,33,62,22,23,4,13,23,1,12,78,3,21,52,43,0,11,14,5,21,28,19,49,48,55
247,1,0,2,0,0,0,0,0,0,16,140,25,14,26,8,11,10,0,0,3,52,93,15,19,56,3,6,2,1,2,79,15,104,12,0,34,0,4,0,0,7,15,5,38,38,35,88,13,11,0,20,26,0,22,100,0,31,42,9,0,5,1,87,18,0,109,25,1,4,0,3,6,6,63,24,6,98,17,27,0,16,10,0,10,111,1,9,71,22,0,3,21,1,20,9,15,28,42,111
3,122,0,122,0,3,0,0,0,0,24,57,81,24,33,11,14,4,2,0,8,57,61,16,24,41,7,17,18,1,4,62,24,69,22,2,64,0,1,2,1,4,19,11,66,24,34,52,21,18,1,13,39,2,32,70,0,32,48,13,5,13,4,68,39,1,71,37,2,10,0,6,9,16,51,33,38,64,14,19,2,13,23,0,17,63,1,28,69,34,0,6,10,2,27,24,22,38,69,52
249,0,0,0,1,0,0,0,0,0,14,160,35,8,20,5,4,4,0,0,6,40,111,15,16,55,2,3,2,0,0,91,7,120,4,0,27,1,0,0,0,6,17,3,38,38,25,98,11,14,0,11,23,0,30,119,0,21,39,7,0,3,0,88,15,1,115,26,1,1,0,2,2,5,60,33,12,105,17,14,0,14,4,0,10,109,1,20,68,24,0,0,25,0,23,10,8,31,30,123
0,138,0,112,0,0,0,0,0,0,22,52,80,29,35,16,10,6,0,0,1,71,66,20,19,48,7,9,9,0,2,66,25,66,18,1,69,2,1,0,0,10,17,3,67,36,27,46,24,20,1,16,35,0,31,64,0,32,59,12,2,9,2,71,44,0,79,33,0,10,0,3,10,9,51,33,19,70,21,34,0,7,25,0,11,64,0,20,88,35,0,9,5,3,25,21,13,49,76,49
250,0,0,0,0,0,0,0,0,0,2,172,35,9,18,7,5,2,0,0,1,48,145,7,11,35,0,3,0,0,0,83,8,133,4,0,22,0,0,0,0,7,10,2,49,37,25,99,13,8,0,4,26,0,20,121,0,31,43,5,0,3,0,87,14,0,118,26,0,2,0,0,3,4,56,24,4,125,8,26,0,7,2,0,5,133,0,10,71,22,0,1,13,0,13,9,6,27,25,156
0,135,1,113,1,0,0,0,0,0,29,45,86,30,39,9,7,4,1,0,1,83,66,11,16,60,2,5,6,0,1,82,5,74,14,0,73,0,1,0,0,2,17,2,63,46,26,60,16,18,0,5,32,0,32,68,0,31,63,19,0,5,0,81,45,0,82,34,0,3,0,4,9,7,60,19,34,62,13,42,0,6,23,1,9,64,0,25,100,22,0,4,4,2,26,13,25,52,85,39
250,0,0,0,0,0,0,0,0,0,1,204,22,1,19,2,0,1,0,0,0,38,152,8,9,42,0,1,0,0,0,69,4,153,3,0,21,0,0,0,0,1,11,0,62,40,18,106,5,7,0,6,15,0,18,160,0,9,42,0,0,1,0,84,13,0,134,18,0,0,0,1,0,3,53,22,6,132,10,23,0,4,4,0,1,131,0,10,80,20,0,1,10,0,17,7,5,35,26,149
0,137,0,113,0,0,0,0,0,0,25,31,109,30,37,7,8,3,0,0,1,66,69,7,7,88,2,5,5,0,0,93,4,59,9,0,85,0,0,0,0,2,12,0,58,62,30,60,11,15,0,9,34,0,56,59,0,30,58,4,0,6,0,80,46,0,74,42,0,2,0,3,8,4,71,28,21,69,16,30,0,12,13,0,5,70,0,18,106,26,0,2,8,1,24,12,19,67,79,38
250,0,0,0,0,0,0,0,0,0,1,214,19,5,8,2,0,1,0,0,0,45,166,5,2,32,0,0,0,0,0,88,4,137,1,0,20,0,0,0,0,1,4,1,63,25,19,128,3,6,0,8,19,0,7,160,0,12,43,1,0,0,0,76,15,0,150,9,0,0,0,0,0,3,65,22,8,135,5,12,0,2,2,0,0,150,0,6,81,9,0,2,6,0,17,6,5,29,28,157
0,133,0,117,0,0,0,0,0,0,17,26,130,25,42,2,8,0,0,0,0,83,65,8,14,74,0,4,2,0,0,95,4,90,6,0,55,0,0,0,0,0,9,3,94,48,34,40,5,17,0,7,35,0,45,65,0,36,57,5,0,1,0,99,32,0,77,39,0,2,0,1,3,5,92,25,18,70,13,23,0,6,32,0,6,75,0,15,96,20,0,1,8,0,21,9,14,64,85,48
250,0,0,0,0,0,0,0,0,0,1,225,13,2,7,0,1,1,0,0,0,31,177,6,8,27,0,1,0,0,0,75,0,163,2,0,10,0,0,0,0,0,5,0,56,26,20,133,6,4,0,1,5,0,20,179,0,10,33,2,0,0,0,85,7,0,147,11,0,0,0,0,1,1,57,19,2,157,5,8,0,1,1,0,1,155,0,5,71,16,0,0,7,0,11,2,2,30,20,178
0,144,0,106,0,0,0,0,0,0,16,18,140,35,32,5,3,1,0,0,0,84,51,11,9,89,2,2,2,0,0,111,8,69,4,0,58,0,0,0,0,2,9,2,91,51,26,50,7,12,0,4,34,0,50,51,0,45,63,3,0,0,0,107,25,1,80,34,0,3,0,0,1,2,81,44,25,55,12,30,0,4,15,0,7,53,0,23,128,20,0,0,7,0,23,10,22,61,87,40
250,0,0,0,0,0,0,0,0,0,1,227,16,0,5,1,0,0,0,0,0,27,179,3,7,33,0,1,0,0,0,67,1,173,0,0,9,0,0,0,0,1,6,0,50,17,16,155,3,2,0,0,5,0,13,193,0,9,30,0,0,0,0,71,10,0,158,11,0,0,0,0,0,0,55,9,1,180,1,4,0,1,0,0,0,150,0,6,86,7,0,0,4,0,12,1,3,18,19,193
0,156,0,94,0,0,0,0,0,0,12,22,144,29,40,1,1,1,0,0,0,87,57,3,9,92,0,1,1,0,0,116,0,66,3,0,65,0,0,0,0,0,5,0,119,33,33,48,7,5,0,2,36,0,47,43,0,33,87,2,0,0,0,111,31,0,80,28,0,0,0,1,2,1,108,24,26,54,4,30,0,2,16,0,2,76,0,14,120,20,0,0,6,0,21,2,15,79,90,37
250,0,0,0,0,0,0,0,0,0,0,232,13,1,3,1,0,0,0,0,0,29,183,0,1,37,0,0,0,0,0,53,1,180,1,0,15,0,0,0,0,0,5,0,57,19,12,150,2,5,0,0,5,0,13,198,0,10,24,0,0,0,0,73,7,0,168,2,0,0,0,0,1,0,56,13,1,169,3,7,0,0,0,0,0,177,0,1,67,5,0,0,6,0,6,1,0,17,13,207
0,154,0,96,0,0,0,0,0,0,12,12,146,32,46,2,0,0,0,0,0,95,61,2,11,80,0,1,0,0,0,133,1,59,2,0,55,0,0,0,0,0,5,0,106,42,27,55,8,7,0,3,41,0,58,40,0,27,79,2,0,0,0,117,32,0,75,26,0,0,0,0,2,1,101,20,15,70,11,30,0,2,6,0,3,57,0,14,157,11,0,0,3,0,22,7,7,80,111,20
15,4,2,3,0,1,0,1,1,0,3,8,3,2,2,7,1,1,0,0,1,5,13,1,2,3,1,1,0,0,2,6,1,7,2,1,8,0,0,0,0,7,1,1,3,2,3,6,2,2,2,3,4,0,2,5,2,7,1,1,1,1,4,0,1,0,12,4,1,3,1,1,1,2,1,2,4,9,3,3,1,0,1,0,2,9,0,4,7,3,0,0,1,2,1,3,2,6,7,5
2,7,1,8,1,2,2,3,1,0,2,6,4,2,3,2,3,0,4,1,0,9,5,1,1,3,4,2,1,1,2,5,2,5,1,3,8,1,0,0,0,4,5,4,1,2,3,6,2,0,1,3,1,2,3,6,1,6,1,3,0,5,0,4,3,2,5,2,0,6,1,3,2,2,3,4,3,7,1,1,1,1,1,2,1,5,0,4,4,8,1,2,1,0,1,4,1,6,2,9
165,30,6,35,2,7,2,2,1,0,6,108,20,11,20,61,8,10,5,1,0,31,159,13,13,25,5,3,0,1,9,34,10,99,6,8,78,5,0,1,0,42,18,12,48,26,27,52,7,18,12,29,41,3,14,55,13,47,18,18,6,11,11,9,17,1,126,14,6,49,6,15,7,10,27,18,27,94,21,25,2,0,4,1,17,76,2,16,110,22,1,0,1,4,8,13,11,43,54,115
32,87,5,104,7,2,3,5,5,0,24,57,37,15,44,39,9,4,18,3,0,91,45,7,19,64,8,7,7,2,14,41,16,67,21,8,70,8,2,3,0,21,42,23,56,15,30,48,2,13,9,23,32,15,17,34,23,40,30,27,8,21,8,44,40,4,34,40,11,40,0,15,9,11,41,29,31,53,29,32,0,2,8,0,14,85,6,14,69,52,1,4,0,7,13,28,21,54,52,70
182,27,2,31,0,4,1,3,0,0,8,124,13,7,25,63,7,1,2,0,0,25,184,5,11,24,0,1,0,0,3,34,7,121,6,3,75,0,0,1,0,38,19,7,74,22,18,64,1,7,5,24,35,3,12,66,8,55,25,17,3,8,8,14,18,1,147,10,6,35,1,12,2,9,16,25,32,108,28,17,1,0,1,0,6,67,1,10,141,23,0,0,0,0,7,9,9,31,55,139
32,88,4,121,0,0,1,2,2,0,25,57,47,18,36,38,8,8,12,1,0,102,46,7,20,70,2,2,1,0,6,45,8,69,19,5,92,6,0,0,0,26,45,19,60,16,21,34,7,22,5,22,34,8,14,41,16,56,26,28,3,13,5,42,31,4,46,32,10,64,1,10,8,11,49,26,40,44,20,41,0,0,2,1,9,96,0,9,71,62,0,1,0,3,9,18,25,67,63,64
196,29,0,24,0,0,0,0,1,0,3,152,9,5,17,59,4,0,1,0,0,14,213,3,7,12,1,0,0,0,0,21,2,129,4,1,89,4,0,0,0,28,23,4,80,21,23,60,2,9,5,18,37,2,15,80,4,71,11,7,0,8,3,8,6,0,180,4,2,39,0,7,1,11,21,18,26,112,34,20,0,0,0,0,5,69,0,7,148,21,0,1,0,0,3,4,4,27,48,163
23,93,3,124,5,1,0,0,1,0,24,54,52,18,45,45,8,0,4,0,0,120,28,2,14,85,0,1,0,0,3,49,12,78,11,3,89,5,0,0,0,21,30,10,61,20,30,66,4,8,2,21,44,2,18,54,17,46,21,25,1,9,3,42,47,0,38,47,9,54,0,8,3,4,57,29,27,65,19,38,0,0,1,0,8,119,1,12,71,38,0,0,0,1,5,16,21,87,62,58
209,18,0,22,0,1,0,0,0,0,0,168,11,3,15,49,2,1,1,0,0,5,233,0,2,9,0,1,0,0,0,20,3,140,2,1,84,0,0,0,0,24,22,8,90,11,24,65,0,6,0,24,34,1,16,87,5,68,12,3,0,9,1,2,6,0,192,8,0,32,0,8,1,6,26,17,32,122,19,19,0,0,0,0,5,69,0,1,161,14,0,0,0,0,2,7,3,21,32,185
27,97,3,122,1,0,0,0,0,0,20,50,41,15,54,56,8,0,6,0,0,135,15,1,16,82,0,1,0,0,4,46,4,66,17,1,109,3,0,0,0,16,40,9,71,21,26,58,2,7,1,13,59,4,23,58,17,45,18,12,0,6,1,50,36,0,35,45,4,73,1,8,5,4,63,26,30,58,22,33,0,0,2,0,5,119,0,7,74,43,0,0,0,0,2,16,12,100,77,43
210,19,0,21,0,0,0,0,0,0,1,170,3,0,15,59,1,0,1,0,0,0,244,1,1,4,0,0,0,0,0,22,4,138,1,0,85,0,0,0,0,20,19,4,102,14,21,64,0,6,0,23,46,1,13,88,3,64,6,6,0,1,0,5,8,0,211,2,0,23,0,1,0,3,24,19,21,159,11,12,0,0,0,0,3,76,0,1,166,4,0,0,0,0,1,0,0,19,48,182
26,88,1,134,1,0,0,0,0,0,11,55,46,11,68,51,6,0,2,0,0,102,5,1,24,118,0,0,0,0,1,40,5,82,9,2,105,6,0,0,0,15,31,10,77,14,23,68,1,11,0,21,55,2,23,66,8,42,14,19,0,12,0,63,43,1,30,27,2,72,0,2,0,3,71,35,39,44,23,33,0,0,0,0,4,130,0,8,73,35,0,0,0,0,2,6,9,89,89,55
233,11,0,6,0,0,0,0,0,0,0,181,6,1,13,49,0,0,0,0,0,2,243,0,2,3,0,0,0,0,0,15,3,149,2,0,81,0,0,0,0,20,15,4,116,9,24,57,0,5,0,15,33,2,14,101,2,74,7,2,0,0,3,1,6,0,220,2,1,17,0,5,0,1,22,18,22,163,12,7,0,0,0,0,1,59,0,2,183,5,0,0,0,0,0,1,1,16,42,190
8,87,0,153,1,0,0,0,1,0,18,55,45,19,62,44,5,0,2,0,0,126,6,0,13,105,0,0,0,0,0,46,5,83,3,1,111,1,0,0,0,17,27,12,68,17,31,69,0,9,0,7,51,0,26,61,21,58,16,10,0,7,0,61,53,0,20,33,0,76,0,3,0,4,84,33,30,43,9,44,0,0,0,0,3,153,0,1,59,34,0,0,0,0,2,6,7,85,93,57
230,7,0,13,0,0,0,0,0,0,0,196,3,1,9,41,0,0,0,0,0,0,248,0,1,1,0,0,0,0,0,13,1,170,1,0,65,0,0,0,0,10,14,3,140,12,15,54,0,2,0,10,33,0,12,112,1,75,5,2,0,0,0,0,2,0,229,0,0,19,0,0,0,0,17,21,20,177,7,8,0,0,0,0,0,60,0,0,188,2,0,0,0,0,2,1,1,15,39,192
14,86,0,150,0,0,0,0,0,0,11,37,51,16,69,63,2,0,1,0,0,111,2,0,6,131,0,0,0,0,0,42,0,71,6,0,131,0,0,0,0,20,47,3,62,15,26,75,1,1,0,12,48,1,27,70,7,56,21,8,0,0,1,54,54,0,17,42,0,82,0,1,0,1,85,25,35,44,24,35,0,0,0,0,2,158,0,0,60,30,0,0,0,0,0,3,2,103,95,47
238,7,0,5,0,0,0,0,0,0,0,202,2,0,9,37,0,0,0,0,0,1,249,0,0,0,0,0,0,0,0,7,0,173,1,0,69,0,0,0,0,10,14,3,151,6,15,49,0,2,0,6,26,0,13,120,0,75,9,1,0,0,0,0,3,0,239,0,0,8,0,0,0,1,17,9,13,203,5,2,0,0,0,0,0,56,0,0,191,3,0,0,0,0,0,0,0,9,29,212
12,88,0,150,0,0,0,0,0,0,7,40,39,10,80,72,2,0,0,0,0,118,1,0,8,123,0,0,0,0,0,42,0,69,1,0,138,0,0,0,0,11,43,2,69,10,19,92,0,4,1,6,52,0,25,58,6,63,20,19,0,1,0,55,66,0,8,43,0,77,0,0,0,1,91,25,38,33,16,46,0,0,0,0,1,161,0,0,57,31,0,0,0,0,0,1,8,114,94,33
244,4,0,2,0,0,0,0,0,0,0,201,0,0,9,40,0,0,0,0,0,0,250,0,0,0,0,0,0,0,0,10,0,159,0,0,81,0,0,0,0,14,12,1,139,7,11,65,0,1,0,7,30,0,8,126,1,73,5,0,0,0,0,0,1,0,238,0,0,11,0,0,0,0,17,5,12,201,8,7,0,0,0,0,0,46,0,0,204,0,0,0,0,0,0,0,0,12,21,217
5,77,0,168,0,0,0,0,0,0,3,40,40,11,72,84,0,0,0,0,0,111,0,0,9,130,0,0,0,0,0,28,0,84,1,0,137,0,0,0,0,12,27,3,87,12,24,83,0,2,0,8,50,1,21,75,9,57,22,7,0,1,0,52,69,0,9,36,0,83,0,1,0,0,98,25,36,34,14,42,0,0,0,0,1,182,0,0,45,22,0,0,0,0,0,0,3,110,107,30
15,3,0,3,2,0,1,2,0,1,2,12,3,5,1,3,1,0,0,0,0,5,7,3,1,8,0,2,0,1,5,2,2,4,1,1,8,3,1,0,1,6,5,3,4,2,0,4,1,1,0,2,6,1,2,8,0,2,6,0,0,3,2,3,2,2,5,6,0,4,1,1,3,3,4,2,5,5,2,1,1,1,1,0,4,5,2,4,7,2,1,1,0,0,4,2,2,7,6,4
3,6,0,11,0,2,2,2,1,0,1,9,7,6,1,1,1,1,0,0,0,4,4,2,3,4,4,1,5,0,0,4,2,10,4,2,1,2,0,2,1,3,3,3,5,2,3,1,2,4,0,5,0,1,2,7,3,1,6,2,0,5,4,0,0,2,3,7,2,4,0,2,0,3,4,1,1,9,2,5,0,1,1,2,2,5,0,9,2,5,0,0,4,1,0,3,1,10,3,5
185,22,0,23,4,1,10,4,0,1,5,148,30,36,10,12,7,2,0,0,1,36,89,29,22,43,3,15,12,0,30,30,12,66,8,4,81,7,4,8,6,51,28,19,69,10,18,26,8,15,0,20,60,2,18,90,3,12,31,14,0,18,21,19,6,14,72,61,2,37,1,1,21,13,55,16,27,89,9,18,3,8,2,7,17,33,0,57,105,18,0,3,10,3,16,8,31,58,55,66
23,53,2,146,9,0,10,3,1,3,19,58,51,61,22,30,5,3,0,1,1,33,46,18,58,46,9,16,22,1,16,33,14,101,14,4,40,14,8,6,7,29,31,36,44,15,22,39,11,16,1,29,32,6,21,78,5,16,53,9,0,28,26,20,23,18,47,31,8,49,0,13,7,20,65,17,19,63,10,36,3,6,5,4,29,73,4,54,32,40,1,6,7,6,15,14,11,79,40,71
195,14,0,30,5,0,3,2,0,1,1,178,36,18,5,9,2,1,0,0,0,24,121,21,29,37,1,13,4,0,15,26,7,116,4,2,69,6,1,4,1,51,29,14,85,5,18,20,6,21,0,16,61,1,9,133,0,4,21,5,0,25,17,16,9,4,89,52,1,37,0,1,14,12,73,14,19,102,4,11,0,4,3,2,15,38,0,75,99,14,0,2,7,2,7,10,22,74,67,59
30,43,0,162,4,0,6,4,0,1,20,46,65,62,26,21,7,2,0,1,0,33,37,17,64,62,10,11,15,1,23,42,7,85,8,4,58,12,4,7,0,26,33,33,56,22,35,29,5,11,1,26,49,2,20,62,1,18,67,4,0,31,17,34,14,11,58,36,4,45,1,3,9,19,81,20,20,57,12,28,0,3,2,2,21,73,4,57,45,43,0,4,8,6,9,6,22,76,48,71
222,8,0,17,0,0,3,0,0,0,0,205,29,10,0,6,0,0,0,0,0,21,109,16,48,33,1,11,11,0,12,16,4,146,5,0,63,3,0,1,1,43,19,20,100,5,26,24,5,7,0,9,50,0,6,172,0,0,10,3,0,25,11,12,3,4,91,63,2,39,0,1,7,5,86,7,28,105,2,9,0,0,0,1,17,36,0,61,127,8,0,1,4,0,8,7,16,75,53,86
14,33,0,195,3,0,5,0,0,0,13,31,78,68,34,22,4,0,0,0,0,35,40,18,68,70,1,11,7,0,18,36,7,73,13,2,90,7,1,3,0,22,36,31,48,24,35,40,4,10,0,19,45,0,25,52,1,18,85,5,0,16,19,15,25,19,44,43,4,65,0,1,12,10,79,18,21,77,9,23,0,2,1,1,16,94,0,63,37,36,0,0,2,1,10,13,15,103,47,59
219,6,0,22,0,0,2,0,0,1,0,228,7,9,0,5,1,0,0,0,0,12,105,18,49,46,0,14,6,0,4,11,2,170,1,1,60,1,0,0,0,42,12,10,118,7,25,25,2,9,0,11,41,0,4,180,0,4,9,1,0,20,12,8,11,2,124,51,0,22,0,0,9,3,88,5,25,116,2,2,0,0,0,0,7,26,0,62,147,8,0,0,0,0,7,1,7,91,65,79
22,25,0,200,0,0,3,0,0,0,9,15,101,76,36,10,3,0,0,0,0,29,47,12,72,60,3,13,14,0,13,44,5,71,8,2,99,6,0,2,0,30,33,32,54,8,28,49,4,12,0,13,48,0,21,50,0,12,99,7,0,20,13,34,27,10,50,41,2,53,0,1,6,14,94,15,20,70,4,26,0,0,2,0,15,85,1,77,40,30,0,0,0,0,11,8,16,98,47,70
237,2,0,11,0,0,0,0,0,0,0,238,5,5,0,2,0,0,0,0,0,11,116,13,61,36,0,8,5,0,1,11,0,178,1,0,59,0,0,0,0,31,14,17,132,0,27,25,0,4,0,6,42,0,5,192,0,1,3,1,0,16,9,2,4,1,134,61,0,23,0,0,2,4,102,1,9,120,4,8,0,0,0,0,5,21,0,63,157,4,0,0,0,0,2,1,9,103,63,72
8,25,0,215,0,0,2,0,0,0,9,12,123,61,30,13,2,0,0,0,0,27,49,10,74,64,3,16,7,0,13,47,3,64,8,0,112,3,0,0,0,36,30,24,49,20,25,51,1,14,0,11,80,0,22,47,0,8,81,1,0,10,5,21,22,8,44,59,2,79,0,1,8,7,88,7,26,86,5,22,0,0,0,1,14,99,0,63,45,28,0,0,2,0,7,8,9,89,48,87
245,0,0,5,0,0,0,0,0,0,0,242,7,1,0,0,0,0,0,0,0,15,121,11,64,32,1,2,4,0,2,4,3,185,1,0,54,1,0,0,0,43,8,12,139,1,17,25,1,4,0,2,43,0,2,202,0,1,0,0,0,13,10,4,4,2,129,71,0,17,0,0,1,0,81,1,11,152,0,4,0,0,0,0,8,25,0,57,155,5,0,0,0,0,1,0,5,103,69,72
4,19,0,227,0,0,0,0,0,0,2,8,141,64,23,12,0,0,0,0,0,32,54,18,63,70,0,8,5,0,11,51,3,59,8,0,117,1,0,0,0,27,40,29,54,11,40,42,1,6,0,12,74,0,17,40,0,5,98,4,0,23,10,22,26,8,44,45,0,72,0,0,9,4,113,4,23,73,3,21,0,0,0,0,10,90,0,73,46,31,0,0,0,0,3,4,7,94,53,89
246,0,0,4,0,0,0,0,0,0,0,239,8,2,0,1,0,0,0,0,0,8,143,10,58,28,0,3,0,0,3,2,0,203,1,0,41,0,0,0,0,32,12,10,145,2,25,23,0,1,0,1,42,0,0,204,0,0,3,0,0,11,10,6,2,0,145,56,0,20,0,0,0,1,97,2,7,142,0,1,0,0,0,0,0,19,0,64,163,4,0,0,0,0,0,0,5,108,62,75
4,14,0,232,0,0,0,0,0,0,2,11,128,69,37,3,0,0,0,0,0,20,54,9,78,71,0,12,6,0,13,52,0,46,1,0,138,0,0,0,0,26,33,27,63,11,30,55,0,5,0,9,68,0,9,40,0,8,112,4,0,12,8,14,20,4,50,69,0,73,0,0,3,1,115,4,16,90,2,19,0,0,0,0,13,100,0,74,44,19,0,0,0,0,4,2,10,83,50,101
250,0,0,0,0,0,0,0,0,0,0,250,0,0,0,0,0,0,0,0,0,11,139,2,65,30,0,3,0,0,0,2,0,208,0,0,40,0,0,0,0,32,7,10,154,0,21,25,0,1,0,2,22,0,0,225,0,0,1,0,0,10,5,3,1,0,156,61,0,14,0,0,0,0,100,0,8,141,0,1,0,0,0,0,1,19,0,51,179,0,0,0,0,0,0,0,0,105,46,99
0,11,0,239,0,0,0,0,0,0,1,0,145,71,31,2,0,0,0,0,0,15,44,10,79,94,0,5,3,0,7,43,1,42,4,0,152,1,0,0,0,38,34,21,46,9,36,63,0,3,0,5,77,0,13,23,0,2,127,3,0,7,6,21,18,2,48,76,0,72,0,0,3,5,118,3,21,85,0,15,0,0,0,0,9,101,0,81,39,20,0,0,0,0,3,0,13,98,50,86
248,0,0,2,0,0,0,0,0,0,0,250,0,0,0,0,0,0,0,0,0,7,142,2,72,25,0,1,1,0,0,0,0,210,0,0,40,0,0,0,0,32,5,8,165,1,21,18,0,0,0,2,35,0,0,213,0,0,0,0,0,4,4,1,1,0,161,67,0,12,0,0,0,0,104,0,4,141,0,1,0,0,0,0,0,17,0,42,191,0,0,0,0,0,0,0,2,113,52,83
2,7,0,241,0,0,0,0,0,0,0,0,161,68,20,1,0,0,0,0,0,30,52,12,77,72,1,1,5,0,3,41,2,39,5,0,160,0,0,0,0,36,39,24,47,7,35,57,0,5,0,6,78,0,14,34,0,0,117,1,0,10,4,16,17,6,50,74,0,73,0,0,1,1,125,1,12,97,0,13,0,0,0,0,6,105,0,90,37,12,0,0,0,0,1,0,6,96,41,106
19,5,0,3,0,0,0,0,0,0,6,5,5,8,0,1,1,0,1,0,1,5,10,0,6,4,0,0,1,0,4,1,2,8,2,1,2,5,0,2,1,1,1,2,3,5,5,4,3,2,0,1,6,1,1,8,1,3,4,2,2,2,1,7,2,1,8,1,1,2,1,1,1,4,2,3,0,10,1,4,1,0,1,0,7,3,0,1,10,4,1,0,1,0,1,2,7,3,4,8
5,9,1,10,0,1,1,0,0,0,2,10,3,2,3,3,2,0,1,1,2,1,6,2,1,8,0,4,3,0,3,5,0,5,3,0,2,4,1,4,1,1,1,5,3,1,4,5,2,4,1,2,2,2,4,6,1,4,3,2,0,3,2,2,5,1,7,2,1,4,0,0,6,0,3,4,1,7,1,5,1,1,0,1,1,8,1,2,6,6,1,0,1,4,1,2,1,6,3,8
232,11,0,7,0,0,0,0,0,0,29,91,31,68,7,7,4,1,11,1,0,44,114,4,33,43,1,7,4,0,40,23,4,89,25,3,27,22,6,11,2,6,8,24,38,41,46,54,10,21,1,9,42,4,26,86,5,12,47,18,3,20,6,52,17,3,102,23,1,23,1,1,14,15,28,26,12,106,10,37,4,3,3,6,39,42,1,8,99,45,1,2,1,5,19,2,56,24,30,110
15,101,0,129,2,1,2,0,0,0,33,71,33,50,21,14,17,3,7,1,4,41,69,6,37,61,6,15,8,3,35,37,6,59,40,5,34,24,1,9,5,16,19,29,28,17,28,58,25,25,0,15,34,3,35,64,3,26,51,19,4,12,9,63,48,5,52,36,4,17,1,2,13,12,69,12,16,61,21,43,4,8,5,1,34,67,3,19,51,58,0,4,3,11,19,4,26,67,48,68
246,3,0,1,0,0,0,0,0,0,15,107,31,82,4,3,2,0,6,0,0,34,144,0,39,28,0,4,1,0,24,18,0,117,34,2,26,16,8,5,1,4,2,25,41,37,51,66,7,16,0,7,48,3,25,97,1,12,52,5,0,9,4,56,13,1,145,13,0,9,0,0,12,3,36,23,10,128,8,30,2,0,1,0,43,62,1,2,109,30,0,1,0,1,12,0,37,23,27,149
4,104,0,140,0,1,1,0,0,0,24,84,29,60,21,11,17,1,3,0,4,46,54,4,31,85,1,18,6,1,32,27,6,51,55,0,45,32,0,2,2,8,19,30,41,19,33,53,20,25,0,9,17,1,46,73,4,35,40,25,2,13,4,82,40,0,52,31,3,23,0,0,10,11,69,29,16,64,13,38,1,5,4,1,33,80,0,10,55,61,0,1,1,5,28,4,38,73,53,47
249,1,0,0,0,0,0,0,0,0,16,137,27,65,5,0,0,0,0,0,0,29,156,0,35,27,0,2,1,0,22,16,1,148,28,1,21,12,0,1,1,2,10,23,51,26,44,77,4,12,0,4,34,2,27,110,1,6,57,9,0,3,3,58,26,0,131,18,0,11,0,0,6,5,40,22,11,144,3,19,1,0,0,0,39,65,0,2,106,37,0,0,0,3,7,0,41,15,19,165
1,105,0,144,0,0,0,0,0,0,29,70,35,80,19,8,8,0,1,0,0,60,48,2,34,94,0,7,5,0,35,28,3,52,73,1,43,14,0,1,2,4,13,15,45,20,42,73,17,19,0,4,28,0,33,78,3,28,59,17,1,8,0,74,46,1,72,26,0,22,0,1,5,7,90,13,12,68,13,41,0,5,2,4,34,78,0,16,61,50,0,1,0,5,11,1,47,66,63,56
250,0,0,0,0,0,0,0,0,0,12,140,18,75,3,0,0,0,2,0,0,19,188,0,19,23,0,1,0,0,10,9,0,168,33,0,21,9,0,0,0,3,2,13,44,30,48,88,10,12,0,2,29,0,24,139,0,5,44,7,0,2,2,63,19,0,141,17,1,5,0,0,0,4,33,13,5,184,1,10,0,1,0,0,32,64,0,1,122,30,0,0,0,1,4,1,37,19,14,174
0,104,0,146,0,0,0,0,0,0,25,82,36,81,14,8,3,0,1,0,1,46,37,1,37,121,0,3,4,0,38,27,2,46,85,1,39,11,1,0,0,2,8,21,59,20,33,67,10,30,0,4,28,0,54,62,0,26,63,13,0,12,1,84,37,0,58,39,0,19,0,0,0,0,100,16,19,55,9,51,0,1,2,1,26,103,0,3,61,53,0,0,0,2,14,0,38,88,57,51
250,0,0,0,0,0,0,0,0,0,5,153,13,72,4,3,0,0,0,0,0,22,186,0,20,22,0,0,0,0,14,8,0,182,22,0,11,12,0,1,0,1,3,18,58,29,42,87,5,7,0,1,32,0,18,157,0,2,36,4,0,0,2,69,16,0,154,7,0,2,0,0,1,0,31,7,2,200,0,9,0,0,0,0,31,62,0,0,121,36,0,0,0,0,3,0,26,17,7,197
0,103,0,147,0,0,0,0,0,0,30,78,40,91,7,1,2,0,1,0,0,53,44,1,43,104,0,4,1,0,40,28,2,27,92,0,44,15,0,2,0,1,7,17,48,17,43,83,10,24,0,6,32,0,45,56,2,26,73,10,0,7,0,100,30,0,69,29,0,15,0,0,2,0,110,17,20,43,7,51,0,0,0,0,27,91,0,8,68,56,0,0,0,6,13,0,40,97,58,36
250,0,0,0,0,0,0,0,0,0,6,154,8,81,1,0,0,0,0,0,0,20,200,0,16,14,0,0,0,0,10,3,0,194,30,0,9,4,0,0,0,0,6,6,48,29,45,111,0,5,0,0,30,0,16,167,0,3,30,4,0,0,0,59,13,0,169,6,0,3,0,0,1,0,30,2,3,203,0,11,0,0,0,0,24,68,0,3,135,20,0,0,0,0,3,0,21,14,11,201
0,103,0,147,0,0,0,0,0,0,15,84,41,100,6,1,2,0,1,0,0,49,38,1,39,119,0,4,0,0,33,36,0,30,111,0,33,7,0,0,0,0,8,16,68,17,33,86,6,16,0,2,30,0,52,50,0,35,79,2,0,0,0,96,37,0,67,30,0,20,0,0,0,0,129,13,7,45,0,56,0,0,0,0,24,105,0,2,65,54,0,0,0,0,9,0,41,106,63,31
250,0,0,0,0,0,0,0,0,0,0,180,8,59,3,0,0,0,0,0,0,9,216,0,11,14,0,0,0,0,6,1,0,202,29,0,7,5,0,0,0,0,0,9,50,30,39,113,3,6,0,0,14,0,11,183,0,4,37,1,0,1,0,59,12,0,170,7,0,1,0,0,0,1,27,2,0,216,0,4,0,0,0,0,22,71,0,0,129,28,0,0,0,0,3,0,18,12,9,208
0,102,0,148,0,0,0,0,0,0,15,56,44,122,10,3,0,0,0,0,0,66,31,0,38,114,0,1,0,0,36,20,0,34,116,0,32,12,0,0,0,1,2,22,69,30,47,57,7,15,0,0,39,0,43,48,1,29,83,7,0,2,0,116,39,0,66,21,0,6,0,0,1,0,143,12,13,31,1,49,0,0,0,0,30,90,0,1,59,70,0,0,0,0,4,0,43,106,70,27
250,0,0,0,0,0,0,0,0,0,1,184,8,57,0,0,0,0,0,0,0,11,214,0,14,11,0,0,0,0,2,3,0,213,24,0,5,3,0,0,0,0,1,10,48,20,39,129,0,3,0,0,14,0,10,201,0,2,22,1,0,0,0,60,5,0,183,0,0,2,0,0,0,0,21,2,0,223,0,4,0,0,0,0,22,73,0,0,137,18,0,0,0,0,2,0,20,10,6,212
0,91,0,159,0,0,0,0,0,0,15,64,44,124,3,0,0,0,0,0,0,57,30,0,43,120,0,0,0,0,26,25,0,26,128,0,37,8,0,0,0,0,3,14,71,16,47,74,4,21,0,0,36,0,51,37,0,21,104,1,0,0,1,118,36,0,58,30,0,7,0,0,0,0,149,16,7,25,4,49,0,0,0,0,30,108,0,2,62,48,0,0,0,1,5,0,51,111,56,26
250,0,0,0,0,0,0,0,0,0,0,198,4,47,0,1,0,0,0,0,0,7,230,0,11,2,0,0,0,0,0,0,0,226,19,0,4,1,0,0,0,0,0,6,52,20,43,128,0,1,0,0,17,0,9,211,0,0,13,0,0,0,0,50,5,0,192,2,0,1,0,0,0,0,19,0,0,229,0,2,0,0,0,0,17,84,0,0,130,19,0,0,0,0,0,0,15,7,6,222
0,101,0,149,0,0,0,0,0,0,16,51,31,148,4,0,0,0,0,0,0,57,18,0,37,138,0,0,0,0,26,27,0,17,150,0,27,3,0,0,0,1,2,14,83,17,45,74,5,9,0,0,33,0,53,28,0,30,104,2,0,0,0,136,33,0,49,24,0,8,0,0,0,0,161,7,4,21,2,55,0,0,0,0,32,92,0,1,77,48,0,0,0,0,3,0,43,124,57,23
18,2,0,4,1,0,1,1,0,0,5,8,2,6,0,2,2,2,0,0,0,7,9,1,1,4,2,1,1,1,4,3,1,8,2,1,4,3,0,1,0,2,6,1,2,8,2,2,2,2,0,2,4,0,2,7,0,2,7,3,0,4,1,4,1,4,8,1,2,2,1,2,2,2,4,3,3,5,3,2,0,1,1,2,1,4,3,4,9,2,1,0,2,1,1,2,1,7,6,6
2,4,3,10,0,2,3,0,2,1,3,8,2,5,3,1,5,0,0,0,2,8,4,1,3,4,2,0,1,2,0,6,1,6,3,1,8,1,0,1,1,5,2,2,3,4,3,3,4,0,0,2,1,0,4,9,3,5,0,3,3,2,1,8,1,1,3,4,2,2,2,1,1,1,5,3,2,7,3,2,0,1,3,0,3,2,2,3,2,11,2,2,0,0,4,4,2,4,4,5
198,10,2,31,0,1,2,4,1,1,36,86,20,70,3,12,20,2,1,0,0,53,127,6,2,24,9,5,12,12,18,14,3,120,18,0,60,14,0,3,0,27,47,12,9,52,47,26,12,18,2,10,22,0,20,93,3,17,61,22,3,19,14,36,11,14,104,9,5,35,2,12,11,7,35,20,33,59,25,46,0,4,9,9,22,26,11,28,113,28,1,1,3,1,12,22,12,36,59,103
21,68,9,130,2,6,8,1,3,2,35,53,23,61,18,21,27,7,5,0,2,76,55,11,23,44,14,8,10,7,15,34,6,60,25,1,74,19,0,16,1,26,33,18,40,31,38,33,14,16,3,14,13,1,22,85,3,38,47,24,5,18,7,61,20,9,48,44,9,29,3,6,10,20,44,23,21,65,27,31,0,3,9,6,24,41,8,42,40,77,1,2,3,1,13,29,23,50,67,61
211,9,2,26,2,0,0,0,0,0,33,94,12,72,4,7,26,2,0,0,1,51,155,1,2,16,8,1,8,7,13,8,2,145,7,0,65,10,0,0,0,21,49,13,28,41,47,28,6,17,0,14,15,0,13,136,1,13,45,13,1,14,7,29,8,13,135,8,1,34,0,10,7,3,38,21,20,84,26,41,0,1,1,2,18,22,3,38,149,16,0,1,0,0,12,24,14,39,58,102
25,65,0,150,1,3,6,0,0,0,38,59,33,67,17,10,22,2,2,0,2,88,53,9,16,57,11,4,5,5,13,38,2,68,27,0,88,10,0,4,0,15,31,24,50,35,46,25,10,14,0,6,30,1,31,78,2,36,57,9,0,19,8,72,27,7,35,44,6,32,2,5,11,3,46,23,30,67,26,37,0,1,4,3,28,48,4,40,36,86,1,1,2,1,4,18,24,65,59,75
229,3,0,18,0,0,0,0,0,0,27,109,8,88,1,1,16,0,0,0,0,45,159,4,7,16,8,0,5,6,2,3,1,160,16,0,62,6,0,0,0,19,46,6,33,40,61,31,8,6,0,1,6,0,11,159,0,4,53,16,1,11,3,33,12,10,143,12,1,24,0,6,5,4,41,22,17,98,16,41,0,0,1,0,18,23,3,29,158,18,0,0,0,0,1,14,5,42,45,143
14,58,0,174,0,0,3,0,0,1,55,67,21,64,4,11,25,3,0,0,0,83,57,3,20,65,9,0,7,6,11,28,2,63,13,0,118,12,0,3,0,22,36,21,58,31,27,36,5,14,0,9,27,0,33,63,1,35,64,18,2,10,6,69,30,6,44,49,2,32,1,4,12,4,64,16,26,68,24,31,0,0,4,1,17,56,4,50,33,85,1,0,1,0,4,16,22,69,82,55
236,0,0,14,0,0,0,0,0,0,19,132,1,88,0,4,5,0,1,0,0,20,208,0,1,15,2,0,2,2,2,1,0,159,5,0,80,3,0,0,0,20,53,5,36,50,48,25,2,11,0,3,3,0,9,178,0,0,51,6,0,10,1,33,11,3,159,10,0,23,0,1,1,0,39,16,13,109,18,53,0,0,1,0,13,12,0,30,180,14,0,0,0,0,1,5,6,36,54,148
11,65,0,171,1,0,2,0,0,0,49,60,26,69,10,12,24,0,0,0,1,113,32,3,13,77,4,1,2,4,11,22,0,74,20,0,116,6,0,1,0,18,47,13,71,31,27,28,8,7,0,5,27,0,34,61,1,32,82,8,0,13,5,92,19,7,44,39,2,29,0,0,5,1,48,22,30,81,21,42,0,0,3,1,20,63,0,51,28,84,0,1,0,0,3,10,14,70,78,74
242,0,0,8,0,0,0,0,0,0,20,128,2,97,0,0,3,0,0,0,0,22,215,0,0,6,4,0,1,2,0,2,0,168,4,0,74,2,0,0,0,12,36,7,51,58,54,24,0,8,0,1,2,0,7,182,0,3,53,2,0,5,2,27,14,5,169,7,0,21,0,0,1,1,53,16,13,108,12,46,0,0,0,0,14,17,0,38,173,8,0,0,0,0,3,10,3,38,45,151
7,51,0,192,0,0,0,0,0,0,43,64,21,64,6,13,38,1,0,0,0,129,25,1,16,72,2,0,5,0,6,23,0,71,25,0,118,6,0,1,0,20,48,10,63,26,26,38,6,13,0,4,26,0,31,58,0,34,85,12,0,11,6,87,25,4,38,53,0,26,0,1,6,0,53,15,24,91,22,38,0,0,1,0,28,51,4,49,29,88,0,0,0,0,3,15,12,71,97,52
242,0,0,8,0,0,0,0,0,0,20,136,1,89,0,0,4,0,0,0,0,20,220,0,3,4,0,0,1,2,0,0,0,164,5,0,81,0,0,0,0,12,44,0,62,42,62,26,1,1,0,0,2,0,3,199,0,0,44,2,0,2,2,26,6,1,192,4,0,17,0,0,0,0,38,10,14,142,6,40,0,0,0,0,13,13,0,29,191,4,0,0,0,0,0,7,1,40,42,160
6,44,0,200,0,0,0,0,0,0,44,62,14,94,6,1,29,0,0,0,0,141,27,0,12,64,1,0,4,1,2,13,0,69,8,0,147,11,0,0,0,15,31,11,80,29,29,45,2,8,0,3,8,0,33,40,0,43,109,14,0,9,1,100,32,4,29,42,0,33,0,0,3,2,88,16,15,71,13,42,0,0,0,0,9,64,1,67,22,87,0,0,0,0,3,10,5,72,94,66
247,0,0,3,0,0,0,0,0,0,9,160,0,80,0,0,1,0,0,0,0,19,227,0,1,2,1,0,0,0,0,1,0,170,1,0,78,0,0,0,0,10,31,3,64,38,73,28,2,1,0,0,0,0,1,204,0,1,42,2,0,1,0,17,11,2,202,4,0,13,0,0,1,0,27,14,13,156,5,34,0,0,0,0,3,7,0,20,212,8,0,0,0,0,1,3,1,35,35,175
3,39,0,208,0,0,0,0,0,0,60,55,15,93,3,7,17,0,0,0,0,133,22,0,10,80,5,0,0,0,5,14,0,70,17,0,139,5,0,0,0,14,32,15,86,24,34,35,4,6,0,3,17,0,36,41,0,35,112,6,0,9,1,108,27,2,31,41,0,31,0,0,3,1,84,20,21,58,14,49,0,0,0,0,13,63,0,68,20,86,0,0,0,0,3,9,7,69,110,52
248,0,0,2,0,0,0,0,0,0,13,141,0,96,0,0,0,0,0,0,0,10,235,0,1,2,2,0,0,0,0,0,0,178,2,0,70,0,0,0,0,6,46,1,67,39,55,31,1,4,0,0,0,0,1,220,0,0,28,1,0,3,2,10,6,1,206,5,0,17,0,0,0,0,36,9,6,171,2,26,0,0,0,0,7,13,0,26,199,5,0,0,0,0,0,4,1,27,30,188
2,23,0,225,0,0,0,0,0,0,43,86,12,95,1,1,12,0,0,0,0,150,14,0,5,78,2,0,1,0,1,10,0,65,17,0,154,3,0,0,0,7,25,8,105,26,31,44,0,4,0,3,16,0,36,30,0,32,130,3,0,4,1,104,35,1,25,45,0,35,0,0,0,0,114,14,17,65,5,35,0,0,0,0,8,70,1,61,32,78,0,0,0,0,0,11,6,72,121,40
250,0,0,0,0,0,0,0,0,0,14,161,0,74,0,0,1,0,0,0,0,10,238,0,0,1,1,0,0,0,0,0,0,161,1,0,88,0,0,0,0,9,37,1,82,39,49,29,0,4,0,0,0,0,0,220,0,0,30,0,0,3,0,18,7,2,213,2,0,5,0,0,0,0,25,3,8,184,0,30,0,0,0,0,4,7,0,24,214,1,0,0,0,0,0,3,0,22,29,196
0,21,0,229,0,0,0,0,0,0,40,76,14,112,1,1,6,0,0,0,0,153,11,1,9,75,0,0,1,0,1,7,0,89,11,0,142,0,0,0,0,4,40,5,100,26,37,35,0,3,0,2,19,0,35,30,0,33,130,1,0,3,1,129,27,1,23,30,0,36,0,0,1,0,104,18,22,52,3,50,0,0,0,0,9,58,0,74,20,89,0,0,0,0,0,7,0,82,116,45
12,6,2,4,2,0,0,0,0,1,5,5,5,3,2,1,2,1,3,0,0,7,9,0,3,3,0,2,3,0,5,3,2,9,4,1,1,0,0,2,0,3,2,3,4,4,3,2,2,4,0,2,8,1,3,8,1,3,1,0,2,2,2,5,5,1,4,2,0,4,0,1,3,5,4,3,2,3,1,5,0,1,3,1,1,5,0,2,7,7,0,2,1,0,4,5,1,5,6,3
1,8,1,9,2,1,3,0,1,1,1,5,1,7,5,2,1,1,2,2,2,2,6,0,0,8,3,5,0,1,3,5,0,5,3,1,4,4,2,0,2,4,3,1,3,1,5,4,1,3,0,5,1,2,4,7,1,3,3,1,0,3,0,2,7,1,5,3,1,5,1,2,6,3,2,1,2,4,4,2,0,0,0,1,2,4,0,4,10,6,1,0,1,2,2,5,3,3,4,6
149,38,5,42,7,2,2,0,0,5,49,91,27,21,13,10,13,11,14,1,0,60,97,3,26,34,5,8,17,0,30,28,22,108,35,2,8,4,2,11,2,40,7,16,37,34,44,33,16,21,0,12,64,3,11,102,12,27,11,8,8,19,12,54,32,1,63,38,3,20,0,9,28,23,41,12,33,37,25,42,1,5,6,0,4,49,0,27,85,73,0,3,4,3,19,58,17,51,35,60
34,79,16,91,10,1,12,3,1,3,19,52,33,69,29,12,13,11,7,5,2,43,66,13,32,49,14,12,14,5,21,48,27,49,36,11,32,17,3,6,5,24,15,27,48,33,23,36,16,23,0,19,26,10,64,57,17,32,18,7,7,18,10,44,33,3,48,27,8,52,0,19,23,17,34,22,30,54,25,26,1,4,4,2,8,41,5,33,94,58,0,6,6,7,34,35,21,42,55,44
172,29,2,43,2,1,1,0,0,0,37,112,26,32,15,11,7,6,4,0,0,62,124,0,21,23,4,6,10,0,24,27,22,117,35,3,5,7,3,7,1,35,7,17,57,35,42,32,12,12,0,9,61,0,20,130,5,20,2,3,3,13,7,59,37,1,74,37,2,17,0,4,15,18,41,12,49,48,25,38,0,0,2,0,2,62,0,23,97,64,0,2,3,2,19,50,6,39,39,90
35,77,7,114,8,1,5,1,1,1,23,59,51,57,26,12,10,3,9,0,3,47,68,4,35,71,6,3,10,3,33,44,26,39,46,8,34,14,1,5,2,25,18,31,54,33,27,38,10,12,0,11,37,5,83,46,9,25,29,5,3,25,15,48,34,5,39,29,12,40,0,5,17,17,47,21,30,60,20,33,0,4,6,0,7,57,1,32,90,53,0,4,5,1,26,44,23,58,54,35
186,25,0,39,0,0,0,0,0,0,22,131,31,27,18,6,9,1,5,0,0,48,149,0,23,19,3,4,4,0,14,22,12,154,36,4,2,2,0,4,0,36,3,13,71,37,44,25,5,16,0,3,52,1,18,146,5,23,2,0,1,15,3,77,35,0,83,24,3,9,0,4,19,11,66,6,39,42,28,35,0,0,3,0,1,46,0,16,122,62,0,2,1,2,18,56,10,48,31,82
29,80,8,124,5,0,4,0,0,0,26,55,45,59,29,10,11,6,9,0,0,57,65,0,30,75,7,3,12,1,26,46,28,32,59,6,41,10,1,1,1,25,11,19,71,28,20,52,11,12,0,14,34,2,101,44,7,24,22,2,6,24,13,48,33,0,49,37,3,37,0,6,28,8,46,14,36,57,24,31,0,4,7,0,8,64,0,17,95,55,0,0,2,2,28,47,19,44,55,53
189,25,1,33,2,0,0,0,0,0,14,158,18,33,18,3,2,1,3,0,0,45,164,1,24,12,1,1,2,0,9,20,15,159,38,0,3,0,0,6,0,34,2,11,84,39,38,31,6,5,0,6,45,0,26,155,3,13,1,1,0,11,3,74,24,0,95,26,3,14,0,1,13,12,75,9,46,48,14,32,0,0,0,0,0,42,0,12,128,68,0,0,0,0,11,46,6,63,32,92
33,84,5,121,1,2,4,0,0,0,28,56,43,73,33,8,5,2,2,0,0,73,57,2,21,87,3,3,4,0,28,56,17,40,54,4,41,7,1,2,0,23,10,21,84,31,32,37,6,6,0,10,48,2,100,51,5,20,14,0,1,21,7,63,33,0,48,33,1,43,0,3,23,10,49,16,40,61,16,32,0,0,0,0,4,58,0,27,92,69,0,0,0,1,23,50,16,52,51,57
195,24,0,30,1,0,0,0,0,0,19,164,15,33,17,0,1,0,1,0,0,47,174,0,15,12,0,0,2,0,5,13,9,187,33,1,1,0,0,1,0,25,0,7,94,38,43,28,7,8,0,5,48,0,19,165,3,9,1,0,0,3,7,84,28,0,83,29,0,16,0,0,12,5,68,4,57,67,8,29,0,0,1,0,0,44,0,13,141,51,0,0,0,0,7,61,3,37,27,115
37,96,3,111,1,1,1,0,0,0,27,54,56,76,25,3,5,3,1,0,0,64,60,0,20,96,0,1,9,0,30,34,23,30,66,3,59,5,0,0,0,23,5,26,76,31,29,44,10,6,0,8,51,0,106,47,4,20,14,0,3,14,6,50,45,1,65,35,0,31,0,4,13,11,43,6,41,57,24,51,0,0,0,0,1,68,0,25,85,71,0,0,0,0,28,39,16,48,77,42
211,20,0,19,0,0,0,0,0,0,8,184,7,36,10,1,2,0,2,0,0,39,186,0,13,10,0,1,1,0,3,10,6,193,38,0,0,0,0,0,0,25,0,4,102,36,32,38,7,6,0,3,46,0,21,174,0,6,0,0,0,6,3,96,23,0,90,23,1,8,0,0,12,2,94,1,43,48,17,33,0,0,0,0,0,53,0,2,158,37,0,0,0,0,7,55,2,52,12,122
24,96,0,127,3,0,0,0,0,0,28,43,65,70,37,5,0,0,2,0,0,74,53,0,27,88,3,1,4,0,29,72,20,29,61,0,36,3,0,0,0,18,6,15,84,39,21,48,9,10,0,8,55,0,103,44,2,27,11,0,1,12,4,67,43,0,71,21,4,27,0,1,15,9,48,12,44,78,19,24,0,0,1,0,1,71,0,18,80,79,0,0,0,0,21,42,9,66,67,45
214,18,0,18,0,0,0,0,0,0,3,189,9,35,9,3,1,1,0,0,0,43,185,0,15,7,0,0,0,0,1,12,5,208,22,0,0,0,0,2,0,26,0,3,112,35,44,26,2,2,0,0,37,0,17,196,0,0,0,0,0,3,3,84,21,0,106,23,1,9,0,0,10,4,84,3,50,54,18,27,0,0,0,0,0,42,0,7,171,30,0,0,0,0,7,52,2,49,25,115
25,93,0,132,0,0,0,0,0,0,17,41,67,78,38,5,3,1,0,0,0,91,52,0,23,80,2,1,1,0,22,51,13,26,92,0,45,0,0,1,0,26,4,8,82,39,26,54,6,5,0,2,50,0,146,25,1,21,5,0,0,8,4,72,40,0,66,32,1,27,0,2,10,6,42,9,58,68,22,33,0,0,0,0,1,71,0,16,68,94,0,0,0,0,20,40,12,59,67,52
221,12,0,17,0,0,0,0,0,0,9,200,10,21,8,1,1,0,0,0,0,35,203,0,6,6,0,0,0,0,0,6,3,221,19,0,1,0,0,0,0,19,0,1,142,38,23,21,6,0,0,0,35,0,13,197,3,2,0,0,0,0,1,79,26,0,121,20,0,3,0,0,6,3,69,3,52,68,14,35,0,0,0,0,0,29,0,3,194,24,0,0,0,0,10,57,1,38,16,128
24,96,1,129,0,0,0,0,0,0,19,39,71,97,21,0,1,0,2,0,0,80,43,0,18,107,0,0,2,0,21,54,13,18,104,1,39,0,0,0,0,34,5,6,79,40,22,55,6,3,0,5,45,0,145,36,0,14,5,0,0,8,2,57,43,0,69,39,0,32,0,0,11,6,53,3,51,74,16,36,0,0,0,0,0,86,0,17,53,94,0,0,1,0,15,49,9,68,53,55
223,10,0,17,0,0,0,0,0,0,4,215,6,22,3,0,0,0,0,0,0,17,226,0,3,4,0,0,0,0,0,7,8,222,13,0,0,0,0,0,0,16,1,0,143,30,27,27,5,1,0,0,24,0,10,215,0,1,0,0,0,1,0,100,19,0,108,15,0,7,0,0,2,1,112,1,49,60,11,14,0,0,0,0,0,22,0,2,205,21,0,0,0,0,2,47,0,51,14,136
17,95,0,138,0,0,0,0,0,0,25,26,53,112,31,1,1,0,1,0,0,100,22,0,24,104,0,0,0,0,18,64,9,18,100,0,41,0,0,0,0,27,1,8,83,52,22,49,5,3,0,1,68,0,143,21,0,14,3,0,0,9,4,69,43,0,80,24,0,21,0,0,20,3,36,7,53,88,13,30,0,0,0,0,0,97,0,12,44,97,0,0,1,0,16,37,4,81,61,50
19,5,2,0,1,0,0,0,0,0,5,5,7,4,1,0,2,2,1,0,0,4,7,3,6,3,0,3,1,0,2,2,1,8,3,1,6,3,0,1,1,4,2,4,7,4,0,2,0,3,1,2,2,0,1,12,0,4,4,1,3,4,1,2,2,3,6,5,0,1,0,0,2,2,4,7,3,3,2,4,2,0,2,0,2,5,1,5,9,1,1,1,1,0,0,5,1,6,3,9
4,12,0,8,3,0,0,0,0,0,2,7,2,6,2,4,1,3,0,0,2,1,3,4,7,4,2,2,2,0,3,2,2,3,4,0,8,3,1,1,2,2,2,0,9,4,5,2,0,1,3,2,4,1,3,5,2,3,3,1,1,3,2,5,3,1,1,5,2,4,0,0,4,1,7,2,3,3,3,4,2,3,0,0,2,5,0,3,5,7,1,0,3,0,1,3,1,3,8,7
220,22,5,0,3,0,0,0,0,0,17,79,45,55,6,11,14,22,0,1,0,21,113,24,43,23,17,8,1,0,2,21,3,96,11,4,98,11,0,4,4,26,15,18,94,35,16,24,6,12,6,19,24,0,4,125,3,34,32,3,14,21,10,20,30,14,71,57,2,11,0,0,11,8,28,52,30,44,32,45,7,7,12,0,11,36,4,30,107,36,0,1,3,0,2,38,7,40,49,110
17,151,3,78,1,0,0,0,0,0,12,64,36,65,25,14,14,15,3,2,3,51,49,34,34,39,30,4,5,1,18,20,12,51,18,2,75,31,1,22,9,21,29,25,55,30,14,49,12,6,9,14,37,4,25,58,6,38,42,17,5,16,24,37,26,15,45,51,3,28,0,0,19,12,47,21,13,50,38,50,2,4,12,3,23,60,5,30,51,60,1,6,8,0,13,34,10,42,76,60
240,8,1,1,0,0,0,0,0,0,16,94,43,60,10,6,10,11,0,0,0,14,134,24,37,21,14,6,0,0,3,9,2,116,9,2,103,6,0,0,3,20,12,24,112,29,19,23,4,4,3,15,16,1,5,149,2,27,32,0,10,18,11,15,18,9,95,59,0,15,0,0,10,2,44,40,14,60,29,51,4,3,2,0,4,40,0,39,118,40,0,0,0,0,1,24,6,41,50,128
8,169,1,72,0,0,0,0,0,0,17,73,35,74,17,7,19,7,0,1,0,55,56,22,35,44,28,10,0,0,16,14,4,62,18,1,97,25,0,13,4,19,27,16,57,37,23,45,9,13,3,13,44,3,23,60,4,39,51,10,7,15,13,37,46,13,45,57,1,16,0,0,9,4,48,31,18,51,39,50,0,3,12,2,17,73,6,31,55,51,0,1,3,0,6,19,7,45,98,71
244,6,0,0,0,0,0,0,0,0,4,124,32,66,6,5,4,9,0,0,0,19,164,16,39,5,6,1,0,0,0,7,1,113,5,0,120,4,0,0,1,10,3,24,138,23,24,21,6,0,1,9,11,0,3,171,0,30,23,2,3,18,8,19,20,7,102,64,0,9,0,0,8,6,38,39,20,40,34,65,1,1,5,0,4,41,0,22,146,30,0,0,2,0,0,21,0,30,42,155
6,161,0,83,0,0,0,0,0,0,12,75,44,82,21,3,10,2,0,1,1,56,47,26,44,49,20,6,1,0,5,15,3,68,13,1,96,35,0,14,0,19,19,21,65,33,19,69,2,3,1,10,57,0,12,53,3,47,62,5,3,12,13,32,39,9,53,71,0,18,0,1,8,2,38,25,23,64,40,49,0,2,5,1,12,79,0,28,59,64,0,0,0,0,1,31,10,47,104,57
248,2,0,0,0,0,0,0,0,0,1,127,37,72,4,2,3,4,0,0,0,8,177,15,39,8,2,1,0,0,0,3,1,115,1,0,127,3,0,0,1,13,2,16,162,17,14,23,2,0,0,5,14,0,0,202,0,18,11,0,2,9,8,13,17,2,130,67,0,2,0,0,4,0,35,43,14,48,24,82,0,0,1,0,9,48,0,23,145,24,0,0,1,0,0,19,0,31,34,165
1,165,1,83,0,0,0,0,0,0,9,86,49,74,15,4,10,3,0,0,0,66,39,16,53,55,18,3,0,0,3,15,1,74,20,0,100,30,0,7,1,15,18,15,59,41,17,83,0,1,1,8,53,0,19,38,0,50,75,6,0,14,5,39,55,7,51,74,0,5,0,0,8,2,33,33,33,63,36,42,0,0,3,0,15,68,0,37,57,70,0,0,1,0,1,24,5,54,108,57
247,3,0,0,0,0,0,0,0,0,1,143,34,56,5,4,4,3,0,0,0,5,203,6,23,5,8,0,0,0,0,5,0,111,0,0,134,0,0,0,0,5,3,15,181,15,9,19,1,2,0,1,8,0,0,218,0,12,11,0,0,7,6,18,18,3,122,72,0,4,0,0,4,0,23,33,13,59,36,82,0,0,1,0,4,43,0,17,162,23,0,0,0,0,0,19,0,36,26,169
3,178,0,69,0,0,0,0,0,0,8,75,68,83,13,0,3,0,0,0,0,69,27,20,79,43,11,1,0,0,2,3,0,105,9,0,107,22,0,2,0,23,12,15,52,44,13,89,0,2,0,5,46,0,14,30,0,68,81,6,1,5,8,25,46,8,68,80,0,9,0,0,5,0,48,30,27,64,30,46,0,0,1,1,9,77,0,33,60,69,0,0,0,0,1,20,5,69,101,54
250,0,0,0,0,0,0,0,0,0,2,151,35,53,5,1,1,2,0,0,0,4,214,9,16,2,5,0,0,0,0,2,1,115,0,0,131,1,0,0,0,4,0,13,205,10,6,12,0,0,0,4,8,0,1,223,0,7,7,0,0,7,4,10,10,2,132,84,0,1,0,0,2,0,28,33,10,64,29,84,0,0,1,0,7,29,0,15,174,24,0,0,0,0,0,18,0,20,29,183
0,192,0,58,0,0,0,0,0,0,7,75,51,102,10,1,2,2,0,0,0,84,24,23,69,45,4,1,0,0,1,5,0,103,9,0,112,19,0,1,0,20,5,15,31,51,14,113,1,0,1,4,60,0,15,22,0,64,83,1,0,1,7,30,54,7,66,74,0,11,0,0,3,0,42,25,17,77,30,56,0,0,3,0,9,84,0,26,51,77,0,0,0,0,0,31,1,64,107,47
250,0,0,0,0,0,0,0,0,0,0,163,28,55,2,1,0,1,0,0,0,1,228,2,18,1,0,0,0,0,0,2,0,98,0,0,150,0,0,0,0,1,0,3,229,5,5,7,0,0,0,1,1,0,0,225,0,10,13,0,0,8,1,9,10,0,150,72,0,0,0,0,0,0,28,30,7,62,26,97,0,0,0,0,2,28,0,13,181,26,0,0,0,0,0,11,0,23,24,192
0,180,0,70,0,0,0,0,0,0,2,74,71,91,9,1,2,0,0,0,0,91,16,13,81,41,8,0,0,0,0,5,1,117,8,0,96,17,0,6,0,27,11,9,18,42,6,137,0,0,0,4,45,0,14,22,0,64,100,1,0,3,4,38,51,3,64,85,0,2,0,0,2,0,37,26,15,77,38,55,0,0,0,0,6,98,0,35,48,63,0,0,0,0,0,23,0,55,126,46
250,0,0,0,0,0,0,0,0,0,0,187,15,45,2,0,0,1,0,0,0,2,229,2,15,1,1,0,0,0,0,0,0,107,0,0,143,0,0,0,0,0,0,2,230,4,3,11,0,0,0,1,2,0,0,244,0,0,3,0,0,3,1,8,13,1,168,56,0,0,0,0,0,0,20,33,4,78,30,85,0,0,0,0,1,31,0,9,186,23,0,0,0,0,0,11,0,16,20,203
0,196,0,54,0,0,0,0,0,0,1,57,66,114,11,0,1,0,0,0,0,94,19,10,78,46,3,0,0,0,0,0,0,127,1,0,107,14,0,1,0,23,6,8,17,47,4,145,0,0,0,2,58,0,11,6,0,68,105,0,0,4,4,42,34,0,64,98,0,4,0,0,3,0,37,39,12,66,33,60,0,0,0,0,5,109,0,30,50,56,0,0,0,0,0,14,0,75,126,35
250,0,0,0,0,0,0,0,0,0,0,194,14,39,3,0,0,0,0,0,0,0,234,6,8,1,1,0,0,0,0,0,0,110,0,0,140,0,0,0,0,2,0,1,239,1,1,6,0,0,0,0,1,0,0,243,0,5,1,0,0,1,0,6,9,0,167,67,0,0,0,0,0,0,22,28,5,73,29,93,0,0,0,0,1,21,0,5,212,11,0,0,0,0,0,7,0,14,17,212
0,195,0,55,0,0,0,0,0,0,1,53,84,106,6,0,0,0,0,0,0,85,13,14,94,43,1,0,0,0,0,0,0,128,2,0,110,10,0,0,0,12,5,15,11,54,7,146,0,0,0,2,48,0,18,7,0,71,103,1,0,3,0,28,47,2,66,101,0,3,0,0,0,0,44,35,17,68,32,54,0,0,0,0,11,104,0,29,30,76,0,0,0,0,0,16,0,74,133,27
19,1,1,3,0,1,0,0,1,1,4,2,7,7,2,3,0,2,0,0,0,5,13,0,3,1,0,5,0,0,4,1,2,8,2,1,5,3,1,0,0,2,5,1,4,3,5,6,1,0,2,3,0,0,1,10,2,2,5,2,0,3,2,6,2,0,9,3,1,1,2,0,2,1,2,5,3,4,2,6,1,1,2,2,1,4,0,1,10,5,0,2,3,1,2,2,4,5,0,8
3,9,1,11,1,1,0,0,1,0,0,6,2,3,5,5,1,2,1,2,1,6,2,2,5,6,0,2,1,2,3,5,1,6,5,0,2,1,1,3,1,4,2,2,5,3,4,2,2,2,0,1,4,2,2,6,2,2,6,2,2,1,1,7,4,1,4,4,1,2,0,1,3,0,5,2,2,8,3,3,0,1,0,2,1,8,1,3,6,5,1,1,3,1,2,3,4,3,3,6
214,17,1,10,2,2,3,0,0,1,23,54,47,46,46,23,4,3,2,2,0,30,134,8,40,18,7,11,2,0,29,11,12,123,31,0,22,17,3,2,0,20,31,19,69,17,52,36,2,4,7,14,15,1,7,117,17,13,42,17,0,21,8,67,9,0,117,12,9,7,2,6,9,7,43,27,24,53,27,52,4,0,9,1,8,23,0,7,130,68,0,4,10,2,2,12,49,59,15,97
18,70,5,143,6,3,3,0,2,0,11,48,38,41,45,32,9,7,11,8,1,68,56,8,32,61,11,8,4,1,36,27,14,43,40,12,51,19,4,4,2,17,28,30,41,34,39,43,8,8,1,12,28,10,25,52,9,33,66,14,6,26,8,74,24,3,57,22,6,24,4,6,10,17,44,25,25,54,30,35,2,4,6,0,15,67,3,25,67,61,1,4,7,2,12,16,44,65,32,67
235,8,0,5,2,0,0,0,0,0,14,62,47,36,58,26,1,2,1,3,0,38,161,2,23,13,8,3,2,0,20,9,9,151,24,0,25,9,2,1,0,17,25,16,84,15,63,29,1,0,1,3,9,2,13,136,16,15,50,5,0,3,5,53,7,0,163,8,5,6,1,5,10,6,37,21,25,75,18,52,1,0,4,0,3,30,0,6,150,56,0,1,4,0,2,12,49,58,15,109
11,67,2,164,4,0,2,0,0,0,8,43,55,36,56,31,6,9,3,3,0,67,61,7,41,62,4,7,1,0,40,31,9,54,39,2,57,14,3,1,0,15,32,34,54,19,41,44,3,8,1,5,32,5,17,56,12,37,74,11,1,22,3,103,24,0,49,33,4,11,1,2,12,10,54,25,18,67,19,42,0,2,1,0,16,76,0,23,64,68,0,1,4,0,6,11,39,83,32,74
244,5,0,1,0,0,0,0,0,0,10,56,52,50,54,23,2,2,0,1,0,21,207,0,14,6,1,1,0,0,8,8,4,173,22,3,19,11,1,1,0,8,29,8,103,17,53,31,1,0,0,11,4,0,7,148,8,19,48,5,0,8,3,56,5,0,164,8,1,5,1,2,8,4,43,24,18,82,15,53,0,0,1,0,7,16,0,5,163,58,0,0,3,0,0,2,49,59,5,132
3,106,0,141,0,0,0,0,0,0,7,62,43,41,56,29,7,4,1,0,0,79,36,2,42,86,0,4,1,0,34,18,4,40,52,1,85,14,1,1,0,8,29,27,55,18,51,54,5,3,0,1,35,2,24,58,5,26,89,10,1,12,2,99,30,0,55,26,2,23,0,3,6,6,37,21,19,73,30,55,0,0,1,0,11,85,1,17,58,77,0,0,4,0,4,11,44,97,29,61
250,0,0,0,0,0,0,0,0,0,7,54,46,48,72,23,0,0,0,0,0,14,224,2,7,3,0,0,0,0,5,4,2,186,25,1,17,10,0,0,0,4,28,11,99,5,73,30,0,0,0,7,8,1,5,182,6,10,25,6,0,2,1,71,3,0,168,3,1,1,0,0,3,3,47,21,18,89,18,51,0,0,0,0,3,24,0,0,170,53,0,0,2,0,0,3,31,60,4,150
0,89,0,161,0,0,0,0,0,0,4,52,46,36,69,32,6,4,1,0,0,108,21,0,44,76,0,1,0,0,36,25,4,34,51,2,94,4,0,0,0,8,29,27,68,13,36,67,0,2,0,3,38,1,20,35,4,32,112,5,0,16,3,109,22,0,66,21,1,12,0,2,5,5,58,19,14,86,19,42,0,0,0,0,6,81,0,13,65,85,0,0,0,0,4,9,40,107,33,57
249,1,0,0,0,0,0,0,0,0,2,56,49,46,78,19,0,0,0,0,0,13,226,0,9,2,0,0,0,0,4,1,1,218,16,1,4,5,0,0,0,4,15,11,128,8,59,25,0,0,0,3,5,0,6,171,7,23,34,1,0,3,1,56,3,0,183,3,0,1,0,0,2,2,49,23,18,115,8,33,0,0,0,0,1,11,0,4,193,41,0,1,0,0,0,3,36,58,4,148
0,76,0,174,0,0,0,0,0,0,5,47,63,33,67,32,1,2,0,0,0,119,22,2,33,72,1,1,0,0,43,28,3,14,71,1,84,5,1,0,0,3,25,27,54,14,62,63,1,1,0,1,28,0,16,53,5,41,101,5,0,11,0,133,23,0,56,21,0,6,0,3,6,4,60,14,16,71,23,53,0,0,0,0,3,82,0,5,53,107,0,0,0,0,0,3,46,122,17,62
250,0,0,0,0,0,0,0,0,0,2,76,42,44,63,23,0,0,0,0,0,7,237,0,5,1,0,0,0,0,2,2,1,221,16,0,5,3,0,0,0,1,9,5,148,5,62,20,0,0,0,0,2,0,3,203,2,24,15,1,0,1,0,63,1,0,183,2,0,0,0,0,0,1,48,16,9,118,17,41,0,0,0,0,0,11,0,2,206,31,0,0,1,0,0,0,35,63,3,148
0,83,0,167,0,0,0,0,0,0,1,51,60,34,69,34,1,0,0,0,0,109,10,0,41,88,0,2,0,0,32,18,2,14,70,0,111,3,0,0,0,2,31,18,63,15,57,64,0,0,0,2,27,0,16,29,7,36,129,4,0,9,0,125,22,0,59,21,1,13,0,0,2,0,77,16,10,83,16,46,0,0,0,0,3,88,0,7,41,111,0,0,0,0,0,3,41,121,12,73
250,0,0,0,0,0,0,0,0,0,2,74,49,40,71,14,0,0,0,0,0,3,239,0,6,2,0,0,0,0,1,2,0,230,8,0,8,1,0,0,0,1,5,4,145,3,69,23,0,0,0,0,2,0,7,207,0,14,20,0,0,0,0,49,1,0,200,0,0,0,0,0,0,1,60,11,6,129,4,39,0,0,0,0,1,3,0,0,214,32,0,0,0,0,0,0,27,60,1,162
0,72,0,178,0,0,0,0,0,0,3,54,52,41,75,24,0,1,0,0,0,116,10,0,39,84,0,1,0,0,32,13,0,15,63,0,123,4,0,0,0,5,30,18,68,10,70,49,0,0,0,1,17,0,14,31,3,31,149,4,0,2,0,142,28,0,49,21,0,8,0,0,3,0,67,15,11,85,16,53,0,0,0,0,1,85,0,6,33,125,0,0,0,0,0,5,36,124,12,73
250,0,0,0,0,0,0,0,0,0,0,63,44,42,89,12,0,0,0,0,0,1,247,0,2,0,0,0,0,0,0,0,0,225,19,0,5,1,0,0,0,2,13,4,157,2,52,20,0,0,0,0,1,0,2,221,0,14,12,0,0,0,0,35,0,0,215,0,0,0,0,0,1,0,56,9,6,125,9,44,0,0,0,0,0,6,0,0,222,22,0,0,0,0,0,0,26,46,1,177
0,67,0,183,0,0,0,0,0,0,0,53,48,43,81,25,0,0,0,0,0,127,3,0,43,77,0,0,0,0,33,17,0,19,58,0,119,4,0,0,0,6,39,7,65,10,60,63,0,0,0,0,22,0,17,24,0,29,157,1,0,3,0,179,18,0,32,15,0,3,0,0,3,0,74,11,15,99,3,45,0,0,0,0,0,90,0,11,25,124,0,0,0,0,0,3,30,150,10,57
250,0,0,0,0,0,0,0,0,0,0,72,46,38,82,12,0,0,0,0,0,2,247,0,1,0,0,0,0,0,0,0,0,236,10,0,2,2,0,0,0,0,5,3,151,2,63,26,0,0,0,0,1,0,3,236,0,6,4,0,0,0,0,29,1,0,220,0,0,0,0,0,1,0,36,12,2,155,4,40,0,0,0,0,0,5,0,1,214,30,0,0,0,0,0,0,24,46,0,180
0,60,0,190,0,0,0,0,0,0,0,56,45,38,79,32,0,0,0,0,0,124,3,0,50,73,0,0,0,0,33,11,0,9,55,0,140,2,0,0,0,2,19,5,78,7,75,64,0,0,0,0,24,0,19,11,1,19,175,1,0,1,0,182,13,0,29,19,0,6,0,0,0,0,93,6,10,75,8,58,0,0,0,0,1,87,0,3,35,124,0,0,0,0,0,1,38,150,12,49
19,3,0,1,1,1,1,0,1,0,3,9,3,4,2,2,3,0,1,0,1,5,12,1,5,2,0,1,0,0,4,0,1,11,0,0,5,3,2,1,1,1,2,2,3,8,2,5,1,2,0,3,3,1,2,11,0,4,3,0,0,3,0,5,2,1,7,2,3,4,0,1,2,0,4,7,3,3,2,5,0,3,2,0,3,6,2,1,6,4,0,0,1,1,1,1,4,7,5,7
3,7,1,10,0,1,1,3,1,0,2,6,5,6,1,2,2,1,1,1,1,6,7,0,3,6,2,2,0,0,4,4,2,4,3,1,7,1,0,1,1,1,1,3,2,4,2,6,3,4,1,0,5,0,4,7,0,3,3,4,0,3,2,3,7,2,2,4,0,4,1,1,4,1,2,5,5,3,3,2,0,1,3,0,1,8,1,4,6,3,0,2,1,1,4,0,4,2,4,9
209,10,0,17,2,1,5,0,6,0,26,122,25,36,16,10,9,5,1,0,0,13,196,1,27,10,2,1,0,0,32,4,6,134,2,0,59,3,5,5,2,1,6,11,54,57,12,73,2,32,1,13,42,4,23,101,0,32,30,4,0,22,7,47,18,1,63,29,18,45,0,3,21,0,36,41,56,31,9,53,0,2,16,0,13,72,8,7,99,33,0,3,8,4,6,14,33,47,24,111
22,76,1,128,0,9,8,3,0,3,26,65,56,42,14,22,20,3,2,0,1,97,47,9,51,37,2,5,1,0,25,30,4,66,16,3,86,11,4,5,5,4,8,10,53,36,13,70,22,29,1,8,49,5,46,58,0,29,40,14,0,21,12,36,27,5,41,57,16,35,1,3,36,0,36,28,45,61,17,23,0,11,22,4,21,62,5,24,49,52,0,1,5,10,29,20,36,47,40,62
232,3,0,14,0,0,0,1,0,0,19,162,16,27,8,7,9,2,0,0,0,7,220,2,18,2,0,1,0,0,15,0,3,170,1,0,55,3,0,3,1,2,2,4,36,62,6,105,0,32,0,6,36,1,31,136,0,20,16,4,0,11,4,53,11,0,77,32,18,44,0,2,20,0,27,34,62,41,6,58,0,3,11,0,7,93,2,9,98,27,0,0,4,4,7,14,32,51,9,129
12,95,0,134,2,1,3,1,2,0,23,56,69,46,26,12,14,0,4,0,0,110,29,2,55,46,3,5,0,0,24,33,2,59,9,0,112,4,3,4,1,1,4,3,77,30,10,84,17,23,0,12,51,0,41,57,0,33,48,8,0,14,6,34,34,4,50,54,6,48,0,2,25,0,41,26,49,58,16,33,0,3,22,0,21,66,6,24,71,37,0,0,4,5,21,22,36,56,43,63
238,1,0,10,0,0,0,0,1,0,19,178,13,22,4,10,4,0,0,0,0,4,234,0,10,2,0,0,0,0,9,1,0,180,0,0,58,1,0,1,0,1,0,6,56,32,7,120,1,27,0,3,40,0,26,146,0,24,8,3,0,7,8,54,20,0,82,34,10,35,0,0,15,0,31,34,74,38,5,53,0,0,7,1,3,95,2,8,103,31,0,1,1,2,7,13,31,46,6,143
8,89,0,148,1,1,3,0,0,0,26,45,69,49,40,9,11,0,1,0,0,145,16,4,54,30,1,0,0,0,24,29,3,57,8,0,121,4,0,4,0,0,0,3,75,36,12,83,11,30,0,3,64,0,47,52,0,28,51,5,0,19,5,43,32,1,48,43,14,45,0,0,18,0,41,21,44,80,12,34,0,1,16,0,19,73,4,24,66,47,0,0,3,5,13,24,50,49,48,58
247,0,0,3,0,0,0,0,0,0,7,198,12,24,2,2,4,1,0,0,0,3,242,0,5,0,0,0,0,0,10,0,0,210,0,0,30,0,0,0,0,0,1,0,62,38,1,135,4,9,0,5,42,0,17,149,0,27,10,0,0,4,4,37,24,0,93,37,8,43,0,1,12,0,22,29,66,54,2,64,0,1,2,0,6,87,0,5,129,20,0,0,1,0,1,11,25,31,3,178
2,76,0,170,0,1,1,0,0,0,12,35,69,78,41,9,5,0,1,0,0,137,8,2,55,46,1,1,0,0,26,17,1,39,6,0,159,2,0,0,0,0,1,2,88,25,5,90,4,35,0,0,51,0,58,62,0,32,45,2,0,10,1,64,28,0,49,54,6,38,0,0,14,0,34,23,48,90,10,31,0,3,12,1,12,87,5,18,63,49,0,0,1,2,16,30,57,75,31,38
249,0,0,1,0,0,0,0,0,0,7,209,8,17,6,1,2,0,0,0,0,0,245,0,5,0,0,0,0,0,8,0,0,203,0,0,39,0,0,0,0,0,0,1,53,35,1,156,0,4,0,0,29,0,19,186,0,9,7,0,0,7,1,46,30,0,103,25,4,34,0,0,10,0,37,30,60,51,0,62,0,1,1,0,3,107,3,6,108,21,0,0,0,0,3,13,25,35,3,171
1,58,0,191,0,0,0,0,0,0,21,26,88,70,32,5,8,0,0,0,0,151,5,0,49,45,0,0,0,0,19,18,0,43,3,0,164,2,0,1,0,0,1,0,105,25,4,73,5,37,0,2,63,0,58,41,0,44,39,3,0,10,2,53,33,0,56,52,6,38,0,0,22,0,37,15,59,84,10,23,0,0,13,0,16,79,1,17,77,47,0,0,2,1,6,25,40,87,39,50
250,0,0,0,0,0,0,0,0,0,5,223,4,13,5,0,0,0,0,0,0,0,250,0,0,0,0,0,0,0,3,0,0,218,0,0,29,0,0,0,0,0,0,0,65,15,0,164,0,6,0,0,24,0,18,187,0,16,3,2,0,2,1,60,14,0,114,25,3,31,0,0,6,0,34,22,70,64,0,54,0,0,0,0,4,97,0,6,126,17,0,0,0,0,1,8,10,34,1,196
0,54,0,196,0,0,0,0,0,0,23,24,70,77,47,5,4,0,0,0,0,151,0,0,64,35,0,0,0,0,26,12,0,32,3,0,177,0,0,0,0,0,0,0,121,27,0,75,5,22,0,0,76,0,61,46,0,27,39,1,0,13,4,53,32,0,59,53,0,36,0,0,12,0,43,17,61,89,2,26,0,0,14,0,12,91,0,12,78,43,0,0,1,1,11,12,53,92,48,32
249,0,0,1,0,0,0,0,0,0,0,230,6,10,2,2,0,0,0,0,0,0,249,0,1,0,0,0,0,0,0,0,0,219,0,0,31,0,0,0,0,0,0,0,56,24,0,167,0,3,0,0,26,0,18,200,0,6,0,0,0,2,0,43,22,0,112,29,5,37,0,0,5,0,32,29,87,50,0,47,0,0,0,0,3,112,0,1,126,8,0,0,0,0,1,7,15,25,1,201
1,59,0,190,0,0,0,0,0,0,20,17,83,81,44,3,2,0,0,0,0,176,1,1,39,33,0,0,0,0,15,19,0,31,4,0,181,0,0,0,0,0,0,0,107,36,4,71,1,31,0,0,75,0,53,39,0,40,43,0,0,3,1,65,24,0,56,57,5,39,0,0,7,0,46,14,44,103,0,36,0,0,4,0,6,93,0,6,95,46,0,0,1,0,5,8,54,104,42,36
250,0,0,0,0,0,0,0,0,0,0,243,0,6,1,0,0,0,0,0,0,0,250,0,0,0,0,0,0,0,1,0,0,228,0,0,21,0,0,0,0,0,0,0,51,18,0,179,0,2,0,0,11,0,15,215,0,9,0,0,0,0,1,45,19,0,120,31,1,33,0,0,3,0,30,13,83,65,1,55,0,0,1,0,0,111,0,0,129,9,0,0,0,0,0,1,13,23,0,213
0,51,0,199,0,0,0,0,0,0,16,6,101,85,38,2,2,0,0,0,0,172,0,0,47,31,0,0,0,0,12,15,0,22,0,0,201,0,0,0,0,0,0,0,147,18,0,59,0,26,0,0,72,0,66,27,0,28,55,2,0,7,0,60,30,0,65,49,2,37,0,0,2,0,36,8,62,104,1,37,0,0,8,0,7,93,0,9,94,39,0,0,0,0,2,15,48,107,47,31
250,0,0,0,0,0,0,0,0,0,0,245,0,5,0,0,0,0,0,0,0,0,250,0,0,0,0,0,0,0,0,0,0,234,0,0,16,0,0,0,0,0,0,0,35,15,0,199,0,1,0,0,13,0,17,218,0,2,0,0,0,0,1,41,21,0,129,28,1,29,0,0,4,0,27,11,86,78,0,44,0,0,1,0,2,98,0,2,140,7,0,0,0,0,0,2,15,12,1,220
0,42,0,208,0,0,0,0,0,0,16,4,102,92,35,0,1,0,0,0,0,180,0,0,39,31,0,0,0,0,11,9,0,16,0,0,214,0,0,0,0,0,0,0,166,16,0,46,2,20,0,0,84,0,66,25,0,32,43,0,0,2,0,61,30,0,71,37,2,47,0,0,3,0,42,11,64,101,0,29,0,0,1,0,7,109,0,9,84,40,0,0,0,0,2,14,50,126,36,22
15,5,1,4,0,1,0,0,0,1,3,9,1,3,1,2,3,4,0,1,3,5,7,1,3,4,0,3,0,1,3,1,2,10,3,1,4,3,0,0,1,5,1,4,7,0,2,1,3,3,2,1,3,0,2,10,0,5,4,0,2,1,0,2,2,2,10,5,0,3,2,1,4,2,2,4,3,3,2,4,1,3,4,0,1,6,3,2,5,2,1,0,1,0,3,1,2,2,11,6
4,8,0,11,0,0,2,1,0,1,1,5,3,4,2,3,3,4,0,2,1,4,4,2,2,7,4,2,0,1,4,3,0,7,2,1,6,3,0,1,0,3,2,5,5,4,2,5,1,0,1,0,4,2,4,4,2,4,4,2,1,2,2,4,1,0,2,5,3,7,2,5,2,1,2,4,1,5,2,3,1,3,0,3,3,3,0,1,5,8,1,1,0,0,1,4,2,2,7,9
196,19,3,23,0,4,3,0,0,2,28,94,19,35,21,15,16,11,2,9,23,37,88,18,24,37,7,15,0,1,21,17,6,127,20,0,43,16,0,0,1,45,19,27,78,12,26,15,11,16,10,2,21,3,36,102,8,35,27,6,3,3,10,23,16,9,115,27,4,40,8,7,21,18,41,22,32,39,18,44,0,9,12,9,26,41,13,11,92,37,1,2,1,0,4,9,6,17,123,87
26,96,4,112,1,1,6,0,1,3,21,64,27,60,25,11,22,6,4,10,7,65,41,17,17,62,11,20,6,4,28,28,8,78,16,3,81,8,0,0,3,29,15,42,49,15,35,45,10,7,2,6,33,7,46,51,8,47,45,5,3,7,10,47,19,8,57,49,5,45,2,14,18,14,41,27,30,38,31,35,2,7,14,6,34,49,16,22,45,55,0,0,4,0,5,23,22,29,55,112
215,20,0,15,0,0,0,0,0,0,12,128,17,35,25,11,15,5,0,2,10,56,82,11,27,41,8,15,0,0,10,7,3,161,27,0,38,4,0,0,0,42,10,27,101,10,27,17,8,8,9,1,22,1,50,98,1,35,30,3,0,2,3,19,15,6,142,22,3,38,1,3,14,12,51,33,33,38,15,50,0,2,11,7,30,44,7,13,95,41,0,1,1,0,2,4,3,21,118,100
22,91,3,130,0,1,3,0,0,0,20,52,39,55,39,14,13,8,1,9,2,61,63,20,26,51,11,13,2,1,39,24,6,52,28,0,92,9,0,0,0,33,21,36,62,19,33,31,4,11,3,2,24,6,42,65,6,44,50,8,0,5,12,59,24,7,46,57,3,37,0,3,14,13,47,24,32,49,30,38,0,5,11,9,19,67,9,24,53,53,0,0,2,0,5,21,10,29,66,117
233,8,0,9,0,0,0,0,0,0,14,157,9,31,22,7,7,0,1,2,6,50,113,12,17,38,7,7,0,0,7,8,1,189,12,0,29,4,0,0,0,43,6,20,113,7,27,23,2,9,4,0,10,0,45,129,1,36,23,2,0,1,4,14,17,4,160,28,1,21,0,2,13,8,73,22,39,38,8,47,0,4,4,5,26,39,6,8,127,31,0,0,0,0,0,3,1,9,126,111
11,98,0,140,0,0,1,0,0,0,27,54,42,62,36,12,13,4,0,0,3,69,62,21,14,56,13,12,0,0,29,27,2,42,29,0,116,5,0,0,0,33,18,37,62,8,36,47,6,3,2,0,26,0,53,58,1,51,52,7,0,1,9,50,19,4,51,67,2,47,2,1,11,12,51,25,39,65,15,29,0,8,5,3,22,67,10,25,45,65,0,0,2,0,3,6,10,27,79,123
246,1,0,3,0,0,0,0,0,0,4,182,5,38,14,3,3,1,0,0,6,52,117,7,22,34,2,10,0,0,4,4,1,215,6,0,19,1,0,0,0,34,4,28,134,2,22,24,2,0,2,0,3,0,44,141,2,34,22,2,0,0,0,5,7,1,196,22,2,17,0,1,7,7,74,27,28,40,7,59,0,2,2,1,23,52,3,8,127,32,0,0,0,0,2,4,0,3,103,138
3,111,0,136,0,0,0,0,0,0,21,42,46,79,30,12,14,4,1,1,5,75,72,10,23,54,5,6,0,0,24,36,1,27,29,0,133,0,0,0,0,43,13,41,45,12,55,34,1,6,0,0,23,1,68,52,2,44,57,3,0,1,4,69,26,6,26,62,2,54,0,3,5,10,61,24,28,67,22,30,0,2,5,0,26,66,9,20,61,61,0,0,0,0,3,8,4,35,101,99
246,3,0,1,0,0,0,0,0,0,0,206,8,18,16,1,1,0,0,0,3,52,128,4,12,42,2,7,0,0,2,4,0,224,3,0,17,0,0,0,0,35,2,23,151,6,21,11,0,1,0,0,5,0,46,158,1,22,17,1,0,0,2,4,6,1,203,17,0,17,0,0,10,8,78,20,39,35,10,50,0,1,1,2,40,42,5,6,123,30,0,0,0,0,0,0,1,3,118,128
4,104,0,142,0,0,0,0,0,0,15,30,45,100,38,19,3,0,0,0,2,69,77,7,16,69,2,8,0,0,26,21,1,22,29,0,150,1,0,0,0,49,12,34,51,10,51,39,3,1,0,0,22,0,62,48,2,49,65,2,0,0,4,74,25,4,32,60,1,50,0,2,10,4,50,31,41,60,18,34,0,2,6,3,20,76,7,19,57,60,0,0,0,0,2,5,3,25,100,115
247,1,0,2,0,0,0,0,0,0,1,201,2,21,17,1,7,0,0,0,1,55,138,9,6,39,0,2,0,0,0,2,0,226,6,0,16,0,0,0,0,28,1,21,156,2,25,17,0,0,0,0,5,0,32,172,0,27,14,0,0,0,0,8,3,2,220,8,0,9,0,0,7,2,92,18,32,40,8,51,0,0,0,1,32,57,2,9,131,18,0,0,0,0,0,0,0,6,110,134
3,117,0,130,0,0,0,0,0,0,11,30,47,107,39,6,4,6,0,0,1,82,71,9,24,59,2,2,0,0,26,17,0,24,18,0,165,0,0,0,0,46,12,28,48,8,47,58,1,2,0,0,19,1,84,38,0,46,62,0,0,0,3,73,23,2,23,74,0,52,0,1,12,7,54,33,41,64,11,27,0,0,3,3,23,75,4,19,52,71,0,0,0,0,0,3,3,16,115,113
249,1,0,0,0,0,0,0,0,0,1,213,1,17,14,1,2,0,0,1,0,49,147,5,3,43,2,1,0,0,0,1,0,236,3,0,9,1,0,0,0,28,0,15,177,2,17,10,0,1,0,0,1,0,48,165,0,22,14,0,0,0,0,0,4,0,231,5,0,10,0,0,3,2,83,24,39,39,7,53,0,0,0,1,28,43,0,5,153,20,0,0,0,0,0,0,0,4,106,140
1,122,0,127,0,0,0,0,0,0,15,27,47,92,49,13,7,0,0,0,2,84,71,5,19,63,2,4,0,0,18,20,0,14,36,0,162,0,0,0,0,33,13,31,52,12,52,56,1,0,0,0,12,0,77,47,0,48,65,1,0,0,0,71,27,1,14,79,0,58,0,0,0,2,61,25,41,68,15,38,0,1,4,0,22,83,6,15,53,66,0,0,0,0,0,0,0,19,122,109
249,0,0,1,0,0,0,0,0,0,0,231,2,13,4,0,0,0,0,0,0,48,156,1,8,35,0,2,0,0,0,1,0,241,0,0,8,0,0,0,0,17,0,10,207,0,11,4,0,1,0,0,0,0,28,193,0,23,6,0,0,0,0,3,0,0,240,2,0,5,0,0,3,1,108,18,28,38,5,49,0,0,0,2,26,32,1,4,170,15,0,0,0,0,0,0,0,1,120,129
1,108,0,141,0,0,0,0,0,0,8,17,54,112,51,5,3,0,0,0,2,85,62,10,20,69,0,2,0,0,17,18,0,9,11,0,195,0,0,0,0,58,17,36,25,8,65,41,0,0,0,0,11,0,108,33,0,42,56,0,0,1,3,76,19,2,8,92,0,49,0,0,4,3,54,25,40,86,9,29,0,1,2,2,12,98,6,11,43,75,0,0,0,0,0,0,0,20,110,120
250,0,0,0,0,0,0,0,0,0,1,229,1,12,6,1,0,0,0,0,1,45,160,2,6,34,1,1,0,0,0,0,0,242,0,0,8,0,0,0,0,12,0,12,206,1,13,6,0,0,0,0,0,0,44,177,0,18,11,0,0,0,0,1,1,0,235,5,0,8,0,0,2,0,105,19,34,38,5,47,0,0,0,0,23,34,1,4,171,17,0,0,0,0,0,0,0,0,103,147
0,117,0,133,0,0,0,0,0,0,10,18,52,111,53,3,3,0,0,0,0,96,71,2,16,64,0,1,0,0,11,16,0,8,24,0,191,0,0,0,0,52,10,28,30,11,59,59,0,1,0,0,7,0,97,35,0,39,72,0,0,0,1,90,19,0,13,73,0,54,0,0,7,2,55,27,31,86,3,39,0,0,0,0,16,97,1,10,44,82,0,0,0,0,0,1,0,7,140,102
21,4,0,2,0,0,0,0,0,0,2,7,7,4,1,2,3,1,0,0,2,7,7,1,4,3,1,1,1,0,2,5,3,7,2,1,5,2,0,0,0,1,3,1,6,1,4,5,5,1,2,4,2,1,2,6,2,2,3,3,1,3,3,2,3,0,7,3,1,4,1,1,0,2,5,3,1,9,2,3,0,2,0,0,1,5,1,1,13,4,1,0,2,0,0,5,4,4,3,8
3,14,0,8,1,0,1,0,0,0,1,7,4,2,4,2,2,0,4,1,2,5,6,4,3,5,1,1,0,0,5,2,3,5,7,1,3,0,0,1,0,4,0,3,5,4,3,3,2,3,0,4,6,0,3,3,2,3,4,2,1,2,2,8,3,1,4,4,0,2,0,3,0,0,3,6,3,5,1,6,0,1,0,2,2,9,0,4,4,5,0,1,0,1,1,4,3,7,3,7
217,19,0,12,1,0,1,0,0,0,4,101,48,44,15,9,26,0,2,1,15,60,83,18,32,32,8,0,2,0,16,47,12,81,21,3,62,4,4,0,0,6,13,4,87,8,29,64,33,6,5,27,32,5,24,52,18,19,56,12,0,37,11,20,23,3,117,27,2,10,0,2,1,9,22,36,13,114,11,42,0,3,5,4,7,47,2,9,122,51,0,1,3,0,8,29,33,31,16,129
23,113,0,108,1,0,5,0,0,0,7,76,53,32,29,19,22,4,6,2,6,71,63,29,11,42,14,3,11,0,31,31,17,67,29,9,41,13,1,11,0,7,20,7,67,26,28,51,25,19,8,20,38,8,26,54,13,22,51,10,5,12,19,57,39,3,33,39,4,39,1,5,5,12,54,26,33,52,17,45,0,3,12,1,10,67,7,21,70,59,0,0,8,3,15,30,27,54,60,53
235,11,0,4,0,0,0,0,0,0,1,133,37,33,15,5,25,0,1,0,7,90,105,13,11,19,5,0,0,0,15,49,6,97,24,1,53,2,3,0,0,1,4,0,114,2,21,67,32,9,3,19,46,3,21,53,12,21,64,8,0,15,5,24,22,1,157,19,1,6,0,1,1,10,16,33,12,134,11,32,0,0,0,3,3,46,1,4,152,41,0,0,0,0,3,30,20,24,10,163
13,107,0,129,0,0,1,0,0,0,4,53,72,46,31,21,18,2,2,1,5,75,70,19,18,47,11,2,3,0,25,36,23,75,33,1,42,10,0,5,0,11,8,3,74,22,25,71,13,23,3,21,28,8,34,63,13,21,51,8,1,13,7,70,41,2,40,47,0,29,1,2,1,3,63,32,31,45,13,59,0,0,4,1,2,89,2,11,71,70,0,0,7,0,18,12,23,77,76,37
243,5,0,2,0,0,0,0,0,0,0,149,41,28,13,4,15,0,0,0,0,84,118,11,10,20,7,0,0,0,8,43,7,116,19,1,54,2,0,0,0,0,0,0,125,3,3,83,30,6,3,19,41,1,18,79,10,14,61,4,0,13,1,24,23,0,169,16,2,2,0,0,1,1,27,18,10,148,4,41,0,1,3,0,1,36,1,4,164,40,0,0,0,0,2,29,14,20,13,172
7,122,0,121,0,0,0,0,0,0,0,59,90,20,45,11,22,1,2,0,5,90,78,18,6,41,10,1,1,0,26,37,16,73,36,1,56,4,1,0,0,2,5,1,66,16,37,74,27,22,3,22,43,1,28,55,10,16,61,11,1,12,7,76,43,1,44,40,0,26,0,0,1,6,64,27,30,59,10,53,0,0,2,0,2,87,4,8,63,84,0,1,5,0,9,21,27,77,72,38
250,0,0,0,0,0,0,0,0,0,0,175,46,14,7,1,7,0,0,0,1,89,132,6,5,15,2,0,0,0,3,40,7,122,14,0,61,3,0,0,0,0,0,0,141,1,12,66,21,9,0,15,44,1,22,78,6,12,69,3,1,6,5,15,23,0,182,16,0,2,0,0,0,2,29,23,9,146,4,37,0,0,1,0,2,35,0,2,184,26,0,0,0,0,2,17,13,19,5,194
0,120,0,130,0,0,0,0,0,0,0,47,106,37,40,11,8,0,1,0,1,101,84,10,13,34,7,0,0,0,20,41,8,68,51,0,56,6,0,0,0,4,8,1,64,13,28,103,13,16,0,15,30,4,39,89,2,8,54,9,0,11,5,76,51,0,41,42,0,24,0,1,0,3,76,30,26,61,7,46,0,0,1,0,1,87,0,11,55,95,0,0,0,0,8,16,37,81,69,39
248,2,0,0,0,0,0,0,0,0,0,182,29,17,10,1,11,0,0,0,0,101,130,3,10,5,1,0,0,0,0,46,5,137,8,0,54,0,0,0,0,0,0,0,155,2,4,71,13,5,0,14,33,0,31,75,9,12,76,0,0,9,1,21,8,0,194,16,0,1,0,0,0,1,14,15,9,192,1,18,0,0,0,0,0,23,0,0,194,33,0,0,0,0,2,15,8,19,3,203
2,120,0,128,0,0,0,0,0,0,0,48,118,29,46,4,5,0,0,0,3,102,88,16,7,30,3,1,0,0,14,42,2,76,45,0,67,4,0,0,0,1,5,0,61,13,17,121,19,13,0,13,52,1,28,86,2,11,50,7,0,8,1,83,55,2,34,51,0,16,0,0,0,0,83,24,35,36,5,67,0,0,0,0,1,99,0,9,51,90,0,0,0,0,6,23,23,98,73,27
250,0,0,0,0,0,0,0,0,0,0,204,27,10,5,0,4,0,0,0,0,94,140,2,5,7,2,0,0,0,0,38,3,142,13,0,54,0,0,0,0,0,0,0,164,0,3,64,16,3,0,10,41,3,16,77,3,5,93,2,0,1,2,10,14,0,218,4,0,1,0,0,0,0,14,20,3,197,1,15,0,0,1,0,0,20,0,1,201,27,0,0,0,0,1,12,9,12,3,213
0,122,0,128,0,0,0,0,0,0,0,34,123,31,41,7,14,0,0,0,0,92,84,10,17,43,4,0,0,0,15,39,5,64,44,0,79,4,0,0,0,0,10,0,65,12,19,124,12,8,0,8,47,3,37,80,7,12,50,6,0,7,1,95,46,0,21,65,0,15,0,0,0,1,77,32,24,42,1,73,0,0,0,0,0,101,0,10,44,95,0,0,0,0,0,23,23,93,89,22
248,2,0,0,0,0,0,0,0,0,0,203,28,7,6,0,6,0,0,0,0,102,142,2,1,3,0,0,0,0,3,18,0,170,9,0,50,0,0,0,0,0,0,0,169,0,3,66,7,5,0,8,49,1,14,92,0,6,80,0,0,4,0,11,6,0,223,6,0,0,0,0,0,0,13,11,2,203,1,20,0,0,0,0,0,20,0,0,205,25,0,0,0,0,0,4,3,13,0,230
2,117,0,131,0,0,0,0,0,0,0,39,129,35,39,2,6,0,0,0,0,112,95,7,8,27,1,0,0,0,22,43,2,59,38,0,86,0,0,0,0,1,2,0,71,2,9,152,9,4,0,11,47,0,31,83,5,10,62,1,0,7,0,97,57,0,21,48,0,20,0,0,0,1,83,23,23,38,4,78,0,0,0,0,0,88,0,7,43,112,0,0,0,0,1,13,30,98,92,16
250,0,0,0,0,0,0,0,0,0,0,215,17,8,4,1,5,0,0,0,0,88,158,0,0,3,1,0,0,0,1,27,0,169,10,0,43,0,0,0,0,0,0,0,185,0,1,58,6,0,0,3,29,0,13,105,1,5,94,0,0,1,0,7,8,0,232,2,0,0,0,0,0,0,9,9,0,217,1,14,0,0,0,0,0,11,0,0,218,21,0,0,0,0,0,5,3,9,0,233
0,115,0,135,0,0,0,0,0,0,0,25,147,33,36,3,6,0,0,0,0,130,81,6,6,27,0,0,0,0,15,61,2,56,33,0,83,0,0,0,0,1,1,0,56,0,13,171,5,3,0,5,39,1,24,96,3,6,75,1,0,4,0,103,57,0,15,62,0,9,0,0,0,0,116,18,26,28,0,62,0,0,0,0,0,109,0,6,32,103,0,0,0,0,0,13,17,125,85,10
250,0,0,0,0,0,0,0,0,0,0,219,18,5,6,0,2,0,0,0,0,87,158,0,5,0,0,0,0,0,0,30,0,168,6,0,46,0,0,0,0,0,0,0,189,0,1,56,4,0,0,3,42,1,32,86,2,1,82,1,0,1,0,4,10,0,232,3,0,0,0,0,0,0,9,5,0,223,0,13,0,0,0,0,0,5,0,0,231,14,0,0,0,0,0,4,0,13,0,233
0,127,0,123,0,0,0,0,0,0,0,25,145,38,36,0,6,0,0,0,0,136,86,2,5,21,0,0,0,0,7,60,2,55,43,0,82,1,0,0,0,0,0,0,55,3,8,174,6,4,0,5,46,0,42,91,2,11,52,1,0,4,0,112,60,0,13,45,0,16,0,0,0,0,95,27,22,23,1,82,0,0,0,0,0,109,0,1,19,121,0,0,0,0,2,13,22,126,76,11
19,1,2,1,1,1,0,2,0,0,4,9,3,5,2,1,3,0,0,0,1,1,12,3,2,4,1,1,1,1,5,4,3,7,0,1,2,3,2,0,1,4,4,5,4,0,1,4,2,2,0,0,4,1,1,8,2,6,3,2,0,1,1,6,2,1,7,6,1,2,0,1,5,3,1,1,3,8,1,4,0,2,1,0,2,5,2,3,10,2,0,0,1,0,3,3,4,4,5,7
1,5,1,12,3,1,2,1,0,1,4,5,5,6,2,1,2,1,0,1,0,6,2,1,5,8,1,1,2,1,4,6,2,6,2,0,3,1,2,1,4,4,2,3,3,5,1,2,1,2,0,2,5,0,5,2,1,6,4,2,1,6,0,4,3,3,3,5,0,2,1,0,3,1,5,3,3,4,3,4,0,1,3,1,1,9,0,3,4,5,0,1,2,2,1,1,1,7,4,8
203,11,5,15,6,1,2,7,0,0,12,110,32,56,17,8,12,3,0,0,1,24,126,11,13,51,7,11,2,4,37,38,15,102,3,2,29,18,5,1,8,25,29,30,62,16,32,31,3,14,1,3,27,11,32,53,21,66,24,12,0,13,6,52,12,4,108,39,7,9,0,3,16,11,20,9,24,107,21,39,0,3,6,1,25,41,7,14,126,27,0,0,7,0,7,14,38,36,47,101
19,82,5,121,11,5,1,4,0,2,25,63,51,51,24,12,18,5,0,1,3,70,42,11,32,50,7,14,12,9,35,40,15,73,20,2,46,12,5,2,9,36,11,35,52,15,28,40,9,15,0,11,18,3,45,47,15,65,26,20,3,28,6,58,45,4,44,33,6,23,0,5,11,16,31,28,22,53,24,60,0,0,6,3,20,80,6,27,49,59,0,1,6,12,14,15,18,58,50,76
234,4,1,6,1,0,1,3,0,0,5,132,28,63,14,0,8,0,0,0,0,22,149,10,12,54,1,0,0,2,38,38,6,122,3,0,28,13,2,0,4,36,21,36,90,15,20,16,2,10,0,1,31,1,29,72,12,85,16,3,0,12,4,55,16,2,113,32,8,8,0,2,21,5,10,12,19,139,11,31,0,0,0,0,19,42,5,11,146,27,0,0,1,0,10,9,33,29,38,130
6,92,3,142,3,1,1,2,0,0,24,67,65,47,24,8,14,1,0,0,1,89,50,8,38,46,0,6,7,5,32,56,11,72,13,1,41,19,3,2,4,37,10,26,50,27,36,50,4,6,0,4,14,3,45,54,13,66,27,24,0,28,4,60,46,5,54,36,3,14,0,2,12,11,47,20,17,45,20,76,0,3,7,0,16,81,1,20,51,71,0,0,2,5,10,15,32,66,59,61
239,1,0,5,4,0,0,1,0,0,6,157,20,48,13,0,6,0,0,0,0,18,176,4,5,41,3,2,0,1,24,36,13,138,3,0,24,11,1,0,2,28,17,35,99,10,31,26,0,2,0,0,12,3,38,84,7,89,16,1,0,5,2,53,15,0,147,20,2,6,0,0,13,2,5,11,22,141,15,41,0,0,3,0,11,54,2,6,150,24,0,0,1,0,6,10,26,27,28,152
4,96,2,136,8,1,1,2,0,0,8,56,84,72,21,5,4,0,0,0,0,92,38,4,37,66,1,5,4,3,29,53,10,72,21,0,57,8,0,0,3,28,18,27,66,19,32,51,1,5,0,1,14,3,65,45,12,76,17,17,0,20,0,72,48,0,61,32,6,11,0,2,5,2,44,23,31,65,11,67,0,0,2,1,22,90,2,19,54,60,0,0,0,1,8,6,18,75,72,70
245,0,0,5,0,0,0,0,0,0,1,177,22,37,12,0,1,0,0,0,0,18,171,2,14,45,0,0,0,0,21,32,11,158,3,1,19,5,0,0,0,32,14,21,105,10,33,28,1,6,0,0,23,1,31,74,5,93,23,0,0,3,0,48,9,0,161,24,1,4,0,0,8,3,3,6,25,157,11,37,0,0,0,0,4,49,1,3,178,15,0,0,0,0,4,8,21,19,30,168
4,90,0,151,3,1,1,0,0,0,11,52,72,90,22,0,3,0,0,0,0,76,57,2,34,68,0,3,8,2,28,74,10,58,11,0,59,10,0,0,1,22,14,25,71,24,29,54,1,9,0,0,17,0,52,70,6,66,27,12,0,21,0,79,40,0,58,47,2,3,0,0,13,6,31,22,36,56,18,68,0,0,0,0,22,97,1,19,47,64,0,0,0,0,3,11,24,71,86,55
247,0,0,3,0,0,0,0,0,0,0,181,20,45,1,0,3,0,0,0,0,3,211,2,5,29,0,0,0,0,10,29,2,184,3,0,19,3,0,0,1,26,11,27,132,3,26,22,0,2,0,0,18,2,21,91,2,104,12,0,0,5,0,55,13,0,151,22,0,4,0,0,3,1,1,3,17,182,11,32,0,0,0,0,2,32,0,6,199,11,0,0,0,0,0,2,16,14,32,186
2,88,1,156,3,0,0,0,0,0,13,54,78,80,22,0,3,0,0,0,0,100,27,0,36,85,1,0,1,0,31,75,8,48,12,0,70,6,0,0,0,40,14,30,55,23,31,51,1,5,0,2,11,0,72,53,11,69,24,8,0,16,0,85,45,0,65,35,0,4,0,0,4,1,37,27,38,45,21,77,0,0,0,0,20,113,0,9,33,75,0,0,0,0,2,1,22,73,96,56
250,0,0,0,0,0,0,0,0,0,0,188,15,44,3,0,0,0,0,0,0,1,213,0,2,34,0,0,0,0,8,26,2,201,1,0,8,4,0,0,0,18,6,25,138,8,36,18,0,1,0,1,14,0,30,89,4,102,10,0,0,0,0,50,8,0,176,16,0,0,0,0,2,1,0,1,13,193,2,38,0,0,0,0,2,38,0,4,196,10,0,0,0,0,0,0,12,14,16,208
0,76,0,174,0,0,0,0,0,0,7,54,83,89,15,0,2,0,0,0,0,106,28,3,30,80,0,1,2,0,32,91,4,38,11,0,67,7,0,0,0,27,15,20,66,23,31,65,0,3,0,0,11,0,80,47,4,71,21,16,0,10,0,98,51,0,53,37,0,1,0,0,4,5,29,12,34,41,22,103,0,0,0,0,24,99,0,13,38,76,0,0,0,0,3,0,32,76,104,35
250,0,0,0,0,0,0,0,0,0,0,207,13,27,2,0,1,0,0,0,0,7,217,1,2,22,0,1,0,0,4,21,2,211,0,0,11,1,0,0,0,25,6,19,157,2,20,21,0,0,0,0,4,0,37,87,1,117,4,0,0,0,0,30,5,0,208,7,0,0,0,0,1,0,1,1,5,209,1,32,0,0,0,0,2,35,0,0,202,11,0,0,0,0,1,0,6,12,20,211
0,91,0,159,0,0,0,0,0,0,3,38,105,87,16,0,1,0,0,0,0,109,27,1,31,80,1,0,1,0,25,101,3,33,6,0,80,2,0,0,0,35,12,19,55,13,44,70,0,2,0,0,23,0,67,59,4,74,17,6,0,3,0,107,62,0,30,47,0,1,0,0,6,0,39,22,27,33,11,112,0,0,0,0,15,121,0,11,38,65,0,0,0,0,0,2,34,90,88,36
250,0,0,0,0,0,0,0,0,0,0,203,13,31,2,0,1,0,0,0,0,3,224,0,1,22,0,0,0,0,3,12,1,226,0,0,6,2,0,0,0,22,2,17,166,1,29,13,0,0,0,0,7,0,30,91,1,112,9,0,0,1,0,38,6,0,200,5,0,0,0,0,0,0,0,0,7,216,2,25,0,0,0,0,1,27,0,1,217,4,0,0,0,0,0,0,5,12,9,224
0,91,0,159,0,0,0,0,0,0,2,40,106,90,12,0,0,0,0,0,0,108,24,2,20,96,0,0,0,0,33,103,3,18,8,0,85,0,0,0,0,29,15,32,47,15,30,81,0,1,0,0,15,0,78,58,5,72,20,2,0,6,0,98,51,0,45,49,0,1,0,0,0,0,39,20,35,30,17,109,0,0,0,0,9,124,0,7,30,80,0,0,0,0,1,0,32,79,113,25
250,0,0,0,0,0,0,0,0,0,0,229,7,14,0,0,0,0,0,0,0,1,219,0,1,29,0,0,0,0,0,19,1,213,0,0,16,1,0,0,0,12,4,17,193,0,19,5,0,0,0,0,5,0,21,108,0,108,8,0,0,0,0,23,2,0,224,1,0,0,0,0,0,0,0,1,2,219,0,28,0,0,0,0,0,32,0,0,211,7,0,0,0,0,0,0,5,4,9,232
0,78,0,172,0,0,0,0,0,0,2,20,98,123,7,0,0,0,0,0,0,82,30,1,18,119,0,0,0,0,24,101,4,31,2,0,85,3,0,0,0,36,6,30,35,12,45,86,0,0,0,0,16,0,73,60,1,83,9,8,0,3,0,144,47,0,23,33,0,0,0,0,1,0,34,22,28,30,10,125,0,0,0,0,5,133,0,8,35,69,0,0,0,0,3,2,21,87,120,17
19,1,2,4,0,0,0,1,0,0,5,6,6,6,1,0,1,2,0,0,1,5,14,1,1,2,1,1,0,1,6,2,0,7,5,1,3,1,1,1,0,3,3,2,5,3,0,9,1,1,1,2,1,0,3,5,1,7,4,3,0,4,2,2,5,0,10,2,0,2,0,1,0,1,4,4,4,7,2,4,2,2,2,2,2,3,1,2,6,5,0,0,1,1,1,2,3,7,2,10
1,10,0,10,2,2,1,0,1,0,2,8,3,4,2,1,4,2,0,1,2,7,2,2,1,7,4,1,1,0,2,5,4,5,2,0,3,4,0,2,0,1,5,1,6,4,3,3,2,2,0,3,1,0,3,5,2,4,6,3,0,1,1,7,2,2,2,8,1,3,0,1,3,2,3,3,2,5,4,4,0,4,1,1,1,4,2,6,5,3,0,1,1,1,2,5,1,6,4,6
190,14,5,33,5,1,1,0,1,0,18,84,43,72,21,0,8,4,0,0,0,38,154,7,18,16,7,3,0,7,37,22,9,93,26,0,45,7,6,5,0,10,60,13,64,18,1,72,7,5,0,7,6,0,28,68,4,42,78,17,0,19,10,42,24,1,121,18,1,14,0,0,0,4,39,11,30,96,9,61,5,16,3,12,22,25,13,19,79,56,0,1,0,6,2,23,15,45,22,136
31,95,4,102,5,4,3,5,1,0,16,80,39,63,31,1,16,3,0,1,2,82,45,8,33,55,11,8,5,1,29,49,14,52,28,4,45,20,3,6,1,10,34,8,78,32,7,52,20,8,2,11,14,0,23,83,7,35,50,25,1,16,14,58,20,7,47,58,1,28,0,7,10,12,40,15,31,64,25,46,3,15,3,9,19,48,21,40,53,39,0,3,6,1,15,23,29,52,67,54
220,5,2,18,5,0,0,0,0,0,9,113,33,74,19,0,1,1,0,0,0,32,167,8,19,15,5,2,0,2,36,23,9,103,25,1,42,7,3,1,0,7,48,11,80,18,1,83,1,1,0,2,8,0,28,78,1,29,94,10,0,20,14,30,20,1,135,23,0,7,0,0,0,3,19,6,31,136,4,51,3,10,3,13,19,26,9,19,92,56,0,0,0,0,3,19,7,38,15,168
20,110,0,114,3,3,0,0,0,0,17,61,42,72,35,1,18,4,0,0,0,91,45,7,32,50,16,6,0,3,19,49,12,58,30,2,56,17,2,5,0,10,40,8,90,20,7,50,18,7,0,9,5,0,16,113,4,49,45,9,0,14,6,71,33,3,49,54,2,18,0,3,4,4,64,11,34,62,6,62,1,13,3,8,20,55,20,40,51,39,0,0,4,1,8,14,25,64,88,46
236,5,0,9,0,0,0,0,0,0,8,119,29,80,12,0,2,0,0,0,0,29,187,2,17,11,4,0,0,0,21,23,4,136,20,1,41,4,0,0,0,5,48,3,87,17,1,84,3,2,0,3,1,0,18,98,0,22,105,3,0,11,6,27,17,0,172,12,0,5,0,0,0,2,18,6,24,146,0,54,0,3,1,8,13,20,9,12,119,65,0,0,0,0,2,12,7,31,12,186
13,118,0,119,0,0,0,0,0,0,11,84,40,80,25,0,8,2,0,0,0,113,46,3,31,46,6,5,0,0,22,42,10,55,27,0,77,11,2,4,0,8,35,6,101,23,0,64,9,4,0,5,8,0,24,104,2,36,52,19,0,7,2,91,23,2,40,64,1,20,0,0,0,3,63,11,29,78,5,61,0,9,1,2,21,56,15,43,48,55,0,0,1,0,3,22,24,89,76,35
231,4,0,15,0,0,0,0,0,0,5,147,19,64,12,0,3,0,0,0,0,15,217,1,10,5,1,0,0,1,13,20,1,144,30,0,40,2,0,0,0,5,45,3,102,9,0,81,4,1,0,3,0,0,17,104,0,32,90,4,0,9,1,24,13,0,181,21,0,1,0,0,0,0,18,4,22,157,0,49,0,6,2,2,14,18,6,23,122,57,0,0,0,0,1,9,6,27,1,206
14,95,0,140,1,0,0,0,0,0,6,61,48,112,21,0,2,0,0,0,0,130,26,5,22,62,3,2,0,0,36,44,4,70,23,0,67,6,0,0,0,6,28,6,98,34,1,69,6,2,0,1,1,0,27,104,1,29,71,16,0,4,6,81,31,0,46,66,0,16,0,0,0,0,75,3,29,75,4,64,0,4,0,1,18,62,14,38,62,51,0,0,0,1,9,13,20,84,103,20
246,3,0,1,0,0,0,0,0,0,1,133,29,68,18,0,1,0,0,0,0,11,224,1,8,6,0,0,0,0,14,24,2,158,21,0,28,3,0,0,0,0,31,1,127,16,0,74,1,0,0,0,1,0,13,110,0,29,95,2,0,4,1,13,11,0,205,15,0,1,0,0,0,0,14,4,20,174,2,36,0,1,0,1,16,13,2,16,130,71,0,0,0,0,0,5,2,24,4,215
4,118,0,128,0,0,0,0,0,0,3,79,48,97,20,0,3,0,0,0,0,129,21,2,28,65,4,0,1,0,26,51,4,61,27,0,78,3,0,0,0,2,30,2,94,24,1,90,6,1,0,1,1,0,16,108,0,29,83,12,0,5,4,110,23,0,27,62,0,19,0,0,0,0,64,3,37,57,7,82,0,1,0,1,24,55,13,40,54,62,0,0,0,0,2,4,17,108,94,25
245,2,0,3,0,0,0,0,0,0,0,153,13,77,7,0,0,0,0,0,0,11,231,0,5,2,1,0,0,0,7,13,3,176,21,0,28,2,0,0,0,0,30,0,124,5,0,91,0,0,0,0,0,0,5,132,0,25,87,1,0,2,3,20,8,0,211,6,0,0,0,0,0,0,18,0,10,196,0,26,0,2,0,1,14,9,3,11,136,74,0,0,0,0,0,5,1,22,3,219
4,114,0,132,0,0,0,0,0,0,2,78,46,108,15,0,1,0,0,0,0,150,17,1,19,61,2,0,0,0,28,43,3,45,38,0,85,6,1,1,0,2,31,8,100,24,0,83,1,1,0,0,2,0,29,99,0,31,81,8,0,7,2,127,18,0,28,57,0,11,0,0,0,0,86,0,43,44,5,72,0,1,0,0,16,64,10,45,56,58,0,0,0,0,4,14,11,100,98,23
247,1,0,2,0,0,0,0,0,0,0,162,14,65,9,0,0,0,0,0,0,14,229,1,4,1,1,0,0,0,6,13,0,199,13,0,19,0,0,0,0,0,24,0,136,10,0,79,1,0,0,0,0,0,10,126,0,20,93,1,0,2,0,13,7,0,220,8,0,0,0,0,0,0,5,0,11,200,0,34,0,1,0,2,5,5,2,14,144,77,0,0,0,0,1,4,1,11,3,230
2,88,0,160,0,0,0,0,0,0,1,64,36,130,19,0,0,0,0,0,0,149,17,1,19,61,2,1,0,0,22,64,6,35,28,0,93,1,0,1,0,2,38,2,91,17,0,99,1,0,0,0,1,0,10,106,0,30,95,8,0,6,1,124,22,0,20,70,0,7,0,0,0,0,77,4,28,48,2,91,0,1,0,1,18,48,9,45,47,81,0,0,0,0,1,8,9,117,101,14
247,0,0,3,0,0,0,0,0,0,0,161,8,77,4,0,0,0,0,0,0,9,239,0,1,1,0,0,0,0,3,19,1,193,21,0,13,0,0,0,0,0,19,0,159,6,0,65,1,0,0,0,0,0,5,142,0,5,98,0,0,2,0,19,5,0,219,5,0,0,0,0,0,0,6,0,8,214,0,22,0,0,0,0,3,5,1,16,149,76,0,0,0,0,0,1,0,7,1,241
3,108,0,139,0,0,0,0,0,0,0,74,46,118,11,0,1,0,0,0,0,166,10,0,17,57,0,0,0,0,14,65,1,43,34,0,87,6,0,0,0,1,26,0,77,26,0,118,2,0,0,1,0,0,16,98,0,27,108,0,0,0,0,127,13,0,27,75,0,8,0,0,0,0,79,0,33,33,2,103,0,0,0,0,14,54,15,35,57,75,0,0,0,0,0,7,3,135,98,7
250,0,0,0,0,0,0,0,0,0,0,172,3,73,2,0,0,0,0,0,0,5,244,0,1,0,0,0,0,0,3,10,0,217,11,0,8,1,0,0,0,0,16,0,159,3,0,72,0,0,0,0,0,0,5,155,0,17,73,0,0,0,0,11,3,0,234,2,0,0,0,0,0,0,3,0,4,219,0,24,0,0,0,0,5,1,0,11,160,73,0,0,0,0,0,0,1,7,0,242
0,112,0,138,0,0,0,0,0,0,1,67,42,123,16,0,1,0,0,0,0,168,6,0,14,62,0,0,0,0,21,57,1,26,20,0,123,2,0,0,0,1,29,1,80,23,0,115,1,0,0,0,0,0,9,84,0,27,127,3,0,0,0,155,19,0,14,60,0,2,0,0,0,0,78,0,40,29,0,103,0,0,0,0,15,53,7,46,55,74,0,0,0,0,1,3,4,99,136,7
22,2,0,0,0,1,0,1,0,1,4,8,5,5,2,1,1,0,1,0,1,5,13,0,2,4,0,1,0,1,6,2,5,9,3,1,0,0,0,1,1,5,1,3,4,3,1,8,1,0,1,1,2,1,5,5,1,7,4,0,1,0,2,3,4,4,8,2,0,3,1,3,2,0,1,4,6,6,1,3,2,1,0,0,4,3,0,4,8,5,1,0,1,0,0,2,3,11,2,7
2,6,0,17,0,0,0,0,2,0,2,6,5,2,5,2,1,2,1,1,1,6,3,4,4,4,1,1,2,1,3,4,3,10,5,0,1,0,1,0,1,2,2,2,6,1,7,3,1,2,2,0,3,0,5,6,1,4,4,2,1,3,4,1,3,2,4,4,1,4,0,0,5,4,3,2,3,4,2,4,0,4,0,0,2,5,2,1,6,7,1,0,0,4,1,1,3,4,5,8
233,6,0,3,0,2,0,0,1,5,24,89,51,32,24,10,6,3,10,1,2,48,137,2,18,34,2,2,1,4,51,25,30,121,13,1,7,1,0,1,2,33,21,22,50,28,21,68,3,2,9,3,14,8,50,65,6,53,38,4,5,5,17,19,27,18,102,24,0,33,2,8,27,4,6,29,50,77,12,35,3,8,0,0,13,32,6,25,110,53,0,0,1,1,0,4,21,84,9,130
9,57,2,169,3,2,2,0,2,4,20,62,49,38,36,30,7,3,3,2,7,62,56,13,36,44,6,10,11,5,41,65,27,65,20,2,24,1,1,4,1,17,24,25,71,28,34,34,5,11,1,7,21,9,63,57,11,37,32,12,1,15,27,30,25,15,45,40,4,48,2,6,22,17,46,23,25,62,12,35,3,7,4,1,12,50,3,36,47,87,3,0,0,12,5,16,24,85,31,74
246,1,0,1,0,0,0,0,0,2,16,104,50,36,22,8,5,1,6,2,0,42,150,2,14,37,0,2,2,1,36,31,24,148,6,0,5,0,0,0,0,26,8,30,54,35,23,73,0,1,1,2,11,7,56,76,6,51,38,2,0,6,18,18,15,7,144,17,0,25,0,1,26,7,2,30,62,75,13,34,1,6,0,0,10,27,4,24,134,44,2,0,0,1,0,0,14,79,3,151
2,55,0,188,1,1,0,0,2,1,17,62,48,51,42,19,8,2,1,0,6,72,62,6,36,52,4,2,7,3,40,74,23,54,25,0,33,1,0,0,0,17,30,24,73,25,21,43,3,14,4,1,16,9,73,57,3,35,44,8,1,6,8,37,35,21,46,34,4,58,1,7,16,15,34,18,38,69,12,40,0,4,3,0,16,61,6,23,40,97,2,0,0,5,2,4,33,99,41,64
248,0,0,1,0,0,0,0,0,1,8,118,49,42,21,9,3,0,0,0,0,30,177,0,8,31,0,3,1,0,20,19,21,176,11,0,3,0,0,0,0,13,16,24,86,28,13,65,1,4,1,0,7,7,67,84,1,39,42,2,0,4,13,10,13,9,164,14,1,22,0,3,16,5,8,19,51,120,10,18,0,4,1,0,7,25,2,22,135,54,0,0,0,0,0,0,9,87,1,153
2,36,0,211,0,0,0,0,0,1,11,63,72,46,41,11,4,2,0,0,1,85,54,1,34,66,0,2,3,4,57,86,17,48,17,0,25,0,0,0,0,17,22,14,73,28,30,64,1,1,1,0,19,8,71,63,4,46,33,5,0,5,16,35,47,7,41,37,1,61,0,1,11,4,50,25,41,74,11,33,0,2,0,0,10,50,4,26,59,99,0,0,0,2,0,2,16,125,23,82
249,0,0,0,0,0,0,0,0,1,9,132,56,28,23,2,0,0,0,0,0,23,192,0,4,29,1,0,0,1,33,26,8,178,4,0,1,0,0,0,0,18,13,9,91,22,17,80,0,0,0,0,1,1,83,87,1,51,26,0,0,2,10,6,15,8,177,15,0,17,0,0,16,2,6,18,51,130,3,24,0,1,0,0,3,25,2,14,146,59,0,0,0,0,0,0,1,85,0,164
0,21,0,228,1,0,0,0,0,0,13,70,64,51,41,9,1,1,0,0,0,81,46,2,39,77,1,2,2,0,47,98,18,53,18,0,16,0,0,0,0,18,26,20,77,18,25,63,1,2,0,0,17,1,62,64,2,47,48,9,0,4,12,51,38,7,32,28,1,77,0,1,10,6,36,23,46,74,17,37,0,2,0,0,3,55,3,18,58,111,0,0,0,1,1,1,11,125,33,78
250,0,0,0,0,0,0,0,0,0,3,139,53,37,13,4,1,0,0,0,0,23,205,0,3,19,0,0,0,0,23,13,7,199,7,0,1,0,0,0,0,22,8,9,102,28,7,73,1,0,0,0,5,1,78,85,1,48,30,2,0,0,2,8,15,6,195,9,0,15,0,0,7,0,5,13,47,160,4,14,0,1,0,0,3,17,0,12,159,58,0,0,0,0,0,0,2,61,0,187
0,24,0,226,0,0,0,0,0,0,10,75,75,50,34,6,0,0,0,0,0,91,39,0,34,84,0,1,1,0,52,110,15,34,19,0,20,0,0,0,0,10,25,21,83,19,24,65,1,2,0,0,15,5,85,70,0,41,32,2,0,1,10,47,39,3,38,44,0,68,0,0,5,5,58,17,58,69,9,29,0,0,1,0,6,51,0,23,53,116,0,0,0,0,0,0,12,159,19,60
250,0,0,0,0,0,0,0,0,0,1,153,44,30,18,3,1,0,0,0,0,16,214,0,1,18,0,1,0,0,7,8,4,229,2,0,0,0,0,0,0,16,10,6,119,26,9,64,0,0,0,0,0,1,86,93,0,45,25,0,0,1,5,4,13,5,202,9,0,11,0,0,4,0,2,7,56,168,1,12,0,0,0,0,1,15,0,8,174,52,0,0,0,0,0,0,1,60,0,189
0,19,0,231,0,0,0,0,0,0,6,67,87,50,30,10,0,0,0,0,0,96,33,0,24,96,0,1,0,0,58,140,9,14,14,0,15,0,0,0,0,19,17,10,74,32,25,71,0,2,0,0,7,0,83,65,2,59,30,4,0,3,11,52,39,7,28,53,0,57,0,1,4,2,50,30,50,68,5,40,0,0,0,0,6,52,1,12,55,124,0,0,0,0,0,0,5,176,11,58
250,0,0,0,0,0,0,0,0,0,2,174,37,24,11,2,0,0,0,0,0,6,231,0,1,12,0,0,0,0,9,8,2,230,1,0,0,0,0,0,0,10,13,9,113,20,7,78,0,0,0,0,1,0,94,97,0,35,23,0,0,0,3,2,8,3,219,8,0,7,0,0,3,0,1,11,39,188,3,5,0,0,0,0,1,13,0,14,167,55,0,0,0,0,0,0,1,62,0,187
0,12,0,238,0,0,0,0,0,0,8,46,104,50,34,7,1,0,0,0,0,112,19,0,26,93,0,0,0,0,37,155,8,17,10,0,23,0,0,0,0,14,16,9,83,23,28,76,0,1,0,0,8,0,79,90,0,37,36,0,0,1,9,41,54,3,20,39,0,83,0,0,9,2,56,21,60,53,3,46,0,0,0,0,2,44,1,12,57,134,0,0,0,0,0,0,1,176,11,62
250,0,0,0,0,0,0,0,0,0,0,184,29,25,10,2,0,0,0,0,0,11,230,0,0,9,0,0,0,0,5,7,0,238,0,0,0,0,0,0,0,11,6,1,134,17,6,75,0,0,0,0,1,0,102,97,0,35,15,0,0,0,1,0,6,5,231,4,0,3,0,0,2,0,2,4,33,200,1,8,0,0,0,0,1,5,0,9,183,52,0,0,0,0,0,0,0,59,0,191
0,10,0,240,0,0,0,0,0,0,5,50,104,56,33,2,0,0,0,0,0,116,20,0,22,92,0,0,0,0,51,164,7,10,10,0,8,0,0,0,0,13,26,12,79,20,16,84,0,0,0,0,8,0,86,80,0,41,34,1,0,0,6,37,55,4,14,54,0,80,0,0,6,0,56,20,76,43,6,43,0,0,0,0,1,49,0,13,54,133,0,0,0,0,0,0,2,184,6,58
250,0,0,0,0,0,0,0,0,0,0,195,35,14,6,0,0,0,0,0,0,4,242,0,0,4,0,0,0,0,8,2,1,238,1,0,0,0,0,0,0,5,4,6,139,17,8,71,0,0,0,0,0,0,90,107,0,33,20,0,0,0,1,0,4,0,239,1,0,5,0,0,3,0,1,5,35,201,0,5,0,0,0,0,0,7,0,3,186,54,0,0,0,0,0,0,0,44,0,206
0,9,0,241,0,0,0,0,0,0,6,44,115,53,30,2,0,0,0,0,0,122,8,0,20,100,0,0,0,0,54,169,4,11,8,0,4,0,0,0,0,5,11,5,90,30,18,91,0,0,0,0,3,1,86,69,0,53,38,0,0,1,7,48,50,4,10,46,0,84,0,0,3,0,40,24,93,44,3,43,0,0,0,0,0,51,0,15,48,136,0,0,0,0,0,0,0,205,1,44
15,2,2,3,1,1,3,0,0,0,2,6,6,5,2,2,1,2,0,1,1,4,10,2,3,5,0,0,1,1,2,4,3,7,3,2,2,1,0,3,1,4,3,3,4,3,1,4,4,0,2,2,2,1,0,10,0,5,4,1,0,2,1,4,0,1,12,4,3,0,0,4,0,2,3,2,3,6,3,4,0,0,2,1,5,4,0,2,7,6,2,1,2,0,4,2,1,5,8,2
0,8,3,9,0,1,4,2,0,0,2,6,5,0,3,6,0,2,2,1,1,4,6,2,6,5,0,0,3,0,0,6,2,7,4,3,2,2,1,0,1,2,1,2,4,3,4,9,0,1,1,2,3,0,1,6,1,3,7,3,1,2,4,6,5,2,3,2,1,1,2,1,2,3,3,4,5,3,1,3,0,1,2,1,1,8,1,5,5,3,0,1,1,1,0,3,3,6,5,7
161,26,15,37,2,3,3,2,0,1,5,116,51,25,16,10,9,10,5,3,6,38,101,14,39,38,1,0,11,2,7,52,17,103,24,9,16,5,5,12,2,22,24,38,51,37,12,46,18,0,8,13,28,0,1,104,2,29,58,7,1,16,11,37,4,22,118,25,7,9,2,15,3,15,15,24,33,40,38,65,0,0,9,2,30,34,1,32,86,56,4,2,5,2,16,19,10,40,86,66
29,71,10,108,6,3,18,4,1,0,28,62,54,41,19,19,5,8,7,7,3,52,57,8,72,32,3,1,17,5,15,48,20,46,46,6,42,15,4,8,4,20,39,23,53,39,17,37,14,4,3,16,18,3,22,66,8,43,47,24,0,14,10,74,23,14,49,37,6,23,2,5,7,12,31,15,33,56,34,55,0,1,7,2,30,49,1,54,56,50,4,0,6,8,21,30,26,29,55,71
179,19,8,42,0,1,1,0,0,0,3,137,57,16,16,13,2,5,0,1,1,39,134,4,32,37,0,0,3,0,3,54,11,136,23,1,14,3,0,5,0,21,28,35,57,32,14,57,5,1,1,11,20,0,3,119,2,28,59,7,0,8,12,36,4,14,143,29,0,4,0,16,1,9,19,17,36,51,32,69,0,0,4,1,11,36,0,27,114,57,0,2,1,0,15,17,8,38,94,75
30,81,11,108,4,2,14,0,0,0,14,71,66,40,24,11,7,10,6,1,1,53,63,10,63,49,1,0,8,2,14,55,14,52,38,4,55,8,1,9,1,24,24,29,67,25,16,54,8,2,3,9,29,1,19,68,2,43,54,22,0,16,8,95,19,12,40,44,5,11,0,7,2,19,29,15,36,54,30,58,0,0,1,2,23,55,0,55,49,65,0,2,3,3,17,33,27,27,57,81
195,19,3,31,0,1,1,0,0,0,0,169,50,18,7,4,0,2,0,0,0,34,147,5,37,24,0,0,3,0,0,58,6,143,30,1,6,1,0,5,0,13,26,23,92,27,10,57,2,0,2,2,17,0,3,152,1,17,53,3,0,5,8,24,1,9,167,30,2,4,0,9,0,10,20,7,25,54,29,96,0,0,2,0,16,29,0,21,108,74,0,0,1,0,8,13,1,36,102,89
32,77,12,122,0,1,6,0,0,0,17,55,76,40,40,11,4,4,2,1,0,69,60,8,55,48,1,0,7,2,8,63,13,44,45,4,62,3,5,3,0,16,31,24,67,36,8,61,6,1,0,10,23,0,20,62,1,39,79,16,0,5,12,99,33,6,38,39,5,13,0,5,0,7,34,11,38,67,40,48,0,0,1,0,17,71,1,52,65,43,0,0,3,0,15,30,18,31,73,80
207,10,0,32,0,0,0,1,0,0,0,189,44,6,2,2,1,2,2,2,0,32,155,1,32,30,0,0,0,0,0,48,11,163,20,0,6,1,0,1,0,16,23,27,91,38,2,52,1,0,0,3,13,0,0,171,1,14,46,2,0,4,5,27,3,8,170,30,0,3,0,3,0,7,17,6,35,62,25,95,0,0,0,0,14,26,0,15,140,55,0,0,0,0,7,14,4,27,96,102
27,90,4,119,1,0,8,1,0,0,14,43,101,44,23,10,6,6,3,0,0,70,61,4,65,45,1,0,4,0,4,80,15,47,52,2,46,2,1,1,1,20,31,10,81,28,9,64,5,1,0,8,27,0,14,62,0,33,100,6,0,6,10,105,28,9,37,42,1,12,0,4,0,12,29,12,41,72,28,52,0,0,0,0,10,66,0,46,62,66,0,0,0,0,14,16,10,33,83,94
214,9,1,25,0,0,1,0,0,0,0,200,37,6,2,3,0,2,0,0,0,32,160,2,29,27,0,0,0,0,0,42,3,183,18,0,2,0,1,1,0,7,19,22,112,28,1,61,0,0,0,2,3,0,0,196,0,12,37,0,0,2,2,25,3,3,193,18,0,4,0,3,0,2,14,7,35,51,28,110,0,0,0,0,17,15,0,23,130,65,0,0,0,0,3,3,5,26,113,100
23,67,2,154,0,0,4,0,0,0,10,40,119,40,25,12,2,2,0,0,0,70,66,2,68,40,0,0,4,0,1,79,7,39,50,0,70,3,0,1,0,8,19,20,77,47,3,76,0,0,0,3,34,0,16,44,0,38,106,9,0,9,5,129,22,4,31,39,1,10,0,2,1,3,30,7,35,84,39,49,0,0,0,0,12,56,0,54,57,71,0,0,0,2,10,19,9,35,76,99
222,4,2,22,0,0,0,0,0,0,0,223,25,1,1,0,0,0,0,0,0,27,183,0,23,17,0,0,0,0,0,40,1,182,25,0,2,0,0,0,0,9,19,20,128,17,0,56,1,0,0,0,9,0,0,190,0,8,43,0,0,1,1,10,3,5,213,17,0,0,0,3,0,2,10,1,30,70,29,105,0,0,0,0,7,17,0,17,161,48,0,0,0,0,5,6,2,15,121,101
20,74,2,152,0,0,2,0,0,0,8,26,131,46,28,5,5,1,0,0,0,80,58,2,67,42,0,0,1,0,2,98,7,46,37,0,58,2,0,0,0,11,20,21,73,38,1,85,0,1,0,4,21,0,10,52,0,51,106,6,0,6,3,140,23,3,23,45,0,7,0,1,0,1,27,11,31,85,35,59,0,0,0,0,11,77,0,42,46,74,0,0,0,0,9,17,7,30,82,105
233,3,0,14,0,0,0,0,0,0,0,221,25,4,0,0,0,0,0,0,0,26,196,0,22,6,0,0,0,0,0,37,2,195,16,0,0,0,0,0,0,6,14,16,136,20,1,57,0,0,0,0,3,0,0,206,0,9,32,0,0,0,0,12,2,2,222,11,0,1,0,0,0,1,11,4,25,75,18,116,0,0,0,0,7,17,0,8,163,55,0,0,0,0,4,1,0,21,138,86
16,75,0,159,0,0,0,0,0,0,6,26,143,48,21,2,4,0,0,0,0,66,43,0,87,54,0,0,0,0,1,116,4,32,53,1,40,3,0,0,0,7,12,24,75,38,2,92,0,0,0,2,23,0,8,36,0,41,134,6,0,2,4,141,26,1,18,53,1,4,0,1,0,3,24,6,29,99,35,53,0,0,0,0,7,80,0,37,57,69,0,0,0,0,7,20,4,28,69,122
237,2,0,11,0,0,0,0,0,0,0,232,17,0,1,0,0,0,0,0,0,26,186,0,30,8,0,0,0,0,0,43,0,190,15,0,2,0,0,0,0,6,14,16,140,13,2,59,0,0,0,0,5,0,0,212,0,3,30,0,0,0,1,8,1,3,222,14,0,1,0,0,0,0,5,3,23,77,11,131,0,0,0,0,10,13,0,24,167,36,0,0,0,0,4,1,1,20,123,101
12,71,1,166,0,0,0,0,0,0,1,17,180,28,23,1,0,0,0,0,0,69,55,0,79,46,0,0,1,0,0,118,4,42,40,0,45,1,0,0,0,11,18,17,84,35,3,82,0,0,0,0,30,0,8,34,0,44,132,2,0,0,0,154,27,2,18,46,0,3,0,0,0,3,18,5,34,100,33,57,0,0,0,0,6,82,0,40,38,84,0,0,0,0,7,11,5,34,81,112
237,0,0,13,0,0,0,0,0,0,0,229,21,0,0,0,0,0,0,0,0,15,206,0,20,9,0,0,0,0,0,37,1,201,11,0,0,0,0,0,0,0,8,7,158,22,0,55,0,0,0,0,3,0,0,217,0,1,29,0,0,0,1,12,1,0,227,9,0,0,0,0,0,0,9,2,25,93,6,115,0,0,0,0,4,11,0,9,190,36,0,0,0,0,1,2,1,15,125,106
13,69,0,168,0,0,0,0,0,0,5,20,172,33,19,1,0,0,0,0,0,87,39,0,78,46,0,0,0,0,0,130,3,34,40,0,43,0,0,0,0,3,20,10,66,32,2,117,0,0,0,0,18,0,7,33,0,38,153,1,0,0,1,167,12,0,20,49,0,1,0,1,0,2,19,4,45,84,35,60,0,0,0,0,8,100,0,26,37,79,0,0,0,0,3,9,0,22,94,122
